# # Wavelength(Angstrom)  Transmission
6.737500e+03 9.985310e-05
6.738000e+03 1.140790e-04
6.738500e+03 1.283040e-04
6.739000e+03 1.425290e-04
6.739500e+03 1.567530e-04
6.740000e+03 1.709760e-04
6.740500e+03 1.852030e-04
6.741000e+03 1.994300e-04
6.741500e+03 2.136570e-04
6.742000e+03 2.278840e-04
6.742500e+03 2.421100e-04
6.743000e+03 2.563370e-04
6.743500e+03 2.705640e-04
6.744000e+03 2.847920e-04
6.744500e+03 2.990180e-04
6.745000e+03 3.132450e-04
6.745500e+03 3.274710e-04
6.746000e+03 3.416980e-04
6.746500e+03 3.559250e-04
6.747000e+03 3.701510e-04
6.747500e+03 3.843780e-04
6.748000e+03 3.986060e-04
6.748500e+03 4.128320e-04
6.749000e+03 4.270580e-04
6.749500e+03 4.412840e-04
6.750000e+03 4.555110e-04
6.750500e+03 4.697600e-04
6.751000e+03 4.840110e-04
6.751500e+03 4.982630e-04
6.752000e+03 5.125160e-04
6.752500e+03 5.267700e-04
6.753000e+03 5.410250e-04
6.753500e+03 5.552830e-04
6.754000e+03 5.695420e-04
6.754500e+03 5.838010e-04
6.755000e+03 5.980610e-04
6.755500e+03 6.123240e-04
6.756000e+03 6.265880e-04
6.756500e+03 6.408530e-04
6.757000e+03 6.551190e-04
6.757500e+03 6.693870e-04
6.758000e+03 6.836570e-04
6.758500e+03 6.979270e-04
6.759000e+03 7.121990e-04
6.759500e+03 7.264720e-04
6.760000e+03 7.407460e-04
6.760500e+03 7.549430e-04
6.761000e+03 7.691380e-04
6.761500e+03 7.833300e-04
6.762000e+03 7.975190e-04
6.762500e+03 8.117090e-04
6.763000e+03 8.258960e-04
6.763500e+03 8.400820e-04
6.764000e+03 8.542660e-04
6.764500e+03 8.684480e-04
6.765000e+03 8.826280e-04
6.765500e+03 8.968080e-04
6.766000e+03 9.109850e-04
6.766500e+03 9.251610e-04
6.767000e+03 9.393350e-04
6.767500e+03 9.535070e-04
6.768000e+03 9.676770e-04
6.768500e+03 9.818450e-04
6.769000e+03 9.960120e-04
6.769500e+03 1.010180e-03
6.770000e+03 1.024340e-03
6.770500e+03 1.038580e-03
6.771000e+03 1.052830e-03
6.771500e+03 1.067070e-03
6.772000e+03 1.081320e-03
6.772500e+03 1.095570e-03
6.773000e+03 1.109810e-03
6.773500e+03 1.124060e-03
6.774000e+03 1.138300e-03
6.774500e+03 1.152550e-03
6.775000e+03 1.166800e-03
6.775500e+03 1.181050e-03
6.776000e+03 1.195300e-03
6.776500e+03 1.209550e-03
6.777000e+03 1.223800e-03
6.777500e+03 1.238050e-03
6.778000e+03 1.252300e-03
6.778500e+03 1.266550e-03
6.779000e+03 1.280810e-03
6.779500e+03 1.295060e-03
6.780000e+03 1.309310e-03
6.780500e+03 1.323560e-03
6.781000e+03 1.337810e-03
6.781500e+03 1.352050e-03
6.782000e+03 1.366300e-03
6.782500e+03 1.380550e-03
6.783000e+03 1.394790e-03
6.783500e+03 1.409040e-03
6.784000e+03 1.423290e-03
6.784500e+03 1.437540e-03
6.785000e+03 1.451790e-03
6.785500e+03 1.466040e-03
6.786000e+03 1.480290e-03
6.786500e+03 1.494540e-03
6.787000e+03 1.508790e-03
6.787500e+03 1.523040e-03
6.788000e+03 1.537290e-03
6.788500e+03 1.551540e-03
6.789000e+03 1.565790e-03
6.789500e+03 1.580040e-03
6.790000e+03 1.594290e-03
6.790500e+03 1.608510e-03
6.791000e+03 1.622720e-03
6.791500e+03 1.636930e-03
6.792000e+03 1.651130e-03
6.792500e+03 1.665340e-03
6.793000e+03 1.679550e-03
6.793500e+03 1.693760e-03
6.794000e+03 1.707960e-03
6.794500e+03 1.722170e-03
6.795000e+03 1.736380e-03
6.795500e+03 1.750580e-03
6.796000e+03 1.764790e-03
6.796500e+03 1.778990e-03
6.797000e+03 1.793190e-03
6.797500e+03 1.807400e-03
6.798000e+03 1.821600e-03
6.798500e+03 1.835810e-03
6.799000e+03 1.850010e-03
6.799500e+03 1.864210e-03
6.800000e+03 1.878410e-03
6.800500e+03 1.892610e-03
6.801000e+03 1.906800e-03
6.801500e+03 1.921000e-03
6.802000e+03 1.935190e-03
6.802500e+03 1.949380e-03
6.803000e+03 1.963570e-03
6.803500e+03 1.977770e-03
6.804000e+03 1.991960e-03
6.804500e+03 2.006150e-03
6.805000e+03 2.020340e-03
6.805500e+03 2.034530e-03
6.806000e+03 2.048720e-03
6.806500e+03 2.062910e-03
6.807000e+03 2.077100e-03
6.807500e+03 2.091280e-03
6.808000e+03 2.105470e-03
6.808500e+03 2.119660e-03
6.809000e+03 2.133840e-03
6.809500e+03 2.148030e-03
6.810000e+03 2.162220e-03
6.810500e+03 2.176370e-03
6.811000e+03 2.190520e-03
6.811500e+03 2.204660e-03
6.812000e+03 2.218810e-03
6.812500e+03 2.232960e-03
6.813000e+03 2.247100e-03
6.813500e+03 2.261250e-03
6.814000e+03 2.275390e-03
6.814500e+03 2.289530e-03
6.815000e+03 2.303670e-03
6.815500e+03 2.317810e-03
6.816000e+03 2.331950e-03
6.816500e+03 2.346090e-03
6.817000e+03 2.360230e-03
6.817500e+03 2.374370e-03
6.818000e+03 2.388500e-03
6.818500e+03 2.402640e-03
6.819000e+03 2.416770e-03
6.819500e+03 2.430910e-03
6.820000e+03 2.445040e-03
6.820500e+03 2.459270e-03
6.821000e+03 2.473510e-03
6.821500e+03 2.487740e-03
6.822000e+03 2.501980e-03
6.822500e+03 2.516220e-03
6.823000e+03 2.530450e-03
6.823500e+03 2.544690e-03
6.824000e+03 2.558930e-03
6.824500e+03 2.573170e-03
6.825000e+03 2.587400e-03
6.825500e+03 2.601640e-03
6.826000e+03 2.615880e-03
6.826500e+03 2.630120e-03
6.827000e+03 2.644350e-03
6.827500e+03 2.658590e-03
6.828000e+03 2.672830e-03
6.828500e+03 2.687070e-03
6.829000e+03 2.701310e-03
6.829500e+03 2.715550e-03
6.830000e+03 2.729790e-03
6.830500e+03 2.744000e-03
6.831000e+03 2.758210e-03
6.831500e+03 2.772410e-03
6.832000e+03 2.786620e-03
6.832500e+03 2.800830e-03
6.833000e+03 2.815040e-03
6.833500e+03 2.829250e-03
6.834000e+03 2.843460e-03
6.834500e+03 2.857670e-03
6.835000e+03 2.871880e-03
6.835500e+03 2.886090e-03
6.836000e+03 2.900300e-03
6.836500e+03 2.914510e-03
6.837000e+03 2.928710e-03
6.837500e+03 2.942920e-03
6.838000e+03 2.957130e-03
6.838500e+03 2.971340e-03
6.839000e+03 2.985540e-03
6.839500e+03 2.999750e-03
6.840000e+03 3.013970e-03
6.840500e+03 3.028040e-03
6.841000e+03 3.042100e-03
6.841500e+03 3.056170e-03
6.842000e+03 3.070240e-03
6.842500e+03 3.084300e-03
6.843000e+03 3.098360e-03
6.843500e+03 3.112430e-03
6.844000e+03 3.126490e-03
6.844500e+03 3.140550e-03
6.845000e+03 3.154600e-03
6.845500e+03 3.168660e-03
6.846000e+03 3.182720e-03
6.846500e+03 3.196770e-03
6.847000e+03 3.210820e-03
6.847500e+03 3.224880e-03
6.848000e+03 3.238930e-03
6.848500e+03 3.252980e-03
6.849000e+03 3.267030e-03
6.849500e+03 3.281080e-03
6.850000e+03 3.295120e-03
6.850500e+03 3.309290e-03
6.851000e+03 3.323460e-03
6.851500e+03 3.337630e-03
6.852000e+03 3.351810e-03
6.852500e+03 3.365980e-03
6.853000e+03 3.380150e-03
6.853500e+03 3.394320e-03
6.854000e+03 3.408490e-03
6.854500e+03 3.422660e-03
6.855000e+03 3.436830e-03
6.855500e+03 3.451000e-03
6.856000e+03 3.465160e-03
6.856500e+03 3.479330e-03
6.857000e+03 3.493500e-03
6.857500e+03 3.507670e-03
6.858000e+03 3.521840e-03
6.858500e+03 3.536010e-03
6.859000e+03 3.550180e-03
6.859500e+03 3.564350e-03
6.860000e+03 3.578520e-03
6.860500e+03 3.592800e-03
6.861000e+03 3.607080e-03
6.861500e+03 3.621360e-03
6.862000e+03 3.635640e-03
6.862500e+03 3.649920e-03
6.863000e+03 3.664210e-03
6.863500e+03 3.678500e-03
6.864000e+03 3.692780e-03
6.864500e+03 3.707070e-03
6.865000e+03 3.809730e-03
6.865500e+03 3.912390e-03
6.866000e+03 4.015060e-03
6.866500e+03 4.117730e-03
6.867000e+03 4.220420e-03
6.867500e+03 4.323100e-03
6.868000e+03 4.425790e-03
6.868500e+03 4.528480e-03
6.869000e+03 4.631180e-03
6.869500e+03 4.733880e-03
6.870000e+03 4.836590e-03
6.870500e+03 4.939110e-03
6.871000e+03 5.041640e-03
6.871500e+03 5.144150e-03
6.872000e+03 5.246660e-03
6.872500e+03 5.349170e-03
6.873000e+03 5.451680e-03
6.873500e+03 5.554200e-03
6.874000e+03 5.656700e-03
6.874500e+03 5.781250e-03
6.875000e+03 5.905790e-03
6.875500e+03 6.030340e-03
6.876000e+03 6.154890e-03
6.876500e+03 6.279420e-03
6.877000e+03 6.403960e-03
6.877500e+03 6.528490e-03
6.878000e+03 6.653010e-03
6.878500e+03 6.777530e-03
6.879000e+03 6.902040e-03
6.879500e+03 7.026550e-03
6.880000e+03 7.151060e-03
6.880500e+03 7.275670e-03
6.881000e+03 7.400280e-03
6.881500e+03 7.524880e-03
6.882000e+03 7.649480e-03
6.882500e+03 7.774080e-03
6.883000e+03 7.898680e-03
6.883500e+03 8.023280e-03
6.884000e+03 8.147880e-03
6.884500e+03 8.344370e-03
6.885000e+03 8.540860e-03
6.885500e+03 8.737360e-03
6.886000e+03 8.933850e-03
6.886500e+03 9.130330e-03
6.887000e+03 9.326820e-03
6.887500e+03 9.523290e-03
6.888000e+03 9.719770e-03
6.888500e+03 9.916250e-03
6.889000e+03 1.011270e-02
6.889500e+03 1.030920e-02
6.890000e+03 1.050570e-02
6.890500e+03 1.070190e-02
6.891000e+03 1.089810e-02
6.891500e+03 1.109420e-02
6.892000e+03 1.129030e-02
6.892500e+03 1.148650e-02
6.893000e+03 1.168260e-02
6.893500e+03 1.187870e-02
6.894000e+03 1.207480e-02
6.894500e+03 1.231880e-02
6.895000e+03 1.256280e-02
6.895500e+03 1.280670e-02
6.896000e+03 1.305070e-02
6.896500e+03 1.329460e-02
6.897000e+03 1.353850e-02
6.897500e+03 1.378240e-02
6.898000e+03 1.402630e-02
6.898500e+03 1.427020e-02
6.899000e+03 1.451400e-02
6.899500e+03 1.475790e-02
6.900000e+03 1.500170e-02
6.900500e+03 1.524570e-02
6.901000e+03 1.548970e-02
6.901500e+03 1.573370e-02
6.902000e+03 1.597770e-02
6.902500e+03 1.622160e-02
6.903000e+03 1.646560e-02
6.903500e+03 1.670950e-02
6.904000e+03 1.695350e-02
6.904500e+03 1.727160e-02
6.905000e+03 1.758980e-02
6.905500e+03 1.790790e-02
6.906000e+03 1.822600e-02
6.906500e+03 1.854410e-02
6.907000e+03 1.886220e-02
6.907500e+03 1.918030e-02
6.908000e+03 1.949840e-02
6.908500e+03 1.981640e-02
6.909000e+03 2.013450e-02
6.909500e+03 2.045250e-02
6.910000e+03 2.077060e-02
6.910500e+03 2.109020e-02
6.911000e+03 2.140980e-02
6.911500e+03 2.172940e-02
6.912000e+03 2.204910e-02
6.912500e+03 2.236880e-02
6.913000e+03 2.268850e-02
6.913500e+03 2.300830e-02
6.914000e+03 2.332810e-02
6.914500e+03 2.373420e-02
6.915000e+03 2.414030e-02
6.915500e+03 2.454640e-02
6.916000e+03 2.495260e-02
6.916500e+03 2.535890e-02
6.917000e+03 2.576520e-02
6.917500e+03 2.617150e-02
6.918000e+03 2.657790e-02
6.918500e+03 2.698430e-02
6.919000e+03 2.739070e-02
6.919500e+03 2.779720e-02
6.920000e+03 2.820380e-02
6.920500e+03 2.860800e-02
6.921000e+03 2.901230e-02
6.921500e+03 2.941650e-02
6.922000e+03 2.982070e-02
6.922500e+03 3.022490e-02
6.923000e+03 3.062910e-02
6.923500e+03 3.103320e-02
6.924000e+03 3.143730e-02
6.924500e+03 3.191080e-02
6.925000e+03 3.238440e-02
6.925500e+03 3.285790e-02
6.926000e+03 3.333140e-02
6.926500e+03 3.380490e-02
6.927000e+03 3.427830e-02
6.927500e+03 3.475170e-02
6.928000e+03 3.522500e-02
6.928500e+03 3.569840e-02
6.929000e+03 3.617170e-02
6.929500e+03 3.664500e-02
6.930000e+03 3.711820e-02
6.930500e+03 3.759070e-02
6.931000e+03 3.806320e-02
6.931500e+03 3.853560e-02
6.932000e+03 3.900800e-02
6.932500e+03 3.948040e-02
6.933000e+03 3.995260e-02
6.933500e+03 4.042490e-02
6.934000e+03 4.089700e-02
6.934500e+03 4.148410e-02
6.935000e+03 4.207110e-02
6.935500e+03 4.265810e-02
6.936000e+03 4.324500e-02
6.936500e+03 4.383180e-02
6.937000e+03 4.441860e-02
6.937500e+03 4.500520e-02
6.938000e+03 4.559180e-02
6.938500e+03 4.617850e-02
6.939000e+03 4.676500e-02
6.939500e+03 4.735150e-02
6.940000e+03 4.793790e-02
6.940500e+03 4.852720e-02
6.941000e+03 4.911650e-02
6.941500e+03 4.970580e-02
6.942000e+03 5.029510e-02
6.942500e+03 5.088440e-02
6.943000e+03 5.147370e-02
6.943500e+03 5.206310e-02
6.944000e+03 5.265240e-02
6.944500e+03 5.327530e-02
6.945000e+03 5.389820e-02
6.945500e+03 5.452100e-02
6.946000e+03 5.514390e-02
6.946500e+03 5.576680e-02
6.947000e+03 5.638980e-02
6.947500e+03 5.701260e-02
6.948000e+03 5.763550e-02
6.948500e+03 5.825850e-02
6.949000e+03 5.888150e-02
6.949500e+03 5.950440e-02
6.950000e+03 6.012730e-02
6.950500e+03 6.074530e-02
6.951000e+03 6.136320e-02
6.951500e+03 6.198080e-02
6.952000e+03 6.259840e-02
6.952500e+03 6.321600e-02
6.953000e+03 6.383350e-02
6.953500e+03 6.445080e-02
6.954000e+03 6.506800e-02
6.954500e+03 6.578090e-02
6.955000e+03 6.649360e-02
6.955500e+03 6.720620e-02
6.956000e+03 6.791870e-02
6.956500e+03 6.863110e-02
6.957000e+03 6.934340e-02
6.957500e+03 7.005570e-02
6.958000e+03 7.076780e-02
6.958500e+03 7.147980e-02
6.959000e+03 7.219160e-02
6.959500e+03 7.290330e-02
6.960000e+03 7.361490e-02
6.960500e+03 7.432730e-02
6.961000e+03 7.503970e-02
6.961500e+03 7.575190e-02
6.962000e+03 7.646410e-02
6.962500e+03 7.717620e-02
6.963000e+03 7.788820e-02
6.963500e+03 7.860000e-02
6.964000e+03 7.931180e-02
6.964500e+03 8.011900e-02
6.965000e+03 8.092610e-02
6.965500e+03 8.173320e-02
6.966000e+03 8.254010e-02
6.966500e+03 8.334700e-02
6.967000e+03 8.415370e-02
6.967500e+03 8.496030e-02
6.968000e+03 8.576670e-02
6.968500e+03 8.657320e-02
6.969000e+03 8.737950e-02
6.969500e+03 8.818570e-02
6.970000e+03 8.899180e-02
6.970500e+03 8.980140e-02
6.971000e+03 9.061100e-02
6.971500e+03 9.142050e-02
6.972000e+03 9.223000e-02
6.972500e+03 9.303960e-02
6.973000e+03 9.384900e-02
6.973500e+03 9.465840e-02
6.974000e+03 9.546780e-02
6.974500e+03 9.560880e-02
6.975000e+03 9.574980e-02
6.975500e+03 9.589100e-02
6.976000e+03 9.603210e-02
6.976500e+03 9.617290e-02
6.977000e+03 9.631370e-02
6.977500e+03 9.645490e-02
6.978000e+03 9.659600e-02
6.978500e+03 9.673680e-02
6.979000e+03 9.687770e-02
6.979500e+03 9.701860e-02
6.980000e+03 9.715940e-02
6.980500e+03 9.730550e-02
6.981000e+03 9.745160e-02
6.981500e+03 9.759750e-02
6.982000e+03 9.774350e-02
6.982500e+03 9.788950e-02
6.983000e+03 9.803550e-02
6.983500e+03 9.818160e-02
6.984000e+03 9.832770e-02
6.984500e+03 9.935670e-02
6.985000e+03 1.003860e-01
6.985500e+03 1.014150e-01
6.986000e+03 1.024440e-01
6.986500e+03 1.034730e-01
6.987000e+03 1.045030e-01
6.987500e+03 1.055320e-01
6.988000e+03 1.065620e-01
6.988500e+03 1.075910e-01
6.989000e+03 1.086210e-01
6.989500e+03 1.096500e-01
6.990000e+03 1.106800e-01
6.990500e+03 1.117050e-01
6.991000e+03 1.127300e-01
6.991500e+03 1.137550e-01
6.992000e+03 1.147800e-01
6.992500e+03 1.158050e-01
6.993000e+03 1.168300e-01
6.993500e+03 1.178550e-01
6.994000e+03 1.188810e-01
6.994500e+03 1.196910e-01
6.995000e+03 1.205010e-01
6.995500e+03 1.213110e-01
6.996000e+03 1.221210e-01
6.996500e+03 1.229310e-01
6.997000e+03 1.237400e-01
6.997500e+03 1.245500e-01
6.998000e+03 1.253600e-01
6.998500e+03 1.261700e-01
6.999000e+03 1.269800e-01
6.999500e+03 1.277900e-01
7.000000e+03 1.286000e-01
7.000500e+03 1.294020e-01
7.001000e+03 1.302040e-01
7.001500e+03 1.310060e-01
7.002000e+03 1.318080e-01
7.002500e+03 1.326100e-01
7.003000e+03 1.334120e-01
7.003500e+03 1.342140e-01
7.004000e+03 1.350160e-01
7.004500e+03 1.361030e-01
7.005000e+03 1.371910e-01
7.005500e+03 1.382780e-01
7.006000e+03 1.393650e-01
7.006500e+03 1.404520e-01
7.007000e+03 1.415390e-01
7.007500e+03 1.426260e-01
7.008000e+03 1.437120e-01
7.008500e+03 1.447980e-01
7.009000e+03 1.458850e-01
7.009500e+03 1.469710e-01
7.010000e+03 1.480560e-01
7.010500e+03 1.491460e-01
7.011000e+03 1.502350e-01
7.011500e+03 1.513240e-01
7.012000e+03 1.524130e-01
7.012500e+03 1.535020e-01
7.013000e+03 1.545910e-01
7.013500e+03 1.556790e-01
7.014000e+03 1.567680e-01
7.014500e+03 1.577130e-01
7.015000e+03 1.586580e-01
7.015500e+03 1.596040e-01
7.016000e+03 1.605490e-01
7.016500e+03 1.614940e-01
7.017000e+03 1.624390e-01
7.017500e+03 1.633830e-01
7.018000e+03 1.643280e-01
7.018500e+03 1.652730e-01
7.019000e+03 1.662170e-01
7.019500e+03 1.671620e-01
7.020000e+03 1.681060e-01
7.020500e+03 1.690540e-01
7.021000e+03 1.700020e-01
7.021500e+03 1.709500e-01
7.022000e+03 1.718980e-01
7.022500e+03 1.728460e-01
7.023000e+03 1.737940e-01
7.023500e+03 1.747420e-01
7.024000e+03 1.756900e-01
7.024500e+03 1.766370e-01
7.025000e+03 1.775850e-01
7.025500e+03 1.785320e-01
7.026000e+03 1.794800e-01
7.026500e+03 1.804270e-01
7.027000e+03 1.813740e-01
7.027500e+03 1.823220e-01
7.028000e+03 1.832690e-01
7.028500e+03 1.842160e-01
7.029000e+03 1.851630e-01
7.029500e+03 1.861110e-01
7.030000e+03 1.870580e-01
7.030500e+03 1.880040e-01
7.031000e+03 1.889510e-01
7.031500e+03 1.898980e-01
7.032000e+03 1.908440e-01
7.032500e+03 1.917910e-01
7.033000e+03 1.927370e-01
7.033500e+03 1.936830e-01
7.034000e+03 1.946300e-01
7.034500e+03 1.955050e-01
7.035000e+03 1.963790e-01
7.035500e+03 1.972540e-01
7.036000e+03 1.981290e-01
7.036500e+03 1.990030e-01
7.037000e+03 1.998780e-01
7.037500e+03 2.007520e-01
7.038000e+03 2.016270e-01
7.038500e+03 2.025010e-01
7.039000e+03 2.033750e-01
7.039500e+03 2.042500e-01
7.040000e+03 2.051240e-01
7.040500e+03 2.059910e-01
7.041000e+03 2.068580e-01
7.041500e+03 2.077250e-01
7.042000e+03 2.085920e-01
7.042500e+03 2.094590e-01
7.043000e+03 2.103260e-01
7.043500e+03 2.111920e-01
7.044000e+03 2.120590e-01
7.044500e+03 2.130440e-01
7.045000e+03 2.140290e-01
7.045500e+03 2.150140e-01
7.046000e+03 2.159990e-01
7.046500e+03 2.169830e-01
7.047000e+03 2.179680e-01
7.047500e+03 2.189520e-01
7.048000e+03 2.199360e-01
7.048500e+03 2.209200e-01
7.049000e+03 2.219040e-01
7.049500e+03 2.228880e-01
7.050000e+03 2.238720e-01
7.050500e+03 2.248590e-01
7.051000e+03 2.258450e-01
7.051500e+03 2.268320e-01
7.052000e+03 2.278190e-01
7.052500e+03 2.288050e-01
7.053000e+03 2.297920e-01
7.053500e+03 2.307780e-01
7.054000e+03 2.317640e-01
7.054500e+03 2.326790e-01
7.055000e+03 2.335940e-01
7.055500e+03 2.345080e-01
7.056000e+03 2.354230e-01
7.056500e+03 2.363370e-01
7.057000e+03 2.372520e-01
7.057500e+03 2.381660e-01
7.058000e+03 2.390800e-01
7.058500e+03 2.399940e-01
7.059000e+03 2.409080e-01
7.059500e+03 2.418220e-01
7.060000e+03 2.427350e-01
7.060500e+03 2.436390e-01
7.061000e+03 2.445430e-01
7.061500e+03 2.454460e-01
7.062000e+03 2.463490e-01
7.062500e+03 2.472520e-01
7.063000e+03 2.481550e-01
7.063500e+03 2.490570e-01
7.064000e+03 2.499600e-01
7.064500e+03 2.507670e-01
7.065000e+03 2.515750e-01
7.065500e+03 2.523820e-01
7.066000e+03 2.531890e-01
7.066500e+03 2.539960e-01
7.067000e+03 2.548020e-01
7.067500e+03 2.556090e-01
7.068000e+03 2.564150e-01
7.068500e+03 2.572210e-01
7.069000e+03 2.580270e-01
7.069500e+03 2.588330e-01
7.070000e+03 2.596390e-01
7.070500e+03 2.604600e-01
7.071000e+03 2.612800e-01
7.071500e+03 2.621010e-01
7.072000e+03 2.629220e-01
7.072500e+03 2.637430e-01
7.073000e+03 2.645640e-01
7.073500e+03 2.653840e-01
7.074000e+03 2.662040e-01
7.074500e+03 2.667880e-01
7.075000e+03 2.673720e-01
7.075500e+03 2.679550e-01
7.076000e+03 2.685390e-01
7.076500e+03 2.691220e-01
7.077000e+03 2.697060e-01
7.077500e+03 2.702890e-01
7.078000e+03 2.708720e-01
7.078500e+03 2.714550e-01
7.079000e+03 2.720380e-01
7.079500e+03 2.726220e-01
7.080000e+03 2.732050e-01
7.080500e+03 2.737880e-01
7.081000e+03 2.743700e-01
7.081500e+03 2.749530e-01
7.082000e+03 2.755360e-01
7.082500e+03 2.761180e-01
7.083000e+03 2.767010e-01
7.083500e+03 2.772830e-01
7.084000e+03 2.778660e-01
7.084500e+03 2.786850e-01
7.085000e+03 2.795040e-01
7.085500e+03 2.803220e-01
7.086000e+03 2.811410e-01
7.086500e+03 2.819600e-01
7.087000e+03 2.827790e-01
7.087500e+03 2.835980e-01
7.088000e+03 2.844160e-01
7.088500e+03 2.852350e-01
7.089000e+03 2.860530e-01
7.089500e+03 2.868710e-01
7.090000e+03 2.876890e-01
7.090500e+03 2.884900e-01
7.091000e+03 2.892910e-01
7.091500e+03 2.900910e-01
7.092000e+03 2.908920e-01
7.092500e+03 2.916920e-01
7.093000e+03 2.924920e-01
7.093500e+03 2.932920e-01
7.094000e+03 2.940910e-01
7.094500e+03 2.944890e-01
7.095000e+03 2.948870e-01
7.095500e+03 2.952840e-01
7.096000e+03 2.956820e-01
7.096500e+03 2.960790e-01
7.097000e+03 2.964760e-01
7.097500e+03 2.968730e-01
7.098000e+03 2.972700e-01
7.098500e+03 2.976660e-01
7.099000e+03 2.980630e-01
7.099500e+03 2.984600e-01
7.100000e+03 2.988560e-01
7.100500e+03 2.992590e-01
7.101000e+03 2.996620e-01
7.101500e+03 3.000640e-01
7.102000e+03 3.004670e-01
7.102500e+03 3.008700e-01
7.103000e+03 3.012720e-01
7.103500e+03 3.016740e-01
7.104000e+03 3.020770e-01
7.104500e+03 3.027380e-01
7.105000e+03 3.034000e-01
7.105500e+03 3.040610e-01
7.106000e+03 3.047230e-01
7.106500e+03 3.053840e-01
7.107000e+03 3.060450e-01
7.107500e+03 3.067060e-01
7.108000e+03 3.073670e-01
7.108500e+03 3.080280e-01
7.109000e+03 3.086880e-01
7.109500e+03 3.093490e-01
7.110000e+03 3.100090e-01
7.110500e+03 3.106810e-01
7.111000e+03 3.113520e-01
7.111500e+03 3.120240e-01
7.112000e+03 3.126950e-01
7.112500e+03 3.133670e-01
7.113000e+03 3.140380e-01
7.113500e+03 3.147090e-01
7.114000e+03 3.153800e-01
7.114500e+03 3.157450e-01
7.115000e+03 3.161100e-01
7.115500e+03 3.164740e-01
7.116000e+03 3.168390e-01
7.116500e+03 3.172040e-01
7.117000e+03 3.175680e-01
7.117500e+03 3.179330e-01
7.118000e+03 3.182970e-01
7.118500e+03 3.186610e-01
7.119000e+03 3.190260e-01
7.119500e+03 3.193900e-01
7.120000e+03 3.197540e-01
7.120500e+03 3.201250e-01
7.121000e+03 3.204960e-01
7.121500e+03 3.208670e-01
7.122000e+03 3.212370e-01
7.122500e+03 3.216080e-01
7.123000e+03 3.219790e-01
7.123500e+03 3.223500e-01
7.124000e+03 3.227210e-01
7.124500e+03 3.234680e-01
7.125000e+03 3.242160e-01
7.125500e+03 3.249630e-01
7.126000e+03 3.257110e-01
7.126500e+03 3.264580e-01
7.127000e+03 3.272050e-01
7.127500e+03 3.279530e-01
7.128000e+03 3.287000e-01
7.128500e+03 3.294470e-01
7.129000e+03 3.301940e-01
7.129500e+03 3.309410e-01
7.130000e+03 3.316880e-01
7.130500e+03 3.324220e-01
7.131000e+03 3.331570e-01
7.131500e+03 3.338910e-01
7.132000e+03 3.346250e-01
7.132500e+03 3.353590e-01
7.133000e+03 3.360920e-01
7.133500e+03 3.368260e-01
7.134000e+03 3.375590e-01
7.134500e+03 3.376810e-01
7.135000e+03 3.378020e-01
7.135500e+03 3.379230e-01
7.136000e+03 3.380440e-01
7.136500e+03 3.381650e-01
7.137000e+03 3.382870e-01
7.137500e+03 3.384080e-01
7.138000e+03 3.385290e-01
7.138500e+03 3.386500e-01
7.139000e+03 3.387710e-01
7.139500e+03 3.388920e-01
7.140000e+03 3.390130e-01
7.140500e+03 3.391320e-01
7.141000e+03 3.392520e-01
7.141500e+03 3.393710e-01
7.142000e+03 3.394910e-01
7.142500e+03 3.396100e-01
7.143000e+03 3.397290e-01
7.143500e+03 3.398490e-01
7.144000e+03 3.399690e-01
7.144500e+03 3.403460e-01
7.145000e+03 3.407230e-01
7.145500e+03 3.411010e-01
7.146000e+03 3.414790e-01
7.146500e+03 3.418560e-01
7.147000e+03 3.422330e-01
7.147500e+03 3.426110e-01
7.148000e+03 3.429890e-01
7.148500e+03 3.433660e-01
7.149000e+03 3.437440e-01
7.149500e+03 3.441200e-01
7.150000e+03 3.444970e-01
7.150500e+03 3.448660e-01
7.151000e+03 3.452350e-01
7.151500e+03 3.456040e-01
7.152000e+03 3.459720e-01
7.152500e+03 3.463410e-01
7.153000e+03 3.467090e-01
7.153500e+03 3.470780e-01
7.154000e+03 3.474460e-01
7.154500e+03 3.480250e-01
7.155000e+03 3.486050e-01
7.155500e+03 3.491840e-01
7.156000e+03 3.497630e-01
7.156500e+03 3.503420e-01
7.157000e+03 3.509210e-01
7.157500e+03 3.515000e-01
7.158000e+03 3.520780e-01
7.158500e+03 3.526560e-01
7.159000e+03 3.532340e-01
7.159500e+03 3.538130e-01
7.160000e+03 3.543910e-01
7.160500e+03 3.549960e-01
7.161000e+03 3.555990e-01
7.161500e+03 3.562040e-01
7.162000e+03 3.568080e-01
7.162500e+03 3.574120e-01
7.163000e+03 3.580160e-01
7.163500e+03 3.586200e-01
7.164000e+03 3.592240e-01
7.164500e+03 3.595930e-01
7.165000e+03 3.599630e-01
7.165500e+03 3.603320e-01
7.166000e+03 3.607020e-01
7.166500e+03 3.610710e-01
7.167000e+03 3.614400e-01
7.167500e+03 3.618090e-01
7.168000e+03 3.621780e-01
7.168500e+03 3.625480e-01
7.169000e+03 3.629170e-01
7.169500e+03 3.632860e-01
7.170000e+03 3.636550e-01
7.170500e+03 3.640100e-01
7.171000e+03 3.643650e-01
7.171500e+03 3.647190e-01
7.172000e+03 3.650730e-01
7.172500e+03 3.654280e-01
7.173000e+03 3.657820e-01
7.173500e+03 3.661370e-01
7.174000e+03 3.664910e-01
7.174500e+03 3.671500e-01
7.175000e+03 3.678090e-01
7.175500e+03 3.684670e-01
7.176000e+03 3.691250e-01
7.176500e+03 3.697840e-01
7.177000e+03 3.704430e-01
7.177500e+03 3.711010e-01
7.178000e+03 3.717590e-01
7.178500e+03 3.724170e-01
7.179000e+03 3.730750e-01
7.179500e+03 3.737330e-01
7.180000e+03 3.743900e-01
7.180500e+03 3.750510e-01
7.181000e+03 3.757120e-01
7.181500e+03 3.763720e-01
7.182000e+03 3.770330e-01
7.182500e+03 3.776930e-01
7.183000e+03 3.783530e-01
7.183500e+03 3.790130e-01
7.184000e+03 3.796730e-01
7.184500e+03 3.799110e-01
7.185000e+03 3.801500e-01
7.185500e+03 3.803890e-01
7.186000e+03 3.806280e-01
7.186500e+03 3.808670e-01
7.187000e+03 3.811050e-01
7.187500e+03 3.813440e-01
7.188000e+03 3.815820e-01
7.188500e+03 3.818210e-01
7.189000e+03 3.820590e-01
7.189500e+03 3.822980e-01
7.190000e+03 3.825370e-01
7.190500e+03 3.827710e-01
7.191000e+03 3.830050e-01
7.191500e+03 3.832390e-01
7.192000e+03 3.834740e-01
7.192500e+03 3.837070e-01
7.193000e+03 3.839410e-01
7.193500e+03 3.841750e-01
7.194000e+03 3.844100e-01
7.194500e+03 3.847140e-01
7.195000e+03 3.850180e-01
7.195500e+03 3.853220e-01
7.196000e+03 3.856260e-01
7.196500e+03 3.859300e-01
7.197000e+03 3.862340e-01
7.197500e+03 3.865380e-01
7.198000e+03 3.868420e-01
7.198500e+03 3.871460e-01
7.199000e+03 3.874500e-01
7.199500e+03 3.877540e-01
7.200000e+03 3.880570e-01
7.200500e+03 3.883570e-01
7.201000e+03 3.886560e-01
7.201500e+03 3.889540e-01
7.202000e+03 3.892530e-01
7.202500e+03 3.895510e-01
7.203000e+03 3.898500e-01
7.203500e+03 3.901480e-01
7.204000e+03 3.904460e-01
7.204500e+03 3.906750e-01
7.205000e+03 3.909040e-01
7.205500e+03 3.911320e-01
7.206000e+03 3.913600e-01
7.206500e+03 3.915890e-01
7.207000e+03 3.918170e-01
7.207500e+03 3.920450e-01
7.208000e+03 3.922740e-01
7.208500e+03 3.925020e-01
7.209000e+03 3.927300e-01
7.209500e+03 3.929570e-01
7.210000e+03 3.931850e-01
7.210500e+03 3.934000e-01
7.211000e+03 3.936140e-01
7.211500e+03 3.938290e-01
7.212000e+03 3.940430e-01
7.212500e+03 3.942570e-01
7.213000e+03 3.944710e-01
7.213500e+03 3.946850e-01
7.214000e+03 3.948990e-01
7.214500e+03 3.953460e-01
7.215000e+03 3.957930e-01
7.215500e+03 3.962390e-01
7.216000e+03 3.966860e-01
7.216500e+03 3.971320e-01
7.217000e+03 3.975780e-01
7.217500e+03 3.980250e-01
7.218000e+03 3.984710e-01
7.218500e+03 3.989170e-01
7.219000e+03 3.993630e-01
7.219500e+03 3.998090e-01
7.220000e+03 4.002540e-01
7.220500e+03 4.007000e-01
7.221000e+03 4.011460e-01
7.221500e+03 4.015910e-01
7.222000e+03 4.020360e-01
7.222500e+03 4.024810e-01
7.223000e+03 4.029260e-01
7.223500e+03 4.033710e-01
7.224000e+03 4.038160e-01
7.224500e+03 4.038410e-01
7.225000e+03 4.038670e-01
7.225500e+03 4.038930e-01
7.226000e+03 4.039190e-01
7.226500e+03 4.039450e-01
7.227000e+03 4.039710e-01
7.227500e+03 4.039970e-01
7.228000e+03 4.040220e-01
7.228500e+03 4.040480e-01
7.229000e+03 4.040740e-01
7.229500e+03 4.041000e-01
7.230000e+03 4.041260e-01
7.230500e+03 4.041680e-01
7.231000e+03 4.042090e-01
7.231500e+03 4.042510e-01
7.232000e+03 4.042930e-01
7.232500e+03 4.043350e-01
7.233000e+03 4.043770e-01
7.233500e+03 4.044180e-01
7.234000e+03 4.044600e-01
7.234500e+03 4.051280e-01
7.235000e+03 4.057970e-01
7.235500e+03 4.064660e-01
7.236000e+03 4.071340e-01
7.236500e+03 4.078020e-01
7.237000e+03 4.084700e-01
7.237500e+03 4.091380e-01
7.238000e+03 4.098060e-01
7.238500e+03 4.104740e-01
7.239000e+03 4.111420e-01
7.239500e+03 4.118100e-01
7.240000e+03 4.124770e-01
7.240500e+03 4.131430e-01
7.241000e+03 4.138090e-01
7.241500e+03 4.144750e-01
7.242000e+03 4.151410e-01
7.242500e+03 4.158070e-01
7.243000e+03 4.164730e-01
7.243500e+03 4.171390e-01
7.244000e+03 4.178040e-01
7.244500e+03 4.176580e-01
7.245000e+03 4.175120e-01
7.245500e+03 4.173660e-01
7.246000e+03 4.172210e-01
7.246500e+03 4.170750e-01
7.247000e+03 4.169290e-01
7.247500e+03 4.167840e-01
7.248000e+03 4.166380e-01
7.248500e+03 4.164920e-01
7.249000e+03 4.163460e-01
7.249500e+03 4.162000e-01
7.250000e+03 4.160550e-01
7.250500e+03 4.158950e-01
7.251000e+03 4.157350e-01
7.251500e+03 4.155750e-01
7.252000e+03 4.154150e-01
7.252500e+03 4.152550e-01
7.253000e+03 4.150950e-01
7.253500e+03 4.149350e-01
7.254000e+03 4.147760e-01
7.254500e+03 4.147780e-01
7.255000e+03 4.147800e-01
7.255500e+03 4.147820e-01
7.256000e+03 4.147850e-01
7.256500e+03 4.147870e-01
7.257000e+03 4.147890e-01
7.257500e+03 4.147920e-01
7.258000e+03 4.147940e-01
7.258500e+03 4.147960e-01
7.259000e+03 4.147990e-01
7.259500e+03 4.148010e-01
7.260000e+03 4.148030e-01
7.260500e+03 4.148200e-01
7.261000e+03 4.148370e-01
7.261500e+03 4.148550e-01
7.262000e+03 4.148730e-01
7.262500e+03 4.148900e-01
7.263000e+03 4.149080e-01
7.263500e+03 4.149250e-01
7.264000e+03 4.149430e-01
7.264500e+03 4.150300e-01
7.265000e+03 4.151160e-01
7.265500e+03 4.152030e-01
7.266000e+03 4.152910e-01
7.266500e+03 4.153770e-01
7.267000e+03 4.154630e-01
7.267500e+03 4.155500e-01
7.268000e+03 4.156370e-01
7.268500e+03 4.157240e-01
7.269000e+03 4.158110e-01
7.269500e+03 4.158970e-01
7.270000e+03 4.159830e-01
7.270500e+03 4.160580e-01
7.271000e+03 4.161330e-01
7.271500e+03 4.162080e-01
7.272000e+03 4.162830e-01
7.272500e+03 4.163580e-01
7.273000e+03 4.164330e-01
7.273500e+03 4.165070e-01
7.274000e+03 4.165820e-01
7.274500e+03 4.166100e-01
7.275000e+03 4.166390e-01
7.275500e+03 4.166670e-01
7.276000e+03 4.166960e-01
7.276500e+03 4.167240e-01
7.277000e+03 4.167520e-01
7.277500e+03 4.167810e-01
7.278000e+03 4.168100e-01
7.278500e+03 4.168390e-01
7.279000e+03 4.168670e-01
7.279500e+03 4.168960e-01
7.280000e+03 4.169240e-01
7.280500e+03 4.169500e-01
7.281000e+03 4.169760e-01
7.281500e+03 4.170020e-01
7.282000e+03 4.170280e-01
7.282500e+03 4.170540e-01
7.283000e+03 4.170800e-01
7.283500e+03 4.171060e-01
7.284000e+03 4.171320e-01
7.284500e+03 4.170430e-01
7.285000e+03 4.169530e-01
7.285500e+03 4.168650e-01
7.286000e+03 4.167760e-01
7.286500e+03 4.166860e-01
7.287000e+03 4.165970e-01
7.287500e+03 4.165090e-01
7.288000e+03 4.164200e-01
7.288500e+03 4.163300e-01
7.289000e+03 4.162410e-01
7.289500e+03 4.161520e-01
7.290000e+03 4.160630e-01
7.290500e+03 4.159760e-01
7.291000e+03 4.158890e-01
7.291500e+03 4.158020e-01
7.292000e+03 4.157160e-01
7.292500e+03 4.156290e-01
7.293000e+03 4.155420e-01
7.293500e+03 4.154550e-01
7.294000e+03 4.153680e-01
7.294500e+03 4.156490e-01
7.295000e+03 4.159300e-01
7.295500e+03 4.162100e-01
7.296000e+03 4.164900e-01
7.296500e+03 4.167700e-01
7.297000e+03 4.170510e-01
7.297500e+03 4.173310e-01
7.298000e+03 4.176110e-01
7.298500e+03 4.178920e-01
7.299000e+03 4.181720e-01
7.299500e+03 4.184520e-01
7.300000e+03 4.187320e-01
7.300500e+03 4.190190e-01
7.301000e+03 4.193050e-01
7.301500e+03 4.195910e-01
7.302000e+03 4.198770e-01
7.302500e+03 4.201630e-01
7.303000e+03 4.204490e-01
7.303500e+03 4.207350e-01
7.304000e+03 4.210210e-01
7.304500e+03 4.207570e-01
7.305000e+03 4.204930e-01
7.305500e+03 4.202280e-01
7.306000e+03 4.199640e-01
7.306500e+03 4.197000e-01
7.307000e+03 4.194360e-01
7.307500e+03 4.191710e-01
7.308000e+03 4.189070e-01
7.308500e+03 4.186430e-01
7.309000e+03 4.183790e-01
7.309500e+03 4.181150e-01
7.310000e+03 4.178510e-01
7.310500e+03 4.175890e-01
7.311000e+03 4.173270e-01
7.311500e+03 4.170650e-01
7.312000e+03 4.168030e-01
7.312500e+03 4.165410e-01
7.313000e+03 4.162780e-01
7.313500e+03 4.160170e-01
7.314000e+03 4.157550e-01
7.314500e+03 4.161570e-01
7.315000e+03 4.165590e-01
7.315500e+03 4.169610e-01
7.316000e+03 4.173630e-01
7.316500e+03 4.177640e-01
7.317000e+03 4.181660e-01
7.317500e+03 4.185680e-01
7.318000e+03 4.189700e-01
7.318500e+03 4.193710e-01
7.319000e+03 4.197720e-01
7.319500e+03 4.201730e-01
7.320000e+03 4.205740e-01
7.320500e+03 4.209860e-01
7.321000e+03 4.213970e-01
7.321500e+03 4.218080e-01
7.322000e+03 4.222190e-01
7.322500e+03 4.226300e-01
7.323000e+03 4.230410e-01
7.323500e+03 4.234520e-01
7.324000e+03 4.238620e-01
7.324500e+03 4.237480e-01
7.325000e+03 4.236330e-01
7.325500e+03 4.235180e-01
7.326000e+03 4.234030e-01
7.326500e+03 4.232870e-01
7.327000e+03 4.231720e-01
7.327500e+03 4.230570e-01
7.328000e+03 4.229420e-01
7.328500e+03 4.228270e-01
7.329000e+03 4.227130e-01
7.329500e+03 4.225980e-01
7.330000e+03 4.224820e-01
7.330500e+03 4.223530e-01
7.331000e+03 4.222240e-01
7.331500e+03 4.220940e-01
7.332000e+03 4.219650e-01
7.332500e+03 4.218360e-01
7.333000e+03 4.217060e-01
7.333500e+03 4.215760e-01
7.334000e+03 4.214460e-01
7.334500e+03 4.213400e-01
7.335000e+03 4.212340e-01
7.335500e+03 4.211270e-01
7.336000e+03 4.210200e-01
7.336500e+03 4.209140e-01
7.337000e+03 4.208090e-01
7.337500e+03 4.207020e-01
7.338000e+03 4.205950e-01
7.338500e+03 4.204880e-01
7.339000e+03 4.203820e-01
7.339500e+03 4.202760e-01
7.340000e+03 4.201690e-01
7.340500e+03 4.200580e-01
7.341000e+03 4.199460e-01
7.341500e+03 4.198360e-01
7.342000e+03 4.197250e-01
7.342500e+03 4.196130e-01
7.343000e+03 4.195020e-01
7.343500e+03 4.193910e-01
7.344000e+03 4.192800e-01
7.344500e+03 4.195330e-01
7.345000e+03 4.197860e-01
7.345500e+03 4.200400e-01
7.346000e+03 4.202940e-01
7.346500e+03 4.205470e-01
7.347000e+03 4.208000e-01
7.347500e+03 4.210530e-01
7.348000e+03 4.213060e-01
7.348500e+03 4.215590e-01
7.349000e+03 4.218120e-01
7.349500e+03 4.220650e-01
7.350000e+03 4.223190e-01
7.350500e+03 4.225830e-01
7.351000e+03 4.228480e-01
7.351500e+03 4.231120e-01
7.352000e+03 4.233760e-01
7.352500e+03 4.236410e-01
7.353000e+03 4.239060e-01
7.353500e+03 4.241700e-01
7.354000e+03 4.244350e-01
7.354500e+03 4.239480e-01
7.355000e+03 4.234620e-01
7.355500e+03 4.229760e-01
7.356000e+03 4.224900e-01
7.356500e+03 4.220040e-01
7.357000e+03 4.215180e-01
7.357500e+03 4.210320e-01
7.358000e+03 4.205470e-01
7.358500e+03 4.200610e-01
7.359000e+03 4.195750e-01
7.359500e+03 4.190890e-01
7.360000e+03 4.186030e-01
7.360500e+03 4.181190e-01
7.361000e+03 4.176350e-01
7.361500e+03 4.171510e-01
7.362000e+03 4.166660e-01
7.362500e+03 4.161820e-01
7.363000e+03 4.156990e-01
7.363500e+03 4.152150e-01
7.364000e+03 4.147310e-01
7.364500e+03 4.156320e-01
7.365000e+03 4.165330e-01
7.365500e+03 4.174340e-01
7.366000e+03 4.183360e-01
7.366500e+03 4.192370e-01
7.367000e+03 4.201370e-01
7.367500e+03 4.210380e-01
7.368000e+03 4.219390e-01
7.368500e+03 4.228390e-01
7.369000e+03 4.237390e-01
7.369500e+03 4.246390e-01
7.370000e+03 4.255400e-01
7.370500e+03 4.264460e-01
7.371000e+03 4.273520e-01
7.371500e+03 4.282580e-01
7.372000e+03 4.291650e-01
7.372500e+03 4.300710e-01
7.373000e+03 4.309770e-01
7.373500e+03 4.318830e-01
7.374000e+03 4.327880e-01
7.374500e+03 4.324240e-01
7.375000e+03 4.320590e-01
7.375500e+03 4.316950e-01
7.376000e+03 4.313300e-01
7.376500e+03 4.309660e-01
7.377000e+03 4.306020e-01
7.377500e+03 4.302370e-01
7.378000e+03 4.298730e-01
7.378500e+03 4.295090e-01
7.379000e+03 4.291450e-01
7.379500e+03 4.287810e-01
7.380000e+03 4.284170e-01
7.380500e+03 4.280190e-01
7.381000e+03 4.276210e-01
7.381500e+03 4.272230e-01
7.382000e+03 4.268250e-01
7.382500e+03 4.264270e-01
7.383000e+03 4.260290e-01
7.383500e+03 4.256320e-01
7.384000e+03 4.252340e-01
7.384500e+03 4.251540e-01
7.385000e+03 4.250740e-01
7.385500e+03 4.249940e-01
7.386000e+03 4.249130e-01
7.386500e+03 4.248330e-01
7.387000e+03 4.247520e-01
7.387500e+03 4.246720e-01
7.388000e+03 4.245920e-01
7.388500e+03 4.245110e-01
7.389000e+03 4.244310e-01
7.389500e+03 4.243510e-01
7.390000e+03 4.242710e-01
7.390500e+03 4.242430e-01
7.391000e+03 4.242160e-01
7.391500e+03 4.241880e-01
7.392000e+03 4.241610e-01
7.392500e+03 4.241340e-01
7.393000e+03 4.241070e-01
7.393500e+03 4.240790e-01
7.394000e+03 4.240500e-01
7.394500e+03 4.240230e-01
7.395000e+03 4.239960e-01
7.395500e+03 4.239690e-01
7.396000e+03 4.239410e-01
7.396500e+03 4.239140e-01
7.397000e+03 4.238860e-01
7.397500e+03 4.238590e-01
7.398000e+03 4.238310e-01
7.398500e+03 4.238040e-01
7.399000e+03 4.237760e-01
7.399500e+03 4.237490e-01
7.400000e+03 4.237210e-01
7.400500e+03 4.236160e-01
7.401000e+03 4.235110e-01
7.401500e+03 4.234060e-01
7.402000e+03 4.233010e-01
7.402500e+03 4.231960e-01
7.403000e+03 4.230910e-01
7.403500e+03 4.229860e-01
7.404000e+03 4.228820e-01
7.404500e+03 4.230250e-01
7.405000e+03 4.231680e-01
7.405500e+03 4.233110e-01
7.406000e+03 4.234540e-01
7.406500e+03 4.235980e-01
7.407000e+03 4.237410e-01
7.407500e+03 4.238840e-01
7.408000e+03 4.240260e-01
7.408500e+03 4.241690e-01
7.409000e+03 4.243120e-01
7.409500e+03 4.244540e-01
7.410000e+03 4.245970e-01
7.410500e+03 4.248020e-01
7.411000e+03 4.250080e-01
7.411500e+03 4.252130e-01
7.412000e+03 4.254180e-01
7.412500e+03 4.256230e-01
7.413000e+03 4.258290e-01
7.413500e+03 4.260340e-01
7.414000e+03 4.262400e-01
7.414500e+03 4.264900e-01
7.415000e+03 4.267400e-01
7.415500e+03 4.269900e-01
7.416000e+03 4.272400e-01
7.416500e+03 4.274910e-01
7.417000e+03 4.277410e-01
7.417500e+03 4.279910e-01
7.418000e+03 4.282400e-01
7.418500e+03 4.284910e-01
7.419000e+03 4.287410e-01
7.419500e+03 4.289910e-01
7.420000e+03 4.292410e-01
7.420500e+03 4.294490e-01
7.421000e+03 4.296580e-01
7.421500e+03 4.298670e-01
7.422000e+03 4.300760e-01
7.422500e+03 4.302840e-01
7.423000e+03 4.304920e-01
7.423500e+03 4.307010e-01
7.424000e+03 4.309090e-01
7.424500e+03 4.307350e-01
7.425000e+03 4.305610e-01
7.425500e+03 4.303880e-01
7.426000e+03 4.302150e-01
7.426500e+03 4.300410e-01
7.427000e+03 4.298670e-01
7.427500e+03 4.296930e-01
7.428000e+03 4.295200e-01
7.428500e+03 4.293470e-01
7.429000e+03 4.291740e-01
7.429500e+03 4.290010e-01
7.430000e+03 4.288280e-01
7.430500e+03 4.286660e-01
7.431000e+03 4.285040e-01
7.431500e+03 4.283430e-01
7.432000e+03 4.281810e-01
7.432500e+03 4.280200e-01
7.433000e+03 4.278580e-01
7.433500e+03 4.276960e-01
7.434000e+03 4.275340e-01
7.434500e+03 4.280900e-01
7.435000e+03 4.286450e-01
7.435500e+03 4.292010e-01
7.436000e+03 4.297560e-01
7.436500e+03 4.303110e-01
7.437000e+03 4.308660e-01
7.437500e+03 4.314200e-01
7.438000e+03 4.319750e-01
7.438500e+03 4.325290e-01
7.439000e+03 4.330830e-01
7.439500e+03 4.336380e-01
7.440000e+03 4.341920e-01
7.440500e+03 4.347450e-01
7.441000e+03 4.352980e-01
7.441500e+03 4.358500e-01
7.442000e+03 4.364030e-01
7.442500e+03 4.369550e-01
7.443000e+03 4.375070e-01
7.443500e+03 4.380590e-01
7.444000e+03 4.386110e-01
7.444500e+03 4.375090e-01
7.445000e+03 4.364070e-01
7.445500e+03 4.353050e-01
7.446000e+03 4.342040e-01
7.446500e+03 4.331020e-01
7.447000e+03 4.320010e-01
7.447500e+03 4.309000e-01
7.448000e+03 4.298000e-01
7.448500e+03 4.287000e-01
7.449000e+03 4.276000e-01
7.449500e+03 4.265000e-01
7.450000e+03 4.254010e-01
7.450500e+03 4.243030e-01
7.451000e+03 4.232060e-01
7.451500e+03 4.221080e-01
7.452000e+03 4.210100e-01
7.452500e+03 4.199130e-01
7.453000e+03 4.188160e-01
7.453500e+03 4.177190e-01
7.454000e+03 4.166230e-01
7.454500e+03 4.167980e-01
7.455000e+03 4.169730e-01
7.455500e+03 4.171480e-01
7.456000e+03 4.173230e-01
7.456500e+03 4.174980e-01
7.457000e+03 4.176730e-01
7.457500e+03 4.178480e-01
7.458000e+03 4.180230e-01
7.458500e+03 4.181970e-01
7.459000e+03 4.183720e-01
7.459500e+03 4.185460e-01
7.460000e+03 4.187200e-01
7.460500e+03 4.189000e-01
7.461000e+03 4.190790e-01
7.461500e+03 4.192580e-01
7.462000e+03 4.194380e-01
7.462500e+03 4.196170e-01
7.463000e+03 4.197960e-01
7.463500e+03 4.199750e-01
7.464000e+03 4.201550e-01
7.464500e+03 4.207560e-01
7.465000e+03 4.213570e-01
7.465500e+03 4.219590e-01
7.466000e+03 4.225610e-01
7.466500e+03 4.231620e-01
7.467000e+03 4.237630e-01
7.467500e+03 4.243640e-01
7.468000e+03 4.249650e-01
7.468500e+03 4.255650e-01
7.469000e+03 4.261660e-01
7.469500e+03 4.267660e-01
7.470000e+03 4.273670e-01
7.470500e+03 4.279640e-01
7.471000e+03 4.285600e-01
7.471500e+03 4.291570e-01
7.472000e+03 4.297530e-01
7.472500e+03 4.303490e-01
7.473000e+03 4.309460e-01
7.473500e+03 4.315410e-01
7.474000e+03 4.321370e-01
7.474500e+03 4.316220e-01
7.475000e+03 4.311080e-01
7.475500e+03 4.305930e-01
7.476000e+03 4.300790e-01
7.476500e+03 4.295650e-01
7.477000e+03 4.290510e-01
7.477500e+03 4.285370e-01
7.478000e+03 4.280220e-01
7.478500e+03 4.275090e-01
7.479000e+03 4.269960e-01
7.479500e+03 4.264820e-01
7.480000e+03 4.259690e-01
7.480500e+03 4.254650e-01
7.481000e+03 4.249620e-01
7.481500e+03 4.244590e-01
7.482000e+03 4.239570e-01
7.482500e+03 4.234540e-01
7.483000e+03 4.229510e-01
7.483500e+03 4.224480e-01
7.484000e+03 4.219460e-01
7.484500e+03 4.213990e-01
7.485000e+03 4.208530e-01
7.485500e+03 4.203060e-01
7.486000e+03 4.197600e-01
7.486500e+03 4.192130e-01
7.487000e+03 4.186660e-01
7.487500e+03 4.181200e-01
7.488000e+03 4.175740e-01
7.488500e+03 4.170280e-01
7.489000e+03 4.164820e-01
7.489500e+03 4.159360e-01
7.490000e+03 4.153910e-01
7.490500e+03 4.148320e-01
7.491000e+03 4.142740e-01
7.491500e+03 4.137160e-01
7.492000e+03 4.131580e-01
7.492500e+03 4.126010e-01
7.493000e+03 4.120430e-01
7.493500e+03 4.114860e-01
7.494000e+03 4.109300e-01
7.494500e+03 4.115430e-01
7.495000e+03 4.121580e-01
7.495500e+03 4.127720e-01
7.496000e+03 4.133870e-01
7.496500e+03 4.140010e-01
7.497000e+03 4.146150e-01
7.497500e+03 4.152290e-01
7.498000e+03 4.158430e-01
7.498500e+03 4.164570e-01
7.499000e+03 4.170700e-01
7.499500e+03 4.176840e-01
7.500000e+03 4.182970e-01
7.500500e+03 4.189210e-01
7.501000e+03 4.195450e-01
7.501500e+03 4.201690e-01
7.502000e+03 4.207920e-01
7.502000e+03 4.207920e-01
7.502500e+03 4.214170e-01
7.503000e+03 4.220410e-01
7.503500e+03 4.226650e-01
7.504000e+03 4.232870e-01
7.504500e+03 4.227850e-01
7.505000e+03 4.222830e-01
7.505500e+03 4.217810e-01
7.506000e+03 4.212800e-01
7.506000e+03 4.212800e-01
7.506500e+03 4.207780e-01
7.507000e+03 4.202760e-01
7.507500e+03 4.197740e-01
7.508000e+03 4.192730e-01
7.508500e+03 4.187710e-01
7.509000e+03 4.182690e-01
7.509500e+03 4.177680e-01
7.510000e+03 4.172680e-01
7.510000e+03 4.172670e-01
7.510500e+03 4.167460e-01
7.511000e+03 4.162250e-01
7.511500e+03 4.157030e-01
7.512000e+03 4.151830e-01
7.512500e+03 4.146630e-01
7.513000e+03 4.141420e-01
7.513500e+03 4.136220e-01
7.514000e+03 4.131020e-01
7.514000e+03 4.131020e-01
7.514500e+03 4.129770e-01
7.515000e+03 4.128530e-01
7.515500e+03 4.127290e-01
7.516000e+03 4.126060e-01
7.516500e+03 4.124820e-01
7.517000e+03 4.123590e-01
7.517500e+03 4.122350e-01
7.518000e+03 4.121120e-01
7.518000e+03 4.121120e-01
7.518500e+03 4.119880e-01
7.519000e+03 4.118640e-01
7.519500e+03 4.117400e-01
7.520000e+03 4.116160e-01
7.520500e+03 4.115410e-01
7.521000e+03 4.114660e-01
7.521500e+03 4.113910e-01
7.522000e+03 4.113150e-01
7.522000e+03 4.113150e-01
7.522500e+03 4.112380e-01
7.523000e+03 4.111620e-01
7.523500e+03 4.110860e-01
7.524000e+03 4.110110e-01
7.524500e+03 4.109130e-01
7.525000e+03 4.108160e-01
7.525500e+03 4.107180e-01
7.526000e+03 4.106210e-01
7.526000e+03 4.106210e-01
7.526500e+03 4.105230e-01
7.527000e+03 4.104240e-01
7.527500e+03 4.103270e-01
7.528000e+03 4.102290e-01
7.528500e+03 4.101310e-01
7.529000e+03 4.100340e-01
7.529000e+03 4.100340e-01
7.529500e+03 4.099360e-01
7.530000e+03 4.098380e-01
7.530500e+03 4.096590e-01
7.531000e+03 4.094790e-01
7.531500e+03 4.093010e-01
7.532000e+03 4.091220e-01
7.532500e+03 4.089420e-01
7.533000e+03 4.087630e-01
7.533000e+03 4.087630e-01
7.533500e+03 4.085840e-01
7.534000e+03 4.084060e-01
7.534500e+03 4.078540e-01
7.535000e+03 4.073020e-01
7.535500e+03 4.067520e-01
7.536000e+03 4.062010e-01
7.536500e+03 4.056490e-01
7.537000e+03 4.050980e-01
7.537000e+03 4.050970e-01
7.537500e+03 4.045480e-01
7.538000e+03 4.039980e-01
7.538500e+03 4.034480e-01
7.539000e+03 4.028990e-01
7.539500e+03 4.023500e-01
7.540000e+03 4.018000e-01
7.540500e+03 4.013260e-01
7.541000e+03 4.008510e-01
7.541000e+03 4.008510e-01
7.541500e+03 4.003770e-01
7.542000e+03 3.999020e-01
7.542500e+03 3.994280e-01
7.543000e+03 3.989540e-01
7.543500e+03 3.984800e-01
7.544000e+03 3.980060e-01
7.544500e+03 3.982310e-01
7.545000e+03 3.984560e-01
7.545000e+03 3.984560e-01
7.545500e+03 3.986820e-01
7.546000e+03 3.989080e-01
7.546500e+03 3.991330e-01
7.547000e+03 3.993580e-01
7.547500e+03 3.995830e-01
7.548000e+03 3.998090e-01
7.548500e+03 4.000350e-01
7.549000e+03 4.002600e-01
7.549000e+03 4.002610e-01
7.549500e+03 4.004860e-01
7.550000e+03 4.007110e-01
7.550500e+03 4.009110e-01
7.551000e+03 4.011110e-01
7.551500e+03 4.013110e-01
7.552000e+03 4.015110e-01
7.552500e+03 4.017120e-01
7.553000e+03 4.019120e-01
7.553000e+03 4.019120e-01
7.553500e+03 4.021120e-01
7.554000e+03 4.023120e-01
7.554500e+03 4.026870e-01
7.555000e+03 4.030620e-01
7.555500e+03 4.034360e-01
7.556000e+03 4.038110e-01
7.556500e+03 4.041850e-01
7.557000e+03 4.045580e-01
7.557000e+03 4.045590e-01
7.557500e+03 4.049330e-01
7.558000e+03 4.053070e-01
7.558500e+03 4.056810e-01
7.559000e+03 4.060550e-01
7.559500e+03 4.064290e-01
7.560000e+03 4.068020e-01
7.560500e+03 4.071590e-01
7.561000e+03 4.075160e-01
7.561000e+03 4.075160e-01
7.561500e+03 4.078740e-01
7.562000e+03 4.082310e-01
7.562500e+03 4.085880e-01
7.563000e+03 4.089440e-01
7.563500e+03 4.093010e-01
7.564000e+03 4.096560e-01
7.564500e+03 4.092950e-01
7.565000e+03 4.089330e-01
7.565000e+03 4.089330e-01
7.565500e+03 4.085710e-01
7.566000e+03 4.082080e-01
7.566500e+03 4.078450e-01
7.567000e+03 4.074830e-01
7.567500e+03 4.071210e-01
7.568000e+03 4.067590e-01
7.568500e+03 4.063970e-01
7.569000e+03 4.060360e-01
7.569000e+03 4.060360e-01
7.569500e+03 4.056740e-01
7.570000e+03 4.053120e-01
7.570500e+03 4.049510e-01
7.571000e+03 4.045900e-01
7.571500e+03 4.042300e-01
7.572000e+03 4.038690e-01
7.572500e+03 4.035080e-01
7.573000e+03 4.031480e-01
7.573000e+03 4.031470e-01
7.573500e+03 4.027870e-01
7.574000e+03 4.024260e-01
7.574500e+03 4.021310e-01
7.575000e+03 4.018370e-01
7.575500e+03 4.015420e-01
7.576000e+03 4.012460e-01
7.576500e+03 4.009510e-01
7.577000e+03 4.006570e-01
7.577000e+03 4.006570e-01
7.577500e+03 4.003620e-01
7.578000e+03 4.000680e-01
7.578500e+03 3.997740e-01
7.579000e+03 3.994780e-01
7.579500e+03 3.991840e-01
7.580000e+03 3.988890e-01
7.580000e+03 3.988890e-01
7.580500e+03 3.986120e-01
7.581000e+03 3.983350e-01
7.581500e+03 3.980580e-01
7.582000e+03 3.977800e-01
7.582500e+03 3.975030e-01
7.583000e+03 3.972250e-01
7.583500e+03 3.969480e-01
7.584000e+03 3.966720e-01
7.584000e+03 3.966710e-01
7.584500e+03 3.973250e-01
7.585000e+03 3.979800e-01
7.585500e+03 3.986340e-01
7.586000e+03 3.992880e-01
7.586500e+03 3.999430e-01
7.587000e+03 4.005980e-01
7.587500e+03 4.012510e-01
7.588000e+03 4.019050e-01
7.588000e+03 4.019050e-01
7.588500e+03 4.025580e-01
7.589000e+03 4.032110e-01
7.589500e+03 4.038650e-01
7.590000e+03 4.045190e-01
7.590500e+03 4.051560e-01
7.591000e+03 4.057930e-01
7.591500e+03 4.064310e-01
7.592000e+03 4.070680e-01
7.592000e+03 4.070680e-01
7.592500e+03 4.077040e-01
7.593000e+03 4.083410e-01
7.593500e+03 4.089770e-01
7.594000e+03 4.096130e-01
7.594500e+03 4.086070e-01
7.595000e+03 4.076000e-01
7.595500e+03 4.065920e-01
7.596000e+03 4.055850e-01
7.596000e+03 4.055840e-01
7.596500e+03 4.045790e-01
7.597000e+03 4.035720e-01
7.597500e+03 4.025670e-01
7.598000e+03 4.015620e-01
7.598500e+03 4.005570e-01
7.599000e+03 3.995510e-01
7.599500e+03 3.985450e-01
7.600000e+03 3.975410e-01
7.600000e+03 3.975400e-01
7.600500e+03 3.965630e-01
7.601000e+03 3.955850e-01
7.601500e+03 3.946070e-01
7.602000e+03 3.936290e-01
7.602500e+03 3.926530e-01
7.603000e+03 3.916740e-01
7.603500e+03 3.906970e-01
7.604000e+03 3.897210e-01
7.604000e+03 3.897220e-01
7.604500e+03 3.907500e-01
7.605000e+03 3.917780e-01
7.605500e+03 3.928090e-01
7.606000e+03 3.938370e-01
7.606500e+03 3.948660e-01
7.607000e+03 3.958950e-01
7.607500e+03 3.969240e-01
7.608000e+03 3.979510e-01
7.608000e+03 3.979520e-01
7.608500e+03 3.989810e-01
7.609000e+03 4.000090e-01
7.609500e+03 4.010380e-01
7.610000e+03 4.020650e-01
7.610500e+03 4.030580e-01
7.611000e+03 4.040510e-01
7.611500e+03 4.050440e-01
7.612000e+03 4.060350e-01
7.612000e+03 4.060360e-01
7.612500e+03 4.070290e-01
7.613000e+03 4.080220e-01
7.613500e+03 4.090140e-01
7.614000e+03 4.100040e-01
7.614500e+03 4.100700e-01
7.615000e+03 4.101350e-01
7.615500e+03 4.102000e-01
7.616000e+03 4.102640e-01
7.616000e+03 4.102640e-01
7.616500e+03 4.103290e-01
7.617000e+03 4.103940e-01
7.617500e+03 4.104590e-01
7.618000e+03 4.105240e-01
7.618500e+03 4.105890e-01
7.619000e+03 4.106540e-01
7.619500e+03 4.107190e-01
7.620000e+03 4.107830e-01
7.620000e+03 4.107830e-01
7.620500e+03 4.108640e-01
7.621000e+03 4.109450e-01
7.621500e+03 4.110270e-01
7.622000e+03 4.111070e-01
7.622500e+03 4.111880e-01
7.623000e+03 4.112690e-01
7.623500e+03 4.113500e-01
7.624000e+03 4.114320e-01
7.624000e+03 4.114320e-01
7.624500e+03 4.115340e-01
7.625000e+03 4.116360e-01
7.625500e+03 4.117390e-01
7.626000e+03 4.118410e-01
7.626500e+03 4.119430e-01
7.627000e+03 4.120450e-01
7.627500e+03 4.121470e-01
7.628000e+03 4.122490e-01
7.628000e+03 4.122490e-01
7.628500e+03 4.123510e-01
7.629000e+03 4.124530e-01
7.629500e+03 4.125550e-01
7.630000e+03 4.126560e-01
7.630500e+03 4.127650e-01
7.631000e+03 4.128730e-01
7.631000e+03 4.128730e-01
7.631500e+03 4.129810e-01
7.632000e+03 4.130880e-01
7.632500e+03 4.131960e-01
7.633000e+03 4.133040e-01
7.633500e+03 4.134120e-01
7.634000e+03 4.135200e-01
7.634500e+03 4.138840e-01
7.635000e+03 4.142480e-01
7.635000e+03 4.142490e-01
7.635500e+03 4.146130e-01
7.636000e+03 4.149780e-01
7.636500e+03 4.153420e-01
7.637000e+03 4.157060e-01
7.637500e+03 4.160700e-01
7.638000e+03 4.164350e-01
7.638500e+03 4.167980e-01
7.639000e+03 4.171620e-01
7.639000e+03 4.171620e-01
7.639500e+03 4.175260e-01
7.640000e+03 4.178900e-01
7.640500e+03 4.182210e-01
7.641000e+03 4.185520e-01
7.641500e+03 4.188830e-01
7.642000e+03 4.192130e-01
7.642500e+03 4.195440e-01
7.643000e+03 4.198740e-01
7.643000e+03 4.198750e-01
7.643500e+03 4.202040e-01
7.644000e+03 4.205330e-01
7.644500e+03 4.202650e-01
7.645000e+03 4.199970e-01
7.645500e+03 4.197290e-01
7.646000e+03 4.194600e-01
7.646500e+03 4.191920e-01
7.647000e+03 4.189240e-01
7.647000e+03 4.189240e-01
7.647500e+03 4.186560e-01
7.648000e+03 4.183880e-01
7.648500e+03 4.181200e-01
7.649000e+03 4.178520e-01
7.649500e+03 4.175850e-01
7.650000e+03 4.173170e-01
7.650500e+03 4.170710e-01
7.651000e+03 4.168260e-01
7.651000e+03 4.168250e-01
7.651500e+03 4.165810e-01
7.652000e+03 4.163360e-01
7.652500e+03 4.160910e-01
7.653000e+03 4.158460e-01
7.653500e+03 4.156010e-01
7.654000e+03 4.153550e-01
7.654500e+03 4.152380e-01
7.655000e+03 4.151220e-01
7.655000e+03 4.151220e-01
7.655500e+03 4.150040e-01
7.656000e+03 4.148860e-01
7.656500e+03 4.147690e-01
7.657000e+03 4.146520e-01
7.657500e+03 4.145350e-01
7.658000e+03 4.144190e-01
7.658500e+03 4.143010e-01
7.659000e+03 4.141840e-01
7.659000e+03 4.141840e-01
7.659500e+03 4.140670e-01
7.660000e+03 4.139510e-01
7.660500e+03 4.138280e-01
7.661000e+03 4.137050e-01
7.661500e+03 4.135810e-01
7.662000e+03 4.134580e-01
7.662500e+03 4.133350e-01
7.663000e+03 4.132120e-01
7.663000e+03 4.132110e-01
7.663500e+03 4.130880e-01
7.664000e+03 4.129650e-01
7.664500e+03 4.129480e-01
7.665000e+03 4.129310e-01
7.665500e+03 4.129150e-01
7.666000e+03 4.128980e-01
7.666500e+03 4.128810e-01
7.667000e+03 4.128640e-01
7.667000e+03 4.128640e-01
7.667500e+03 4.128470e-01
7.668000e+03 4.128300e-01
7.668500e+03 4.128130e-01
7.669000e+03 4.127970e-01
7.669500e+03 4.127800e-01
7.670000e+03 4.127630e-01
7.670500e+03 4.127380e-01
7.671000e+03 4.127130e-01
7.671000e+03 4.127130e-01
7.671500e+03 4.126880e-01
7.672000e+03 4.126630e-01
7.672500e+03 4.126380e-01
7.673000e+03 4.126130e-01
7.673500e+03 4.125870e-01
7.674000e+03 4.125610e-01
7.674500e+03 4.119860e-01
7.675000e+03 4.114110e-01
7.675000e+03 4.114110e-01
7.675500e+03 4.108350e-01
7.676000e+03 4.102590e-01
7.676500e+03 4.096840e-01
7.677000e+03 4.091100e-01
7.677500e+03 4.085360e-01
7.678000e+03 4.079610e-01
7.678500e+03 4.073870e-01
7.679000e+03 4.068130e-01
7.679000e+03 4.068120e-01
7.679500e+03 4.062380e-01
7.680000e+03 4.056640e-01
7.680500e+03 4.050910e-01
7.681000e+03 4.045170e-01
7.681500e+03 4.039450e-01
7.682000e+03 4.033720e-01
7.682000e+03 4.033720e-01
7.682500e+03 4.027990e-01
7.683000e+03 4.022270e-01
7.683500e+03 4.016550e-01
7.684000e+03 4.010830e-01
7.684500e+03 4.012700e-01
7.685000e+03 4.014570e-01
7.685500e+03 4.016450e-01
7.686000e+03 4.018330e-01
7.686000e+03 4.018330e-01
7.686500e+03 4.020210e-01
7.687000e+03 4.022080e-01
7.687500e+03 4.023950e-01
7.688000e+03 4.025830e-01
7.688500e+03 4.027700e-01
7.689000e+03 4.029570e-01
7.689500e+03 4.031440e-01
7.690000e+03 4.033310e-01
7.690000e+03 4.033310e-01
7.690500e+03 4.035260e-01
7.691000e+03 4.037210e-01
7.691500e+03 4.039160e-01
7.692000e+03 4.041100e-01
7.692500e+03 4.043050e-01
7.693000e+03 4.045010e-01
7.693500e+03 4.046950e-01
7.694000e+03 4.048880e-01
7.694000e+03 4.048880e-01
7.694500e+03 4.044310e-01
7.695000e+03 4.039730e-01
7.695500e+03 4.035150e-01
7.696000e+03 4.030580e-01
7.696500e+03 4.026000e-01
7.697000e+03 4.021430e-01
7.697500e+03 4.016850e-01
7.698000e+03 4.012280e-01
7.698000e+03 4.012280e-01
7.698500e+03 4.007710e-01
7.699000e+03 4.003140e-01
7.699500e+03 3.998580e-01
7.700000e+03 3.994020e-01
7.700500e+03 3.989480e-01
7.701000e+03 3.984940e-01
7.701500e+03 3.980410e-01
7.702000e+03 3.975880e-01
7.702000e+03 3.975870e-01
7.702500e+03 3.971340e-01
7.703000e+03 3.966800e-01
7.703500e+03 3.962270e-01
7.704000e+03 3.957750e-01
7.704500e+03 3.959930e-01
7.705000e+03 3.962120e-01
7.705500e+03 3.964300e-01
7.706000e+03 3.966480e-01
7.706000e+03 3.966480e-01
7.706500e+03 3.968660e-01
7.707000e+03 3.970840e-01
7.707500e+03 3.973020e-01
7.708000e+03 3.975200e-01
7.708500e+03 3.977380e-01
7.709000e+03 3.979560e-01
7.709500e+03 3.981740e-01
7.710000e+03 3.983910e-01
7.710000e+03 3.983910e-01
7.710500e+03 3.985940e-01
7.711000e+03 3.987970e-01
7.711500e+03 3.989990e-01
7.712000e+03 3.992010e-01
7.712500e+03 3.994040e-01
7.713000e+03 3.996060e-01
7.713500e+03 3.998080e-01
7.714000e+03 4.000090e-01
7.714000e+03 4.000080e-01
7.714500e+03 3.993960e-01
7.715000e+03 3.987830e-01
7.715500e+03 3.981690e-01
7.716000e+03 3.975560e-01
7.716500e+03 3.969430e-01
7.717000e+03 3.963300e-01
7.717500e+03 3.957170e-01
7.718000e+03 3.951050e-01
7.718000e+03 3.951040e-01
7.718500e+03 3.944920e-01
7.719000e+03 3.938800e-01
7.719500e+03 3.932680e-01
7.720000e+03 3.926570e-01
7.720500e+03 3.920490e-01
7.721000e+03 3.914410e-01
7.721500e+03 3.908330e-01
7.722000e+03 3.902260e-01
7.722000e+03 3.902250e-01
7.722500e+03 3.896180e-01
7.723000e+03 3.890110e-01
7.723500e+03 3.884030e-01
7.724000e+03 3.877970e-01
7.724500e+03 3.878570e-01
7.725000e+03 3.879170e-01
7.725500e+03 3.879770e-01
7.726000e+03 3.880380e-01
7.726000e+03 3.880380e-01
7.726500e+03 3.880980e-01
7.727000e+03 3.881580e-01
7.727500e+03 3.882180e-01
7.728000e+03 3.882790e-01
7.728500e+03 3.883380e-01
7.729000e+03 3.883980e-01
7.729500e+03 3.884580e-01
7.730000e+03 3.885180e-01
7.730000e+03 3.885180e-01
7.730500e+03 3.885810e-01
7.731000e+03 3.886430e-01
7.731500e+03 3.887060e-01
7.732000e+03 3.887690e-01
7.732500e+03 3.888310e-01
7.733000e+03 3.888930e-01
7.733000e+03 3.888930e-01
7.733500e+03 3.889550e-01
7.734000e+03 3.890170e-01
7.734500e+03 3.891210e-01
7.735000e+03 3.892250e-01
7.735500e+03 3.893290e-01
7.736000e+03 3.894320e-01
7.736500e+03 3.895360e-01
7.737000e+03 3.896400e-01
7.737000e+03 3.896400e-01
7.737500e+03 3.897430e-01
7.738000e+03 3.898460e-01
7.738500e+03 3.899500e-01
7.739000e+03 3.900530e-01
7.739500e+03 3.901560e-01
7.740000e+03 3.902600e-01
7.740500e+03 3.903920e-01
7.741000e+03 3.905250e-01
7.741000e+03 3.905250e-01
7.741500e+03 3.906570e-01
7.742000e+03 3.907890e-01
7.742500e+03 3.909220e-01
7.743000e+03 3.910550e-01
7.743500e+03 3.911860e-01
7.744000e+03 3.913180e-01
7.744500e+03 3.909120e-01
7.745000e+03 3.905050e-01
7.745000e+03 3.905050e-01
7.745500e+03 3.900980e-01
7.746000e+03 3.896920e-01
7.746500e+03 3.892860e-01
7.747000e+03 3.888790e-01
7.747500e+03 3.884730e-01
7.748000e+03 3.880660e-01
7.748500e+03 3.876600e-01
7.749000e+03 3.872550e-01
7.749000e+03 3.872540e-01
7.749500e+03 3.868480e-01
7.750000e+03 3.864420e-01
7.750500e+03 3.860130e-01
7.751000e+03 3.855850e-01
7.751500e+03 3.851580e-01
7.752000e+03 3.847300e-01
7.752500e+03 3.843020e-01
7.753000e+03 3.838730e-01
7.753000e+03 3.838730e-01
7.753500e+03 3.834460e-01
7.754000e+03 3.830180e-01
7.754500e+03 3.828180e-01
7.755000e+03 3.826180e-01
7.755500e+03 3.824180e-01
7.756000e+03 3.822190e-01
7.756500e+03 3.820190e-01
7.757000e+03 3.818180e-01
7.757000e+03 3.818180e-01
7.757500e+03 3.816180e-01
7.758000e+03 3.814180e-01
7.758500e+03 3.812190e-01
7.759000e+03 3.810200e-01
7.759500e+03 3.808200e-01
7.760000e+03 3.806200e-01
7.760500e+03 3.803610e-01
7.761000e+03 3.801020e-01
7.761000e+03 3.801020e-01
7.761500e+03 3.798430e-01
7.762000e+03 3.795850e-01
7.762500e+03 3.793250e-01
7.763000e+03 3.790670e-01
7.763500e+03 3.788080e-01
7.764000e+03 3.785500e-01
7.764500e+03 3.781890e-01
7.765000e+03 3.778280e-01
7.765000e+03 3.778270e-01
7.765500e+03 3.774670e-01
7.766000e+03 3.771060e-01
7.766500e+03 3.767450e-01
7.767000e+03 3.763860e-01
7.767500e+03 3.760250e-01
7.768000e+03 3.756650e-01
7.768500e+03 3.753060e-01
7.769000e+03 3.749460e-01
7.769000e+03 3.749460e-01
7.769500e+03 3.745860e-01
7.770000e+03 3.742270e-01
7.770500e+03 3.739480e-01
7.771000e+03 3.736690e-01
7.771500e+03 3.733900e-01
7.772000e+03 3.731110e-01
7.772500e+03 3.728310e-01
7.773000e+03 3.725530e-01
7.773000e+03 3.725520e-01
7.773500e+03 3.722730e-01
7.774000e+03 3.719940e-01
7.774500e+03 3.722900e-01
7.775000e+03 3.725840e-01
7.775500e+03 3.728800e-01
7.776000e+03 3.731750e-01
7.776500e+03 3.734700e-01
7.777000e+03 3.737640e-01
7.777000e+03 3.737640e-01
7.777500e+03 3.740590e-01
7.778000e+03 3.743540e-01
7.778500e+03 3.746490e-01
7.779000e+03 3.749440e-01
7.779500e+03 3.752380e-01
7.780000e+03 3.755320e-01
7.780500e+03 3.758220e-01
7.781000e+03 3.761110e-01
7.781000e+03 3.761110e-01
7.781500e+03 3.764000e-01
7.782000e+03 3.766890e-01
7.782500e+03 3.769790e-01
7.783000e+03 3.772670e-01
7.783500e+03 3.775560e-01
7.784000e+03 3.778440e-01
7.784000e+03 3.778440e-01
7.784500e+03 3.778050e-01
7.785000e+03 3.777660e-01
7.785500e+03 3.777270e-01
7.786000e+03 3.776880e-01
7.786500e+03 3.776500e-01
7.787000e+03 3.776110e-01
7.787500e+03 3.775720e-01
7.788000e+03 3.775330e-01
7.788000e+03 3.775330e-01
7.788500e+03 3.774940e-01
7.789000e+03 3.774560e-01
7.789500e+03 3.774160e-01
7.790000e+03 3.773770e-01
7.790500e+03 3.773260e-01
7.791000e+03 3.772740e-01
7.791500e+03 3.772220e-01
7.792000e+03 3.771690e-01
7.792000e+03 3.771690e-01
7.792500e+03 3.771180e-01
7.793000e+03 3.770660e-01
7.793500e+03 3.770140e-01
7.794000e+03 3.769620e-01
7.794500e+03 3.769910e-01
7.795000e+03 3.770210e-01
7.795500e+03 3.770510e-01
7.796000e+03 3.770800e-01
7.796000e+03 3.770800e-01
7.796500e+03 3.771100e-01
7.797000e+03 3.771400e-01
7.797500e+03 3.771700e-01
7.798000e+03 3.771990e-01
7.798500e+03 3.772290e-01
7.799000e+03 3.772580e-01
7.799500e+03 3.772880e-01
7.800000e+03 3.773170e-01
7.800000e+03 3.773170e-01
7.800500e+03 3.773460e-01
7.801000e+03 3.773760e-01
7.801500e+03 3.774050e-01
7.802000e+03 3.774350e-01
7.802500e+03 3.774640e-01
7.803000e+03 3.774940e-01
7.803500e+03 3.775230e-01
7.804000e+03 3.775520e-01
7.804000e+03 3.775520e-01
7.804500e+03 3.776430e-01
7.805000e+03 3.777340e-01
7.805500e+03 3.778240e-01
7.806000e+03 3.779140e-01
7.806500e+03 3.780040e-01
7.807000e+03 3.780950e-01
7.807500e+03 3.781850e-01
7.808000e+03 3.782750e-01
7.808000e+03 3.782750e-01
7.808500e+03 3.783650e-01
7.809000e+03 3.784550e-01
7.809500e+03 3.785450e-01
7.810000e+03 3.786350e-01
7.810500e+03 3.786900e-01
7.811000e+03 3.787460e-01
7.811500e+03 3.788020e-01
7.812000e+03 3.788570e-01
7.812000e+03 3.788570e-01
7.812500e+03 3.789130e-01
7.813000e+03 3.789690e-01
7.813500e+03 3.790240e-01
7.814000e+03 3.790800e-01
7.814500e+03 3.791150e-01
7.815000e+03 3.791500e-01
7.815500e+03 3.791850e-01
7.816000e+03 3.792200e-01
7.816000e+03 3.792200e-01
7.816500e+03 3.792550e-01
7.817000e+03 3.792890e-01
7.817500e+03 3.793240e-01
7.818000e+03 3.793600e-01
7.818500e+03 3.793940e-01
7.819000e+03 3.794290e-01
7.819500e+03 3.794630e-01
7.820000e+03 3.794970e-01
7.820000e+03 3.794970e-01
7.820500e+03 3.795490e-01
7.821000e+03 3.796000e-01
7.821500e+03 3.796520e-01
7.822000e+03 3.797030e-01
7.822500e+03 3.797550e-01
7.823000e+03 3.798060e-01
7.823500e+03 3.798570e-01
7.824000e+03 3.799080e-01
7.824000e+03 3.799080e-01
7.824500e+03 3.799810e-01
7.825000e+03 3.800530e-01
7.825500e+03 3.801240e-01
7.826000e+03 3.801940e-01
7.826500e+03 3.802660e-01
7.827000e+03 3.803370e-01
7.827500e+03 3.804080e-01
7.828000e+03 3.804790e-01
7.828000e+03 3.804790e-01
7.828500e+03 3.805500e-01
7.829000e+03 3.806210e-01
7.829500e+03 3.806920e-01
7.830000e+03 3.807630e-01
7.830500e+03 3.808140e-01
7.831000e+03 3.808660e-01
7.831500e+03 3.809170e-01
7.832000e+03 3.809680e-01
7.832000e+03 3.809680e-01
7.832500e+03 3.810190e-01
7.833000e+03 3.810690e-01
7.833500e+03 3.811200e-01
7.834000e+03 3.811710e-01
7.834500e+03 3.811200e-01
7.835000e+03 3.810700e-01
7.835000e+03 3.810700e-01
7.835500e+03 3.810200e-01
7.836000e+03 3.809700e-01
7.836500e+03 3.809200e-01
7.837000e+03 3.808700e-01
7.837500e+03 3.808200e-01
7.838000e+03 3.807690e-01
7.838500e+03 3.807200e-01
7.839000e+03 3.806700e-01
7.839000e+03 3.806700e-01
7.839500e+03 3.806200e-01
7.840000e+03 3.805690e-01
7.840500e+03 3.805690e-01
7.841000e+03 3.805690e-01
7.841500e+03 3.805680e-01
7.842000e+03 3.805680e-01
7.842500e+03 3.805680e-01
7.843000e+03 3.805670e-01
7.843000e+03 3.805670e-01
7.843500e+03 3.805670e-01
7.844000e+03 3.805660e-01
7.844500e+03 3.809270e-01
7.845000e+03 3.812880e-01
7.845500e+03 3.816480e-01
7.846000e+03 3.820080e-01
7.846500e+03 3.823680e-01
7.847000e+03 3.827280e-01
7.847000e+03 3.827280e-01
7.847500e+03 3.830870e-01
7.848000e+03 3.834470e-01
7.848500e+03 3.838070e-01
7.849000e+03 3.841660e-01
7.849500e+03 3.845250e-01
7.850000e+03 3.848850e-01
7.850500e+03 3.851810e-01
7.851000e+03 3.854780e-01
7.851000e+03 3.854780e-01
7.851500e+03 3.857730e-01
7.852000e+03 3.860680e-01
7.852500e+03 3.863640e-01
7.853000e+03 3.866600e-01
7.853500e+03 3.869550e-01
7.854000e+03 3.872500e-01
7.854500e+03 3.869850e-01
7.855000e+03 3.867200e-01
7.855000e+03 3.867190e-01
7.855500e+03 3.864550e-01
7.856000e+03 3.861910e-01
7.856500e+03 3.859270e-01
7.857000e+03 3.856620e-01
7.857500e+03 3.853980e-01
7.858000e+03 3.851340e-01
7.858500e+03 3.848700e-01
7.859000e+03 3.846060e-01
7.859000e+03 3.846050e-01
7.859500e+03 3.843420e-01
7.860000e+03 3.840780e-01
7.860500e+03 3.838640e-01
7.861000e+03 3.836500e-01
7.861500e+03 3.834350e-01
7.862000e+03 3.832200e-01
7.862500e+03 3.830060e-01
7.863000e+03 3.827930e-01
7.863000e+03 3.827920e-01
7.863500e+03 3.825780e-01
7.864000e+03 3.823630e-01
7.864500e+03 3.823480e-01
7.865000e+03 3.823330e-01
7.865500e+03 3.823170e-01
7.866000e+03 3.823010e-01
7.866500e+03 3.822860e-01
7.867000e+03 3.822700e-01
7.867000e+03 3.822700e-01
7.867500e+03 3.822550e-01
7.868000e+03 3.822390e-01
7.868500e+03 3.822240e-01
7.869000e+03 3.822080e-01
7.869500e+03 3.821930e-01
7.870000e+03 3.821770e-01
7.870500e+03 3.821410e-01
7.871000e+03 3.821050e-01
7.871000e+03 3.821050e-01
7.871500e+03 3.820680e-01
7.872000e+03 3.820310e-01
7.872500e+03 3.819940e-01
7.873000e+03 3.819580e-01
7.873500e+03 3.819210e-01
7.874000e+03 3.818850e-01
7.874500e+03 3.819280e-01
7.875000e+03 3.819700e-01
7.875000e+03 3.819700e-01
7.875500e+03 3.820130e-01
7.876000e+03 3.820560e-01
7.876500e+03 3.820990e-01
7.877000e+03 3.821410e-01
7.877500e+03 3.821830e-01
7.878000e+03 3.822260e-01
7.878500e+03 3.822680e-01
7.879000e+03 3.823110e-01
7.879000e+03 3.823110e-01
7.879500e+03 3.823530e-01
7.880000e+03 3.823950e-01
7.880500e+03 3.824460e-01
7.881000e+03 3.824960e-01
7.881500e+03 3.825470e-01
7.882000e+03 3.825970e-01
7.882500e+03 3.826470e-01
7.883000e+03 3.826970e-01
7.883000e+03 3.826970e-01
7.883500e+03 3.827470e-01
7.884000e+03 3.827980e-01
7.884500e+03 3.827290e-01
7.885000e+03 3.826610e-01
7.885500e+03 3.825930e-01
7.886000e+03 3.825250e-01
7.886000e+03 3.825250e-01
7.886500e+03 3.824560e-01
7.887000e+03 3.823870e-01
7.887500e+03 3.823190e-01
7.888000e+03 3.822510e-01
7.888500e+03 3.821820e-01
7.889000e+03 3.821140e-01
7.889500e+03 3.820460e-01
7.890000e+03 3.819780e-01
7.890000e+03 3.819780e-01
7.890500e+03 3.819040e-01
7.891000e+03 3.818300e-01
7.891500e+03 3.817570e-01
7.892000e+03 3.816830e-01
7.892500e+03 3.816100e-01
7.893000e+03 3.815360e-01
7.893500e+03 3.814630e-01
7.894000e+03 3.813900e-01
7.894000e+03 3.813900e-01
7.894500e+03 3.815330e-01
7.895000e+03 3.816760e-01
7.895500e+03 3.818190e-01
7.896000e+03 3.819610e-01
7.896500e+03 3.821040e-01
7.897000e+03 3.822470e-01
7.897500e+03 3.823890e-01
7.898000e+03 3.825320e-01
7.898000e+03 3.825320e-01
7.898500e+03 3.826740e-01
7.899000e+03 3.828160e-01
7.899500e+03 3.829590e-01
7.900000e+03 3.831010e-01
7.900500e+03 3.832370e-01
7.901000e+03 3.833740e-01
7.901500e+03 3.835110e-01
7.902000e+03 3.836480e-01
7.902000e+03 3.836480e-01
7.902500e+03 3.837850e-01
7.903000e+03 3.839210e-01
7.903500e+03 3.840570e-01
7.904000e+03 3.841940e-01
7.904500e+03 3.838010e-01
7.905000e+03 3.834080e-01
7.905500e+03 3.830160e-01
7.906000e+03 3.826240e-01
7.906000e+03 3.826240e-01
7.906500e+03 3.822320e-01
7.907000e+03 3.818390e-01
7.907500e+03 3.814470e-01
7.908000e+03 3.810550e-01
7.908500e+03 3.806640e-01
7.909000e+03 3.802720e-01
7.909500e+03 3.798800e-01
7.910000e+03 3.794890e-01
7.910000e+03 3.794890e-01
7.910500e+03 3.790900e-01
7.911000e+03 3.786910e-01
7.911500e+03 3.782920e-01
7.912000e+03 3.778930e-01
7.912500e+03 3.774950e-01
7.913000e+03 3.770960e-01
7.913500e+03 3.766990e-01
7.914000e+03 3.763010e-01
7.914000e+03 3.763010e-01
7.914500e+03 3.762150e-01
7.915000e+03 3.761300e-01
7.915500e+03 3.760440e-01
7.916000e+03 3.759580e-01
7.916500e+03 3.758730e-01
7.917000e+03 3.757870e-01
7.917500e+03 3.757020e-01
7.918000e+03 3.756160e-01
7.918000e+03 3.756160e-01
7.918500e+03 3.755300e-01
7.919000e+03 3.754440e-01
7.919500e+03 3.753580e-01
7.920000e+03 3.752730e-01
7.920500e+03 3.752040e-01
7.921000e+03 3.751350e-01
7.921500e+03 3.750660e-01
7.922000e+03 3.749970e-01
7.922000e+03 3.749970e-01
7.922500e+03 3.749270e-01
7.923000e+03 3.748580e-01
7.923500e+03 3.747890e-01
7.924000e+03 3.747200e-01
7.924500e+03 3.749230e-01
7.925000e+03 3.751250e-01
7.925500e+03 3.753280e-01
7.926000e+03 3.755300e-01
7.926000e+03 3.755300e-01
7.926500e+03 3.757320e-01
7.927000e+03 3.759340e-01
7.927500e+03 3.761370e-01
7.928000e+03 3.763390e-01
7.928500e+03 3.765410e-01
7.929000e+03 3.767420e-01
7.929500e+03 3.769440e-01
7.930000e+03 3.771460e-01
7.930000e+03 3.771460e-01
7.930500e+03 3.773570e-01
7.931000e+03 3.775670e-01
7.931500e+03 3.777780e-01
7.932000e+03 3.779880e-01
7.932500e+03 3.781980e-01
7.933000e+03 3.784080e-01
7.933500e+03 3.786180e-01
7.934000e+03 3.788270e-01
7.934000e+03 3.788260e-01
7.934500e+03 3.781080e-01
7.935000e+03 3.773880e-01
7.935500e+03 3.766690e-01
7.936000e+03 3.759500e-01
7.936500e+03 3.752310e-01
7.937000e+03 3.745120e-01
7.937000e+03 3.745110e-01
7.937500e+03 3.737940e-01
7.938000e+03 3.730770e-01
7.938000e+03 3.730760e-01
7.938500e+03 3.723580e-01
7.939000e+03 3.716410e-01
7.939500e+03 3.709230e-01
7.940000e+03 3.702050e-01
7.940500e+03 3.694540e-01
7.941000e+03 3.687030e-01
7.941000e+03 3.687030e-01
7.941500e+03 3.679530e-01
7.942000e+03 3.672020e-01
7.942500e+03 3.664520e-01
7.943000e+03 3.657010e-01
7.943500e+03 3.649540e-01
7.944000e+03 3.642050e-01
7.944500e+03 3.645550e-01
7.945000e+03 3.649050e-01
7.945000e+03 3.649060e-01
7.945500e+03 3.652550e-01
7.946000e+03 3.656050e-01
7.946500e+03 3.659560e-01
7.947000e+03 3.663050e-01
7.947500e+03 3.666540e-01
7.948000e+03 3.670040e-01
7.948500e+03 3.673520e-01
7.949000e+03 3.677010e-01
7.949000e+03 3.677010e-01
7.949500e+03 3.680490e-01
7.950000e+03 3.683970e-01
7.950500e+03 3.687480e-01
7.951000e+03 3.690990e-01
7.951500e+03 3.694490e-01
7.952000e+03 3.697990e-01
7.952500e+03 3.701490e-01
7.953000e+03 3.704990e-01
7.953000e+03 3.704990e-01
7.953500e+03 3.708480e-01
7.954000e+03 3.711970e-01
7.954500e+03 3.709890e-01
7.955000e+03 3.707810e-01
7.955500e+03 3.705740e-01
7.956000e+03 3.703670e-01
7.956500e+03 3.701600e-01
7.957000e+03 3.699520e-01
7.957000e+03 3.699520e-01
7.957500e+03 3.697450e-01
7.958000e+03 3.695380e-01
7.958500e+03 3.693310e-01
7.959000e+03 3.691230e-01
7.959500e+03 3.689170e-01
7.960000e+03 3.687100e-01
7.960500e+03 3.685150e-01
7.961000e+03 3.683190e-01
7.961000e+03 3.683190e-01
7.961500e+03 3.681230e-01
7.962000e+03 3.679270e-01
7.962500e+03 3.677320e-01
7.963000e+03 3.675360e-01
7.963500e+03 3.673410e-01
7.964000e+03 3.671450e-01
7.964500e+03 3.673890e-01
7.965000e+03 3.676330e-01
7.965000e+03 3.676330e-01
7.965500e+03 3.678770e-01
7.966000e+03 3.681210e-01
7.966500e+03 3.683650e-01
7.967000e+03 3.686080e-01
7.967500e+03 3.688510e-01
7.968000e+03 3.690940e-01
7.968500e+03 3.693370e-01
7.969000e+03 3.695790e-01
7.969000e+03 3.695790e-01
7.969500e+03 3.698220e-01
7.970000e+03 3.700640e-01
7.970500e+03 3.703130e-01
7.971000e+03 3.705600e-01
7.971500e+03 3.708070e-01
7.972000e+03 3.710530e-01
7.972500e+03 3.713000e-01
7.973000e+03 3.715460e-01
7.973000e+03 3.715470e-01
7.973500e+03 3.717940e-01
7.974000e+03 3.720400e-01
7.974500e+03 3.715830e-01
7.975000e+03 3.711260e-01
7.975500e+03 3.706690e-01
7.976000e+03 3.702120e-01
7.976500e+03 3.697550e-01
7.977000e+03 3.692990e-01
7.977000e+03 3.692990e-01
7.977500e+03 3.688430e-01
7.978000e+03 3.683860e-01
7.978500e+03 3.679300e-01
7.979000e+03 3.674740e-01
7.979500e+03 3.670180e-01
7.980000e+03 3.665630e-01
7.980500e+03 3.661910e-01
7.981000e+03 3.658190e-01
7.981000e+03 3.658180e-01
7.981500e+03 3.654460e-01
7.982000e+03 3.650740e-01
7.982500e+03 3.647010e-01
7.983000e+03 3.643290e-01
7.983500e+03 3.639570e-01
7.984000e+03 3.635850e-01
7.984500e+03 3.637060e-01
7.985000e+03 3.638270e-01
7.985000e+03 3.638270e-01
7.985500e+03 3.639480e-01
7.986000e+03 3.640680e-01
7.986500e+03 3.641890e-01
7.987000e+03 3.643100e-01
7.987500e+03 3.644310e-01
7.988000e+03 3.645510e-01
7.988500e+03 3.646720e-01
7.989000e+03 3.647930e-01
7.989000e+03 3.647930e-01
7.989500e+03 3.649130e-01
7.990000e+03 3.650330e-01
7.990500e+03 3.651090e-01
7.991000e+03 3.651860e-01
7.991500e+03 3.652620e-01
7.992000e+03 3.653380e-01
7.992000e+03 3.653380e-01
7.992500e+03 3.654140e-01
7.993000e+03 3.654890e-01
7.993500e+03 3.655650e-01
7.994000e+03 3.656400e-01
7.994500e+03 3.655070e-01
7.995000e+03 3.653740e-01
7.995500e+03 3.652420e-01
7.996000e+03 3.651100e-01
7.996000e+03 3.651100e-01
7.996500e+03 3.649770e-01
7.997000e+03 3.648430e-01
7.997500e+03 3.647100e-01
7.998000e+03 3.645780e-01
7.998500e+03 3.644450e-01
7.999000e+03 3.643120e-01
7.999500e+03 3.641790e-01
8.000000e+03 3.640460e-01
8.000000e+03 3.640460e-01
8.000500e+03 3.638510e-01
8.001000e+03 3.636570e-01
8.001500e+03 3.634620e-01
8.002000e+03 3.632680e-01
8.002500e+03 3.630740e-01
8.003000e+03 3.628790e-01
8.003500e+03 3.626840e-01
8.004000e+03 3.624890e-01
8.004000e+03 3.624890e-01
8.004500e+03 3.621250e-01
8.005000e+03 3.617610e-01
8.005500e+03 3.613980e-01
8.006000e+03 3.610340e-01
8.006500e+03 3.606710e-01
8.007000e+03 3.603070e-01
8.007500e+03 3.599430e-01
8.008000e+03 3.595800e-01
8.008000e+03 3.595790e-01
8.008500e+03 3.592170e-01
8.009000e+03 3.588540e-01
8.009500e+03 3.584910e-01
8.010000e+03 3.581290e-01
8.010500e+03 3.577960e-01
8.011000e+03 3.574630e-01
8.011500e+03 3.571300e-01
8.012000e+03 3.567970e-01
8.012000e+03 3.567970e-01
8.012500e+03 3.564640e-01
8.013000e+03 3.561320e-01
8.013500e+03 3.557990e-01
8.014000e+03 3.554670e-01
8.014500e+03 3.558870e-01
8.015000e+03 3.563070e-01
8.015500e+03 3.567270e-01
8.016000e+03 3.571460e-01
8.016000e+03 3.571460e-01
8.016500e+03 3.575660e-01
8.017000e+03 3.579850e-01
8.017500e+03 3.584040e-01
8.018000e+03 3.588220e-01
8.018500e+03 3.592410e-01
8.019000e+03 3.596590e-01
8.019500e+03 3.600770e-01
8.020000e+03 3.604940e-01
8.020000e+03 3.604940e-01
8.020500e+03 3.609330e-01
8.021000e+03 3.613720e-01
8.021500e+03 3.618120e-01
8.022000e+03 3.622500e-01
8.022500e+03 3.626880e-01
8.023000e+03 3.631260e-01
8.023500e+03 3.635640e-01
8.024000e+03 3.640020e-01
8.024000e+03 3.640020e-01
8.024500e+03 3.636710e-01
8.025000e+03 3.633410e-01
8.025500e+03 3.630100e-01
8.026000e+03 3.626800e-01
8.026500e+03 3.623500e-01
8.027000e+03 3.620190e-01
8.027500e+03 3.616900e-01
8.028000e+03 3.613600e-01
8.028000e+03 3.613600e-01
8.028500e+03 3.610290e-01
8.029000e+03 3.606990e-01
8.029500e+03 3.603690e-01
8.030000e+03 3.600400e-01
8.030500e+03 3.596880e-01
8.031000e+03 3.593370e-01
8.031500e+03 3.589850e-01
8.032000e+03 3.586340e-01
8.032000e+03 3.586340e-01
8.032500e+03 3.582830e-01
8.033000e+03 3.579320e-01
8.033500e+03 3.575810e-01
8.034000e+03 3.572310e-01
8.034500e+03 3.573660e-01
8.035000e+03 3.575010e-01
8.035500e+03 3.576350e-01
8.036000e+03 3.577700e-01
8.036000e+03 3.577700e-01
8.036500e+03 3.579050e-01
8.037000e+03 3.580400e-01
8.037500e+03 3.581740e-01
8.038000e+03 3.583090e-01
8.038500e+03 3.584430e-01
8.039000e+03 3.585770e-01
8.039500e+03 3.587110e-01
8.040000e+03 3.588450e-01
8.040000e+03 3.588460e-01
8.040500e+03 3.589780e-01
8.041000e+03 3.591110e-01
8.041500e+03 3.592440e-01
8.042000e+03 3.593770e-01
8.042500e+03 3.595110e-01
8.043000e+03 3.596440e-01
8.043000e+03 3.596440e-01
8.043500e+03 3.597760e-01
8.044000e+03 3.599080e-01
8.044500e+03 3.596130e-01
8.045000e+03 3.593170e-01
8.045500e+03 3.590230e-01
8.046000e+03 3.587280e-01
8.046500e+03 3.584320e-01
8.047000e+03 3.581370e-01
8.047000e+03 3.581370e-01
8.047500e+03 3.578420e-01
8.048000e+03 3.575470e-01
8.048500e+03 3.572520e-01
8.049000e+03 3.569570e-01
8.049500e+03 3.566630e-01
8.050000e+03 3.563680e-01
8.050500e+03 3.561220e-01
8.051000e+03 3.558770e-01
8.051000e+03 3.558770e-01
8.051500e+03 3.556310e-01
8.052000e+03 3.553850e-01
8.052500e+03 3.551390e-01
8.053000e+03 3.548940e-01
8.053500e+03 3.546480e-01
8.054000e+03 3.544020e-01
8.054500e+03 3.543980e-01
8.055000e+03 3.543930e-01
8.055000e+03 3.543930e-01
8.055500e+03 3.543890e-01
8.056000e+03 3.543840e-01
8.056500e+03 3.543790e-01
8.057000e+03 3.543750e-01
8.057500e+03 3.543700e-01
8.058000e+03 3.543650e-01
8.058500e+03 3.543610e-01
8.059000e+03 3.543570e-01
8.059000e+03 3.543570e-01
8.059500e+03 3.543520e-01
8.060000e+03 3.543470e-01
8.060500e+03 3.542480e-01
8.061000e+03 3.541490e-01
8.061500e+03 3.540510e-01
8.062000e+03 3.539520e-01
8.062500e+03 3.538530e-01
8.063000e+03 3.537540e-01
8.063000e+03 3.537540e-01
8.063500e+03 3.536560e-01
8.064000e+03 3.535580e-01
8.064500e+03 3.536440e-01
8.065000e+03 3.537290e-01
8.065500e+03 3.538150e-01
8.066000e+03 3.539010e-01
8.066500e+03 3.539880e-01
8.067000e+03 3.540730e-01
8.067000e+03 3.540740e-01
8.067500e+03 3.541590e-01
8.068000e+03 3.542440e-01
8.068500e+03 3.543300e-01
8.069000e+03 3.544150e-01
8.069500e+03 3.545000e-01
8.070000e+03 3.545860e-01
8.070500e+03 3.547640e-01
8.071000e+03 3.549420e-01
8.071000e+03 3.549420e-01
8.071500e+03 3.551210e-01
8.072000e+03 3.553000e-01
8.072500e+03 3.554780e-01
8.073000e+03 3.556560e-01
8.073500e+03 3.558350e-01
8.074000e+03 3.560140e-01
8.074500e+03 3.556770e-01
8.075000e+03 3.553400e-01
8.075000e+03 3.553400e-01
8.075500e+03 3.550020e-01
8.076000e+03 3.546650e-01
8.076500e+03 3.543280e-01
8.077000e+03 3.539910e-01
8.077500e+03 3.536540e-01
8.078000e+03 3.533170e-01
8.078500e+03 3.529810e-01
8.079000e+03 3.526450e-01
8.079000e+03 3.526450e-01
8.079500e+03 3.523080e-01
8.080000e+03 3.519700e-01
8.080500e+03 3.516030e-01
8.081000e+03 3.512360e-01
8.081500e+03 3.508690e-01
8.082000e+03 3.505020e-01
8.082500e+03 3.501350e-01
8.083000e+03 3.497690e-01
8.083000e+03 3.497690e-01
8.083500e+03 3.494020e-01
8.084000e+03 3.490360e-01
8.084500e+03 3.492940e-01
8.085000e+03 3.495520e-01
8.085500e+03 3.498090e-01
8.086000e+03 3.500670e-01
8.086500e+03 3.503240e-01
8.087000e+03 3.505820e-01
8.087000e+03 3.505820e-01
8.087500e+03 3.508390e-01
8.088000e+03 3.510960e-01
8.088500e+03 3.513540e-01
8.089000e+03 3.516110e-01
8.089500e+03 3.518680e-01
8.090000e+03 3.521260e-01
8.090500e+03 3.523350e-01
8.091000e+03 3.525450e-01
8.091000e+03 3.525450e-01
8.091500e+03 3.527550e-01
8.092000e+03 3.529650e-01
8.092500e+03 3.531740e-01
8.093000e+03 3.533840e-01
8.093500e+03 3.535930e-01
8.094000e+03 3.538020e-01
8.094000e+03 3.538020e-01
8.094500e+03 3.537730e-01
8.095000e+03 3.537450e-01
8.095500e+03 3.537150e-01
8.096000e+03 3.536860e-01
8.096500e+03 3.536580e-01
8.097000e+03 3.536290e-01
8.097500e+03 3.536000e-01
8.098000e+03 3.535700e-01
8.098000e+03 3.535700e-01
8.098500e+03 3.535410e-01
8.099000e+03 3.535120e-01
8.099500e+03 3.534830e-01
8.100000e+03 3.534540e-01
8.100500e+03 3.535030e-01
8.101000e+03 3.535530e-01
8.101500e+03 3.536020e-01
8.102000e+03 3.536500e-01
8.102000e+03 3.536500e-01
8.102500e+03 3.537000e-01
8.103000e+03 3.537490e-01
8.103500e+03 3.537980e-01
8.104000e+03 3.538470e-01
8.104500e+03 3.540970e-01
8.105000e+03 3.543460e-01
8.105500e+03 3.545960e-01
8.106000e+03 3.548450e-01
8.106000e+03 3.548450e-01
8.106500e+03 3.550940e-01
8.107000e+03 3.553430e-01
8.107500e+03 3.555920e-01
8.108000e+03 3.558410e-01
8.108500e+03 3.560900e-01
8.109000e+03 3.563390e-01
8.109500e+03 3.565880e-01
8.110000e+03 3.568370e-01
8.110000e+03 3.568370e-01
8.110500e+03 3.570470e-01
8.111000e+03 3.572580e-01
8.111500e+03 3.574670e-01
8.112000e+03 3.576760e-01
8.112500e+03 3.578850e-01
8.113000e+03 3.580950e-01
8.113500e+03 3.583040e-01
8.114000e+03 3.585120e-01
8.114000e+03 3.585120e-01
8.114500e+03 3.579770e-01
8.115000e+03 3.574410e-01
8.115500e+03 3.569060e-01
8.116000e+03 3.563710e-01
8.116500e+03 3.558350e-01
8.117000e+03 3.552990e-01
8.117500e+03 3.547640e-01
8.118000e+03 3.542300e-01
8.118000e+03 3.542290e-01
8.118500e+03 3.536940e-01
8.119000e+03 3.531600e-01
8.119500e+03 3.526240e-01
8.120000e+03 3.520910e-01
8.120500e+03 3.515410e-01
8.121000e+03 3.509920e-01
8.121500e+03 3.504440e-01
8.122000e+03 3.498970e-01
8.122000e+03 3.498960e-01
8.122500e+03 3.493480e-01
8.123000e+03 3.488000e-01
8.123500e+03 3.482520e-01
8.124000e+03 3.477050e-01
8.124500e+03 3.473750e-01
8.125000e+03 3.470450e-01
8.125500e+03 3.467150e-01
8.126000e+03 3.463860e-01
8.126000e+03 3.463860e-01
8.126500e+03 3.460560e-01
8.127000e+03 3.457270e-01
8.127500e+03 3.453970e-01
8.128000e+03 3.450690e-01
8.128500e+03 3.447400e-01
8.129000e+03 3.444110e-01
8.129500e+03 3.440810e-01
8.130000e+03 3.437530e-01
8.130000e+03 3.437520e-01
8.130500e+03 3.434300e-01
8.131000e+03 3.431080e-01
8.131500e+03 3.427860e-01
8.132000e+03 3.424650e-01
8.132500e+03 3.421430e-01
8.133000e+03 3.418210e-01
8.133500e+03 3.415000e-01
8.134000e+03 3.411780e-01
8.134000e+03 3.411780e-01
8.134500e+03 3.415420e-01
8.135000e+03 3.419060e-01
8.135500e+03 3.422690e-01
8.136000e+03 3.426310e-01
8.136500e+03 3.429950e-01
8.137000e+03 3.433580e-01
8.137500e+03 3.437200e-01
8.138000e+03 3.440820e-01
8.138000e+03 3.440820e-01
8.138500e+03 3.444450e-01
8.139000e+03 3.448080e-01
8.139500e+03 3.451700e-01
8.140000e+03 3.455310e-01
8.140500e+03 3.458820e-01
8.141000e+03 3.462340e-01
8.141500e+03 3.465850e-01
8.142000e+03 3.469350e-01
8.142000e+03 3.469360e-01
8.142500e+03 3.472860e-01
8.143000e+03 3.476350e-01
8.143500e+03 3.479860e-01
8.144000e+03 3.483360e-01
8.144500e+03 3.481110e-01
8.145000e+03 3.478860e-01
8.145000e+03 3.478860e-01
8.145500e+03 3.476620e-01
8.146000e+03 3.474380e-01
8.146500e+03 3.472130e-01
8.147000e+03 3.469890e-01
8.147500e+03 3.467650e-01
8.148000e+03 3.465400e-01
8.148500e+03 3.463170e-01
8.149000e+03 3.460930e-01
8.149000e+03 3.460930e-01
8.149500e+03 3.458680e-01
8.150000e+03 3.456430e-01
8.150500e+03 3.454600e-01
8.151000e+03 3.452760e-01
8.151500e+03 3.450920e-01
8.152000e+03 3.449070e-01
8.152500e+03 3.447230e-01
8.153000e+03 3.445400e-01
8.153000e+03 3.445400e-01
8.153500e+03 3.443560e-01
8.154000e+03 3.441710e-01
8.154500e+03 3.438980e-01
8.155000e+03 3.436250e-01
8.155500e+03 3.433520e-01
8.156000e+03 3.430790e-01
8.156500e+03 3.428050e-01
8.157000e+03 3.425320e-01
8.157000e+03 3.425310e-01
8.157500e+03 3.422580e-01
8.158000e+03 3.419850e-01
8.158500e+03 3.417120e-01
8.159000e+03 3.414390e-01
8.159500e+03 3.411670e-01
8.160000e+03 3.408940e-01
8.160500e+03 3.405320e-01
8.161000e+03 3.401700e-01
8.161000e+03 3.401700e-01
8.161500e+03 3.398090e-01
8.162000e+03 3.394480e-01
8.162500e+03 3.390870e-01
8.163000e+03 3.387270e-01
8.163500e+03 3.383670e-01
8.164000e+03 3.380060e-01
8.164500e+03 3.380560e-01
8.165000e+03 3.381050e-01
8.165000e+03 3.381050e-01
8.165500e+03 3.381540e-01
8.166000e+03 3.382030e-01
8.166500e+03 3.382520e-01
8.167000e+03 3.383010e-01
8.167500e+03 3.383500e-01
8.168000e+03 3.383980e-01
8.168500e+03 3.384470e-01
8.169000e+03 3.384960e-01
8.169000e+03 3.384960e-01
8.169500e+03 3.385440e-01
8.170000e+03 3.385910e-01
8.170500e+03 3.387390e-01
8.171000e+03 3.388860e-01
8.171500e+03 3.390330e-01
8.172000e+03 3.391790e-01
8.172500e+03 3.393260e-01
8.173000e+03 3.394730e-01
8.173000e+03 3.394730e-01
8.173500e+03 3.396200e-01
8.174000e+03 3.397670e-01
8.174500e+03 3.395760e-01
8.175000e+03 3.393860e-01
8.175500e+03 3.391970e-01
8.176000e+03 3.390070e-01
8.176500e+03 3.388170e-01
8.177000e+03 3.386270e-01
8.177000e+03 3.386270e-01
8.177500e+03 3.384370e-01
8.178000e+03 3.382470e-01
8.178500e+03 3.380570e-01
8.179000e+03 3.378670e-01
8.179500e+03 3.376770e-01
8.180000e+03 3.374880e-01
8.180500e+03 3.372950e-01
8.181000e+03 3.371030e-01
8.181000e+03 3.371030e-01
8.181500e+03 3.369090e-01
8.182000e+03 3.367160e-01
8.182500e+03 3.365240e-01
8.183000e+03 3.363320e-01
8.183500e+03 3.361390e-01
8.184000e+03 3.359460e-01
8.184500e+03 3.362490e-01
8.185000e+03 3.365510e-01
8.185000e+03 3.365510e-01
8.185500e+03 3.368530e-01
8.186000e+03 3.371550e-01
8.186500e+03 3.374580e-01
8.187000e+03 3.377600e-01
8.187500e+03 3.380620e-01
8.188000e+03 3.383640e-01
8.188500e+03 3.386650e-01
8.189000e+03 3.389670e-01
8.189000e+03 3.389670e-01
8.189500e+03 3.392690e-01
8.190000e+03 3.395700e-01
8.190500e+03 3.398150e-01
8.191000e+03 3.400590e-01
8.191500e+03 3.403030e-01
8.192000e+03 3.405470e-01
8.192500e+03 3.407900e-01
8.193000e+03 3.410340e-01
8.193500e+03 3.412770e-01
8.194000e+03 3.415210e-01
8.194500e+03 3.411820e-01
8.195000e+03 3.408430e-01
8.195500e+03 3.405050e-01
8.196000e+03 3.401680e-01
8.196500e+03 3.398300e-01
8.197000e+03 3.394920e-01
8.197500e+03 3.391550e-01
8.198000e+03 3.388180e-01
8.198500e+03 3.384800e-01
8.199000e+03 3.381430e-01
8.199500e+03 3.378060e-01
8.200000e+03 3.374700e-01
8.200500e+03 3.371580e-01
8.201000e+03 3.368460e-01
8.201500e+03 3.365340e-01
8.202000e+03 3.362230e-01
8.202500e+03 3.359110e-01
8.203000e+03 3.356000e-01
8.203500e+03 3.352890e-01
8.204000e+03 3.349770e-01
8.204500e+03 3.348070e-01
8.205000e+03 3.346360e-01
8.205500e+03 3.344650e-01
8.206000e+03 3.342940e-01
8.206500e+03 3.341240e-01
8.207000e+03 3.339540e-01
8.207500e+03 3.337830e-01
8.208000e+03 3.336130e-01
8.208500e+03 3.334430e-01
8.209000e+03 3.332720e-01
8.209500e+03 3.331020e-01
8.210000e+03 3.329310e-01
8.210500e+03 3.327870e-01
8.211000e+03 3.326430e-01
8.211500e+03 3.324990e-01
8.212000e+03 3.323540e-01
8.212500e+03 3.322100e-01
8.213000e+03 3.320650e-01
8.213500e+03 3.319210e-01
8.214000e+03 3.317770e-01
8.214500e+03 3.318600e-01
8.215000e+03 3.319430e-01
8.215500e+03 3.320250e-01
8.216000e+03 3.321080e-01
8.216500e+03 3.321910e-01
8.217000e+03 3.322740e-01
8.217500e+03 3.323570e-01
8.218000e+03 3.324390e-01
8.218500e+03 3.325220e-01
8.219000e+03 3.326050e-01
8.219500e+03 3.326870e-01
8.220000e+03 3.327700e-01
8.220500e+03 3.327540e-01
8.221000e+03 3.327370e-01
8.221500e+03 3.327210e-01
8.222000e+03 3.327050e-01
8.222500e+03 3.326880e-01
8.223000e+03 3.326710e-01
8.223500e+03 3.326540e-01
8.224000e+03 3.326370e-01
8.224500e+03 3.325340e-01
8.225000e+03 3.324310e-01
8.225500e+03 3.323270e-01
8.226000e+03 3.322230e-01
8.226500e+03 3.321200e-01
8.227000e+03 3.320160e-01
8.227500e+03 3.319130e-01
8.228000e+03 3.318090e-01
8.228500e+03 3.317050e-01
8.229000e+03 3.316010e-01
8.229500e+03 3.314980e-01
8.230000e+03 3.313940e-01
8.230500e+03 3.313780e-01
8.231000e+03 3.313620e-01
8.231500e+03 3.313470e-01
8.232000e+03 3.313310e-01
8.232500e+03 3.313160e-01
8.233000e+03 3.313000e-01
8.233500e+03 3.312840e-01
8.234000e+03 3.312680e-01
8.234500e+03 3.312870e-01
8.235000e+03 3.313060e-01
8.235500e+03 3.313250e-01
8.236000e+03 3.313440e-01
8.236500e+03 3.313620e-01
8.237000e+03 3.313800e-01
8.237500e+03 3.313990e-01
8.238000e+03 3.314180e-01
8.238500e+03 3.314370e-01
8.239000e+03 3.314550e-01
8.239500e+03 3.314740e-01
8.240000e+03 3.314920e-01
8.240500e+03 3.314820e-01
8.241000e+03 3.314710e-01
8.241500e+03 3.314600e-01
8.242000e+03 3.314500e-01
8.242500e+03 3.314390e-01
8.243000e+03 3.314280e-01
8.243500e+03 3.314180e-01
8.244000e+03 3.314070e-01
8.244500e+03 3.311540e-01
8.245000e+03 3.309020e-01
8.245500e+03 3.306510e-01
8.246000e+03 3.303990e-01
8.246500e+03 3.301470e-01
8.247000e+03 3.298960e-01
8.247500e+03 3.296440e-01
8.248000e+03 3.293930e-01
8.248500e+03 3.291420e-01
8.249000e+03 3.288910e-01
8.249500e+03 3.286400e-01
8.250000e+03 3.283890e-01
8.250500e+03 3.281600e-01
8.251000e+03 3.279310e-01
8.251500e+03 3.277020e-01
8.252000e+03 3.274720e-01
8.252500e+03 3.272440e-01
8.253000e+03 3.270160e-01
8.253500e+03 3.267870e-01
8.254000e+03 3.265580e-01
8.254500e+03 3.267580e-01
8.255000e+03 3.269580e-01
8.255500e+03 3.271580e-01
8.256000e+03 3.273580e-01
8.256500e+03 3.275580e-01
8.257000e+03 3.277580e-01
8.257500e+03 3.279570e-01
8.258000e+03 3.281570e-01
8.258500e+03 3.283560e-01
8.259000e+03 3.285550e-01
8.259500e+03 3.287530e-01
8.260000e+03 3.289520e-01
8.260500e+03 3.291330e-01
8.261000e+03 3.293140e-01
8.261500e+03 3.294950e-01
8.262000e+03 3.296750e-01
8.262500e+03 3.298550e-01
8.263000e+03 3.300360e-01
8.263500e+03 3.302160e-01
8.264000e+03 3.303960e-01
8.264500e+03 3.302340e-01
8.265000e+03 3.300730e-01
8.265500e+03 3.299110e-01
8.266000e+03 3.297490e-01
8.266500e+03 3.295880e-01
8.267000e+03 3.294260e-01
8.267500e+03 3.292650e-01
8.268000e+03 3.291030e-01
8.268500e+03 3.289420e-01
8.269000e+03 3.287810e-01
8.269500e+03 3.286190e-01
8.270000e+03 3.284580e-01
8.270500e+03 3.283100e-01
8.271000e+03 3.281620e-01
8.271500e+03 3.280150e-01
8.272000e+03 3.278680e-01
8.272500e+03 3.277210e-01
8.273000e+03 3.275740e-01
8.273500e+03 3.274260e-01
8.274000e+03 3.272780e-01
8.274500e+03 3.270970e-01
8.275000e+03 3.269160e-01
8.275500e+03 3.267350e-01
8.276000e+03 3.265530e-01
8.276500e+03 3.263720e-01
8.277000e+03 3.261900e-01
8.277500e+03 3.260100e-01
8.278000e+03 3.258290e-01
8.278500e+03 3.256480e-01
8.279000e+03 3.254660e-01
8.279500e+03 3.252850e-01
8.280000e+03 3.251050e-01
8.280500e+03 3.249220e-01
8.281000e+03 3.247390e-01
8.281500e+03 3.245550e-01
8.282000e+03 3.243710e-01
8.282500e+03 3.241880e-01
8.283000e+03 3.240040e-01
8.283500e+03 3.238210e-01
8.284000e+03 3.236380e-01
8.284500e+03 3.234210e-01
8.285000e+03 3.232030e-01
8.285500e+03 3.229870e-01
8.286000e+03 3.227700e-01
8.286500e+03 3.225530e-01
8.287000e+03 3.223360e-01
8.287500e+03 3.221200e-01
8.288000e+03 3.219030e-01
8.288500e+03 3.216860e-01
8.289000e+03 3.214700e-01
8.289500e+03 3.212530e-01
8.290000e+03 3.210370e-01
8.290500e+03 3.207730e-01
8.291000e+03 3.205090e-01
8.291500e+03 3.202470e-01
8.292000e+03 3.199840e-01
8.292500e+03 3.197220e-01
8.293000e+03 3.194590e-01
8.293500e+03 3.191970e-01
8.294000e+03 3.189340e-01
8.294500e+03 3.189590e-01
8.295000e+03 3.189840e-01
8.295500e+03 3.190070e-01
8.296000e+03 3.190310e-01
8.296500e+03 3.190550e-01
8.297000e+03 3.190800e-01
8.297500e+03 3.191030e-01
8.298000e+03 3.191270e-01
8.298500e+03 3.191500e-01
8.299000e+03 3.191740e-01
8.299500e+03 3.191980e-01
8.300000e+03 3.192210e-01
8.300500e+03 3.192770e-01
8.301000e+03 3.193330e-01
8.301500e+03 3.193890e-01
8.302000e+03 3.194450e-01
8.302500e+03 3.195020e-01
8.303000e+03 3.195580e-01
8.303500e+03 3.196140e-01
8.304000e+03 3.196700e-01
8.304500e+03 3.196080e-01
8.305000e+03 3.195460e-01
8.305500e+03 3.194840e-01
8.306000e+03 3.194230e-01
8.306500e+03 3.193620e-01
8.307000e+03 3.193000e-01
8.307500e+03 3.192380e-01
8.308000e+03 3.191770e-01
8.308500e+03 3.191160e-01
8.309000e+03 3.190550e-01
8.309500e+03 3.189930e-01
8.310000e+03 3.189310e-01
8.310500e+03 3.188680e-01
8.311000e+03 3.188050e-01
8.311500e+03 3.187420e-01
8.312000e+03 3.186780e-01
8.312500e+03 3.186160e-01
8.313000e+03 3.185530e-01
8.313500e+03 3.184900e-01
8.314000e+03 3.184260e-01
8.314500e+03 3.182800e-01
8.315000e+03 3.181330e-01
8.315500e+03 3.179870e-01
8.316000e+03 3.178410e-01
8.316500e+03 3.176950e-01
8.317000e+03 3.175490e-01
8.317500e+03 3.174020e-01
8.318000e+03 3.172560e-01
8.318500e+03 3.171100e-01
8.319000e+03 3.169640e-01
8.319500e+03 3.168180e-01
8.320000e+03 3.166720e-01
8.320500e+03 3.165570e-01
8.321000e+03 3.164410e-01
8.321500e+03 3.163260e-01
8.322000e+03 3.162100e-01
8.322500e+03 3.160940e-01
8.323000e+03 3.159790e-01
8.323500e+03 3.158630e-01
8.324000e+03 3.157470e-01
8.324500e+03 3.157310e-01
8.325000e+03 3.157160e-01
8.325500e+03 3.157000e-01
8.326000e+03 3.156840e-01
8.326500e+03 3.156680e-01
8.327000e+03 3.156520e-01
8.327500e+03 3.156360e-01
8.328000e+03 3.156200e-01
8.328500e+03 3.156040e-01
8.329000e+03 3.155880e-01
8.329500e+03 3.155720e-01
8.330000e+03 3.155550e-01
8.330500e+03 3.154980e-01
8.331000e+03 3.154420e-01
8.331500e+03 3.153850e-01
8.332000e+03 3.153280e-01
8.332500e+03 3.152710e-01
8.333000e+03 3.152140e-01
8.333500e+03 3.151560e-01
8.334000e+03 3.150990e-01
8.334500e+03 3.150100e-01
8.335000e+03 3.149200e-01
8.335500e+03 3.148300e-01
8.336000e+03 3.147390e-01
8.336500e+03 3.146490e-01
8.337000e+03 3.145590e-01
8.337500e+03 3.144690e-01
8.338000e+03 3.143790e-01
8.338500e+03 3.142890e-01
8.339000e+03 3.141990e-01
8.339500e+03 3.141080e-01
8.340000e+03 3.140180e-01
8.340500e+03 3.139660e-01
8.341000e+03 3.139140e-01
8.341500e+03 3.138620e-01
8.342000e+03 3.138100e-01
8.342500e+03 3.137580e-01
8.343000e+03 3.137050e-01
8.343500e+03 3.136530e-01
8.344000e+03 3.136010e-01
8.344500e+03 3.135160e-01
8.345000e+03 3.134310e-01
8.345500e+03 3.133450e-01
8.346000e+03 3.132590e-01
8.346500e+03 3.131740e-01
8.347000e+03 3.130890e-01
8.347500e+03 3.130040e-01
8.348000e+03 3.129180e-01
8.348500e+03 3.128330e-01
8.349000e+03 3.127490e-01
8.349500e+03 3.126630e-01
8.350000e+03 3.125780e-01
8.350500e+03 3.124790e-01
8.351000e+03 3.123800e-01
8.351500e+03 3.122800e-01
8.352000e+03 3.121800e-01
8.352500e+03 3.120800e-01
8.353000e+03 3.119810e-01
8.353500e+03 3.118810e-01
8.354000e+03 3.117810e-01
8.354500e+03 3.117960e-01
8.355000e+03 3.118100e-01
8.355500e+03 3.118250e-01
8.356000e+03 3.118410e-01
8.356500e+03 3.118550e-01
8.357000e+03 3.118700e-01
8.357500e+03 3.118850e-01
8.358000e+03 3.119010e-01
8.358500e+03 3.119150e-01
8.359000e+03 3.119300e-01
8.359500e+03 3.119450e-01
8.360000e+03 3.119590e-01
8.360500e+03 3.119730e-01
8.361000e+03 3.119880e-01
8.361500e+03 3.120020e-01
8.362000e+03 3.120160e-01
8.362500e+03 3.120300e-01
8.363000e+03 3.120450e-01
8.363500e+03 3.120590e-01
8.364000e+03 3.120720e-01
8.364500e+03 3.117920e-01
8.365000e+03 3.115130e-01
8.365500e+03 3.112330e-01
8.366000e+03 3.109540e-01
8.366500e+03 3.106740e-01
8.367000e+03 3.103950e-01
8.367500e+03 3.101150e-01
8.368000e+03 3.098360e-01
8.368500e+03 3.095570e-01
8.369000e+03 3.092780e-01
8.369500e+03 3.089990e-01
8.370000e+03 3.087200e-01
8.370500e+03 3.084070e-01
8.371000e+03 3.080950e-01
8.371500e+03 3.077810e-01
8.372000e+03 3.074680e-01
8.372500e+03 3.071560e-01
8.373000e+03 3.068430e-01
8.373500e+03 3.065310e-01
8.374000e+03 3.062190e-01
8.374500e+03 3.064100e-01
8.375000e+03 3.066010e-01
8.375500e+03 3.067920e-01
8.376000e+03 3.069830e-01
8.376500e+03 3.071730e-01
8.377000e+03 3.073630e-01
8.377500e+03 3.075530e-01
8.378000e+03 3.077430e-01
8.378500e+03 3.079330e-01
8.379000e+03 3.081220e-01
8.379500e+03 3.083110e-01
8.380000e+03 3.085010e-01
8.380500e+03 3.087470e-01
8.381000e+03 3.089930e-01
8.381500e+03 3.092390e-01
8.382000e+03 3.094850e-01
8.382500e+03 3.097310e-01
8.383000e+03 3.099760e-01
8.383500e+03 3.102220e-01
8.384000e+03 3.104680e-01
8.384500e+03 3.102130e-01
8.385000e+03 3.099570e-01
8.385500e+03 3.097020e-01
8.386000e+03 3.094470e-01
8.386500e+03 3.091920e-01
8.387000e+03 3.089370e-01
8.387500e+03 3.086820e-01
8.388000e+03 3.084270e-01
8.388500e+03 3.081720e-01
8.389000e+03 3.079180e-01
8.389500e+03 3.076630e-01
8.390000e+03 3.074080e-01
8.390500e+03 3.071760e-01
8.391000e+03 3.069440e-01
8.391500e+03 3.067120e-01
8.392000e+03 3.064800e-01
8.392500e+03 3.062470e-01
8.393000e+03 3.060150e-01
8.393500e+03 3.057830e-01
8.394000e+03 3.055510e-01
8.394500e+03 3.056570e-01
8.395000e+03 3.057630e-01
8.395500e+03 3.058690e-01
8.396000e+03 3.059750e-01
8.396500e+03 3.060810e-01
8.397000e+03 3.061870e-01
8.397500e+03 3.062930e-01
8.398000e+03 3.063990e-01
8.398500e+03 3.065050e-01
8.399000e+03 3.066100e-01
8.399500e+03 3.067160e-01
8.400000e+03 3.068220e-01
8.400500e+03 3.068240e-01
8.401000e+03 3.068270e-01
8.401500e+03 3.068290e-01
8.402000e+03 3.068310e-01
8.402500e+03 3.068330e-01
8.403000e+03 3.068350e-01
8.403500e+03 3.068360e-01
8.404000e+03 3.068370e-01
8.404500e+03 3.068070e-01
8.405000e+03 3.067770e-01
8.405500e+03 3.067460e-01
8.406000e+03 3.067160e-01
8.406500e+03 3.066850e-01
8.407000e+03 3.066540e-01
8.407500e+03 3.066240e-01
8.408000e+03 3.065930e-01
8.408500e+03 3.065620e-01
8.409000e+03 3.065310e-01
8.409500e+03 3.065000e-01
8.410000e+03 3.064690e-01
8.410500e+03 3.064760e-01
8.411000e+03 3.064840e-01
8.411500e+03 3.064910e-01
8.412000e+03 3.064980e-01
8.412500e+03 3.065060e-01
8.413000e+03 3.065130e-01
8.413500e+03 3.065200e-01
8.414000e+03 3.065280e-01
8.414500e+03 3.064390e-01
8.415000e+03 3.063510e-01
8.415500e+03 3.062630e-01
8.416000e+03 3.061740e-01
8.416500e+03 3.060860e-01
8.417000e+03 3.059970e-01
8.417500e+03 3.059090e-01
8.418000e+03 3.058200e-01
8.418500e+03 3.057320e-01
8.419000e+03 3.056430e-01
8.419500e+03 3.055540e-01
8.420000e+03 3.054660e-01
8.420500e+03 3.053880e-01
8.421000e+03 3.053100e-01
8.421500e+03 3.052310e-01
8.422000e+03 3.051520e-01
8.422500e+03 3.050730e-01
8.423000e+03 3.049940e-01
8.423500e+03 3.049160e-01
8.424000e+03 3.048380e-01
8.424500e+03 3.048070e-01
8.425000e+03 3.047760e-01
8.425500e+03 3.047450e-01
8.426000e+03 3.047140e-01
8.426500e+03 3.046830e-01
8.427000e+03 3.046520e-01
8.427500e+03 3.046210e-01
8.428000e+03 3.045890e-01
8.428500e+03 3.045580e-01
8.429000e+03 3.045260e-01
8.429500e+03 3.044950e-01
8.430000e+03 3.044640e-01
8.430500e+03 3.043920e-01
8.431000e+03 3.043200e-01
8.431500e+03 3.042470e-01
8.432000e+03 3.041740e-01
8.432500e+03 3.041010e-01
8.433000e+03 3.040280e-01
8.433500e+03 3.039560e-01
8.434000e+03 3.038830e-01
8.434500e+03 3.034010e-01
8.435000e+03 3.029190e-01
8.435500e+03 3.024380e-01
8.436000e+03 3.019570e-01
8.436500e+03 3.014760e-01
8.437000e+03 3.009960e-01
8.437500e+03 3.005160e-01
8.438000e+03 3.000360e-01
8.438500e+03 2.995570e-01
8.439000e+03 2.990780e-01
8.439500e+03 2.985990e-01
8.440000e+03 2.981200e-01
8.440500e+03 2.976870e-01
8.441000e+03 2.972540e-01
8.441500e+03 2.968220e-01
8.442000e+03 2.963900e-01
8.442500e+03 2.959580e-01
8.443000e+03 2.955260e-01
8.443500e+03 2.950940e-01
8.444000e+03 2.946630e-01
8.444500e+03 2.948560e-01
8.445000e+03 2.950500e-01
8.445500e+03 2.952430e-01
8.446000e+03 2.954370e-01
8.446500e+03 2.956310e-01
8.447000e+03 2.958240e-01
8.447500e+03 2.960170e-01
8.448000e+03 2.962100e-01
8.448500e+03 2.964030e-01
8.449000e+03 2.965960e-01
8.449500e+03 2.967890e-01
8.450000e+03 2.969820e-01
8.450500e+03 2.971630e-01
8.451000e+03 2.973430e-01
8.451500e+03 2.975240e-01
8.452000e+03 2.977040e-01
8.452500e+03 2.978850e-01
8.453000e+03 2.980650e-01
8.453500e+03 2.982450e-01
8.454000e+03 2.984260e-01
8.454500e+03 2.983880e-01
8.455000e+03 2.983490e-01
8.455500e+03 2.983120e-01
8.456000e+03 2.982740e-01
8.456500e+03 2.982360e-01
8.457000e+03 2.981980e-01
8.457500e+03 2.981600e-01
8.458000e+03 2.981210e-01
8.458500e+03 2.980830e-01
8.459000e+03 2.980450e-01
8.459500e+03 2.980070e-01
8.460000e+03 2.979680e-01
8.460500e+03 2.979210e-01
8.461000e+03 2.978740e-01
8.461500e+03 2.978270e-01
8.462000e+03 2.977790e-01
8.462500e+03 2.977310e-01
8.463000e+03 2.976840e-01
8.463500e+03 2.976370e-01
8.464000e+03 2.975900e-01
8.464500e+03 2.974340e-01
8.465000e+03 2.972780e-01
8.465500e+03 2.971230e-01
8.466000e+03 2.969670e-01
8.466500e+03 2.968120e-01
8.467000e+03 2.966560e-01
8.467500e+03 2.965010e-01
8.468000e+03 2.963450e-01
8.468500e+03 2.961900e-01
8.469000e+03 2.960340e-01
8.469500e+03 2.958790e-01
8.470000e+03 2.957240e-01
8.470500e+03 2.955820e-01
8.471000e+03 2.954400e-01
8.471500e+03 2.952990e-01
8.472000e+03 2.951580e-01
8.472500e+03 2.950150e-01
8.473000e+03 2.948720e-01
8.473500e+03 2.947310e-01
8.474000e+03 2.945900e-01
8.474500e+03 2.943410e-01
8.475000e+03 2.940920e-01
8.475500e+03 2.938430e-01
8.476000e+03 2.935930e-01
8.476500e+03 2.933440e-01
8.477000e+03 2.930960e-01
8.477500e+03 2.928470e-01
8.478000e+03 2.925990e-01
8.478500e+03 2.923490e-01
8.479000e+03 2.921000e-01
8.479500e+03 2.918520e-01
8.480000e+03 2.916040e-01
8.480500e+03 2.914100e-01
8.481000e+03 2.912160e-01
8.481500e+03 2.910220e-01
8.482000e+03 2.908290e-01
8.482500e+03 2.906340e-01
8.483000e+03 2.904400e-01
8.483500e+03 2.902450e-01
8.484000e+03 2.900510e-01
8.484500e+03 2.901630e-01
8.485000e+03 2.902750e-01
8.485500e+03 2.903870e-01
8.486000e+03 2.904990e-01
8.486500e+03 2.906110e-01
8.487000e+03 2.907220e-01
8.487500e+03 2.908340e-01
8.488000e+03 2.909450e-01
8.488500e+03 2.910570e-01
8.489000e+03 2.911680e-01
8.489500e+03 2.912800e-01
8.490000e+03 2.913910e-01
8.490500e+03 2.914080e-01
8.491000e+03 2.914250e-01
8.491500e+03 2.914420e-01
8.492000e+03 2.914590e-01
8.492500e+03 2.914750e-01
8.493000e+03 2.914920e-01
8.493500e+03 2.915080e-01
8.494000e+03 2.915250e-01
8.494500e+03 2.913280e-01
8.495000e+03 2.911310e-01
8.495500e+03 2.909340e-01
8.496000e+03 2.907360e-01
8.496500e+03 2.905400e-01
8.497000e+03 2.903440e-01
8.497500e+03 2.901470e-01
8.498000e+03 2.899500e-01
8.498500e+03 2.897530e-01
8.499000e+03 2.895570e-01
8.499500e+03 2.893600e-01
8.500000e+03 2.891640e-01
8.500500e+03 2.890070e-01
8.501000e+03 2.888500e-01
8.501500e+03 2.886930e-01
8.502000e+03 2.885350e-01
8.502500e+03 2.883780e-01
8.503000e+03 2.882210e-01
8.503500e+03 2.880650e-01
8.504000e+03 2.879080e-01
8.504500e+03 2.882810e-01
8.505000e+03 2.886530e-01
8.505500e+03 2.890260e-01
8.506000e+03 2.893970e-01
8.506500e+03 2.897690e-01
8.507000e+03 2.901390e-01
8.507500e+03 2.905110e-01
8.508000e+03 2.908820e-01
8.508500e+03 2.912520e-01
8.509000e+03 2.916230e-01
8.509500e+03 2.919930e-01
8.510000e+03 2.923630e-01
8.510500e+03 2.927510e-01
8.511000e+03 2.931380e-01
8.511500e+03 2.935260e-01
8.512000e+03 2.939130e-01
8.512500e+03 2.943010e-01
8.513000e+03 2.946880e-01
8.513500e+03 2.950740e-01
8.514000e+03 2.954610e-01
8.514500e+03 2.948830e-01
8.515000e+03 2.943060e-01
8.515500e+03 2.937300e-01
8.516000e+03 2.931540e-01
8.516500e+03 2.925770e-01
8.517000e+03 2.920000e-01
8.517500e+03 2.914250e-01
8.518000e+03 2.908490e-01
8.518500e+03 2.902740e-01
8.519000e+03 2.896980e-01
8.519500e+03 2.891230e-01
8.520000e+03 2.885470e-01
8.520500e+03 2.879630e-01
8.521000e+03 2.873780e-01
8.521500e+03 2.867940e-01
8.522000e+03 2.862100e-01
8.522500e+03 2.856250e-01
8.523000e+03 2.850410e-01
8.523500e+03 2.844580e-01
8.524000e+03 2.838750e-01
8.524500e+03 2.840420e-01
8.525000e+03 2.842080e-01
8.525500e+03 2.843740e-01
8.526000e+03 2.845400e-01
8.526500e+03 2.847050e-01
8.527000e+03 2.848710e-01
8.527500e+03 2.850360e-01
8.528000e+03 2.852010e-01
8.528500e+03 2.853660e-01
8.529000e+03 2.855320e-01
8.529500e+03 2.856970e-01
8.530000e+03 2.858620e-01
8.530500e+03 2.859870e-01
8.531000e+03 2.861130e-01
8.531500e+03 2.862390e-01
8.532000e+03 2.863650e-01
8.532500e+03 2.864900e-01
8.533000e+03 2.866150e-01
8.533500e+03 2.867400e-01
8.534000e+03 2.868650e-01
8.534500e+03 2.870190e-01
8.535000e+03 2.871730e-01
8.535500e+03 2.873270e-01
8.536000e+03 2.874810e-01
8.536500e+03 2.876340e-01
8.537000e+03 2.877880e-01
8.537500e+03 2.879410e-01
8.538000e+03 2.880940e-01
8.538500e+03 2.882470e-01
8.539000e+03 2.884000e-01
8.539500e+03 2.885520e-01
8.540000e+03 2.887040e-01
8.540500e+03 2.889020e-01
8.541000e+03 2.891000e-01
8.541500e+03 2.892970e-01
8.542000e+03 2.894940e-01
8.542500e+03 2.896910e-01
8.543000e+03 2.898880e-01
8.543500e+03 2.900850e-01
8.544000e+03 2.902820e-01
8.544500e+03 2.903600e-01
8.545000e+03 2.904380e-01
8.545500e+03 2.905160e-01
8.546000e+03 2.905940e-01
8.546500e+03 2.906720e-01
8.547000e+03 2.907490e-01
8.547500e+03 2.908270e-01
8.548000e+03 2.909040e-01
8.548500e+03 2.909820e-01
8.549000e+03 2.910600e-01
8.549500e+03 2.911370e-01
8.550000e+03 2.912150e-01
8.550500e+03 2.912770e-01
8.551000e+03 2.913400e-01
8.551500e+03 2.914010e-01
8.552000e+03 2.914630e-01
8.552500e+03 2.915250e-01
8.553000e+03 2.915870e-01
8.553500e+03 2.916490e-01
8.554000e+03 2.917110e-01
8.554500e+03 2.910380e-01
8.555000e+03 2.903650e-01
8.555500e+03 2.896910e-01
8.556000e+03 2.890180e-01
8.556500e+03 2.883450e-01
8.557000e+03 2.876730e-01
8.557500e+03 2.870010e-01
8.558000e+03 2.863290e-01
8.558500e+03 2.856580e-01
8.559000e+03 2.849870e-01
8.559500e+03 2.843170e-01
8.560000e+03 2.836470e-01
8.560500e+03 2.829840e-01
8.561000e+03 2.823210e-01
8.561500e+03 2.816600e-01
8.562000e+03 2.809980e-01
8.562500e+03 2.803370e-01
8.563000e+03 2.796750e-01
8.563500e+03 2.790140e-01
8.564000e+03 2.783540e-01
8.564500e+03 2.787470e-01
8.565000e+03 2.791410e-01
8.565500e+03 2.795330e-01
8.566000e+03 2.799250e-01
8.566500e+03 2.803180e-01
8.567000e+03 2.807100e-01
8.567500e+03 2.811020e-01
8.568000e+03 2.814930e-01
8.568500e+03 2.818840e-01
8.569000e+03 2.822750e-01
8.569500e+03 2.826660e-01
8.570000e+03 2.830560e-01
8.570500e+03 2.834360e-01
8.571000e+03 2.838160e-01
8.571500e+03 2.841950e-01
8.572000e+03 2.845740e-01
8.572500e+03 2.849520e-01
8.573000e+03 2.853310e-01
8.573500e+03 2.857090e-01
8.574000e+03 2.860870e-01
8.574500e+03 2.856780e-01
8.575000e+03 2.852700e-01
8.575500e+03 2.848620e-01
8.576000e+03 2.844550e-01
8.576500e+03 2.840480e-01
8.577000e+03 2.836410e-01
8.577500e+03 2.832340e-01
8.578000e+03 2.828280e-01
8.578500e+03 2.824210e-01
8.579000e+03 2.820140e-01
8.579500e+03 2.816090e-01
8.580000e+03 2.812030e-01
8.580500e+03 2.807920e-01
8.581000e+03 2.803810e-01
8.581500e+03 2.799710e-01
8.582000e+03 2.795620e-01
8.582500e+03 2.791520e-01
8.583000e+03 2.787430e-01
8.583500e+03 2.783330e-01
8.584000e+03 2.779240e-01
8.584500e+03 2.778620e-01
8.585000e+03 2.778000e-01
8.585500e+03 2.777380e-01
8.586000e+03 2.776760e-01
8.586500e+03 2.776140e-01
8.587000e+03 2.775520e-01
8.587500e+03 2.774900e-01
8.588000e+03 2.774280e-01
8.588500e+03 2.773660e-01
8.589000e+03 2.773040e-01
8.589500e+03 2.772420e-01
8.590000e+03 2.771800e-01
8.590500e+03 2.771240e-01
8.591000e+03 2.770690e-01
8.591500e+03 2.770130e-01
8.592000e+03 2.769570e-01
8.592500e+03 2.769020e-01
8.593000e+03 2.768460e-01
8.593500e+03 2.767900e-01
8.594000e+03 2.767350e-01
8.594500e+03 2.766220e-01
8.595000e+03 2.765090e-01
8.595500e+03 2.763950e-01
8.596000e+03 2.762810e-01
8.596500e+03 2.761680e-01
8.597000e+03 2.760560e-01
8.597500e+03 2.759430e-01
8.598000e+03 2.758290e-01
8.598500e+03 2.757160e-01
8.599000e+03 2.756030e-01
8.599500e+03 2.754900e-01
8.600000e+03 2.753770e-01
8.600500e+03 2.752690e-01
8.601000e+03 2.751610e-01
8.601500e+03 2.750530e-01
8.602000e+03 2.749450e-01
8.602500e+03 2.748370e-01
8.603000e+03 2.747290e-01
8.603500e+03 2.746210e-01
8.604000e+03 2.745130e-01
8.604500e+03 2.746200e-01
8.605000e+03 2.747260e-01
8.605500e+03 2.748320e-01
8.606000e+03 2.749380e-01
8.606500e+03 2.750440e-01
8.607000e+03 2.751500e-01
8.607500e+03 2.752550e-01
8.608000e+03 2.753590e-01
8.608500e+03 2.754650e-01
8.609000e+03 2.755700e-01
8.609500e+03 2.756750e-01
8.610000e+03 2.757800e-01
8.610500e+03 2.758880e-01
8.611000e+03 2.759960e-01
8.611500e+03 2.761040e-01
8.612000e+03 2.762110e-01
8.612500e+03 2.763180e-01
8.613000e+03 2.764260e-01
8.613500e+03 2.765330e-01
8.614000e+03 2.766400e-01
8.614500e+03 2.765770e-01
8.615000e+03 2.765140e-01
8.615500e+03 2.764500e-01
8.616000e+03 2.763870e-01
8.616500e+03 2.763230e-01
8.617000e+03 2.762590e-01
8.617500e+03 2.761960e-01
8.618000e+03 2.761320e-01
8.618500e+03 2.760680e-01
8.619000e+03 2.760050e-01
8.619500e+03 2.759410e-01
8.620000e+03 2.758780e-01
8.620500e+03 2.757910e-01
8.621000e+03 2.757030e-01
8.621500e+03 2.756160e-01
8.622000e+03 2.755290e-01
8.622500e+03 2.754410e-01
8.623000e+03 2.753540e-01
8.623500e+03 2.752660e-01
8.624000e+03 2.751790e-01
8.624500e+03 2.748510e-01
8.625000e+03 2.745240e-01
8.625500e+03 2.741970e-01
8.626000e+03 2.738700e-01
8.626500e+03 2.735440e-01
8.627000e+03 2.732180e-01
8.627500e+03 2.728920e-01
8.628000e+03 2.725660e-01
8.628500e+03 2.722400e-01
8.629000e+03 2.719150e-01
8.629500e+03 2.715890e-01
8.630000e+03 2.712630e-01
8.630500e+03 2.709470e-01
8.631000e+03 2.706310e-01
8.631500e+03 2.703140e-01
8.632000e+03 2.699980e-01
8.632500e+03 2.696820e-01
8.633000e+03 2.693670e-01
8.633500e+03 2.690510e-01
8.634000e+03 2.687360e-01
8.634500e+03 2.687980e-01
8.635000e+03 2.688610e-01
8.635500e+03 2.689240e-01
8.636000e+03 2.689860e-01
8.636500e+03 2.690490e-01
8.637000e+03 2.691110e-01
8.637500e+03 2.691740e-01
8.638000e+03 2.692360e-01
8.638500e+03 2.692980e-01
8.639000e+03 2.693590e-01
8.639500e+03 2.694220e-01
8.640000e+03 2.694830e-01
8.640500e+03 2.695640e-01
8.641000e+03 2.696440e-01
8.641500e+03 2.697250e-01
8.642000e+03 2.698050e-01
8.642500e+03 2.698860e-01
8.643000e+03 2.699660e-01
8.643500e+03 2.700460e-01
8.644000e+03 2.701260e-01
8.644500e+03 2.700520e-01
8.645000e+03 2.699780e-01
8.645500e+03 2.699050e-01
8.646000e+03 2.698320e-01
8.646500e+03 2.697590e-01
8.647000e+03 2.696850e-01
8.647500e+03 2.696120e-01
8.648000e+03 2.695390e-01
8.648500e+03 2.694660e-01
8.649000e+03 2.693920e-01
8.649500e+03 2.693190e-01
8.650000e+03 2.692450e-01
8.650500e+03 2.691640e-01
8.651000e+03 2.690830e-01
8.651500e+03 2.690020e-01
8.652000e+03 2.689200e-01
8.652500e+03 2.688390e-01
8.653000e+03 2.687580e-01
8.653500e+03 2.686770e-01
8.654000e+03 2.685950e-01
8.654500e+03 2.683200e-01
8.655000e+03 2.680450e-01
8.655500e+03 2.677700e-01
8.656000e+03 2.674950e-01
8.656500e+03 2.672210e-01
8.657000e+03 2.669470e-01
8.657500e+03 2.666730e-01
8.658000e+03 2.663990e-01
8.658500e+03 2.661240e-01
8.659000e+03 2.658490e-01
8.659500e+03 2.655760e-01
8.660000e+03 2.653030e-01
8.660500e+03 2.650330e-01
8.661000e+03 2.647620e-01
8.661500e+03 2.644920e-01
8.662000e+03 2.642210e-01
8.662500e+03 2.639510e-01
8.663000e+03 2.636820e-01
8.663500e+03 2.634120e-01
8.664000e+03 2.631420e-01
8.664500e+03 2.631750e-01
8.665000e+03 2.632080e-01
8.665500e+03 2.632410e-01
8.666000e+03 2.632740e-01
8.666500e+03 2.633070e-01
8.667000e+03 2.633400e-01
8.667500e+03 2.633730e-01
8.668000e+03 2.634060e-01
8.668500e+03 2.634380e-01
8.669000e+03 2.634710e-01
8.669500e+03 2.635030e-01
8.670000e+03 2.635360e-01
8.670500e+03 2.635570e-01
8.671000e+03 2.635780e-01
8.671500e+03 2.635980e-01
8.672000e+03 2.636180e-01
8.672500e+03 2.636380e-01
8.673000e+03 2.636590e-01
8.673500e+03 2.636790e-01
8.674000e+03 2.637000e-01
8.674500e+03 2.635420e-01
8.675000e+03 2.633850e-01
8.675500e+03 2.632270e-01
8.676000e+03 2.630690e-01
8.676500e+03 2.629120e-01
8.677000e+03 2.627540e-01
8.677500e+03 2.625970e-01
8.678000e+03 2.624400e-01
8.678500e+03 2.622830e-01
8.679000e+03 2.621270e-01
8.679500e+03 2.619690e-01
8.680000e+03 2.618120e-01
8.680500e+03 2.616560e-01
8.681000e+03 2.615000e-01
8.681500e+03 2.613440e-01
8.682000e+03 2.611880e-01
8.682500e+03 2.610320e-01
8.683000e+03 2.608760e-01
8.683500e+03 2.607200e-01
8.684000e+03 2.605640e-01
8.684500e+03 2.603540e-01
8.685000e+03 2.601450e-01
8.685500e+03 2.599350e-01
8.686000e+03 2.597250e-01
8.686500e+03 2.595160e-01
8.687000e+03 2.593060e-01
8.687500e+03 2.590970e-01
8.688000e+03 2.588880e-01
8.688500e+03 2.586780e-01
8.689000e+03 2.584680e-01
8.689500e+03 2.582590e-01
8.690000e+03 2.580510e-01
8.690500e+03 2.578710e-01
8.691000e+03 2.576910e-01
8.691500e+03 2.575110e-01
8.692000e+03 2.573300e-01
8.692500e+03 2.571510e-01
8.693000e+03 2.569710e-01
8.693500e+03 2.567920e-01
8.694000e+03 2.566120e-01
8.694500e+03 2.567700e-01
8.695000e+03 2.569280e-01
8.695500e+03 2.570860e-01
8.696000e+03 2.572440e-01
8.696500e+03 2.574010e-01
8.697000e+03 2.575570e-01
8.697500e+03 2.577150e-01
8.698000e+03 2.578730e-01
8.698500e+03 2.580300e-01
8.699000e+03 2.581870e-01
8.699500e+03 2.583440e-01
8.700000e+03 2.585010e-01
8.700500e+03 2.586140e-01
8.701000e+03 2.587260e-01
8.701500e+03 2.588380e-01
8.702000e+03 2.589500e-01
8.702500e+03 2.590620e-01
8.703000e+03 2.591740e-01
8.703500e+03 2.592860e-01
8.704000e+03 2.593970e-01
8.704500e+03 2.591060e-01
8.705000e+03 2.588150e-01
8.705500e+03 2.585240e-01
8.706000e+03 2.582340e-01
8.706500e+03 2.579430e-01
8.707000e+03 2.576530e-01
8.707500e+03 2.573630e-01
8.708000e+03 2.570730e-01
8.708500e+03 2.567820e-01
8.709000e+03 2.564930e-01
8.709500e+03 2.562030e-01
8.710000e+03 2.559140e-01
8.710500e+03 2.556450e-01
8.711000e+03 2.553770e-01
8.711500e+03 2.551100e-01
8.712000e+03 2.548420e-01
8.712500e+03 2.545730e-01
8.713000e+03 2.543050e-01
8.713500e+03 2.540380e-01
8.714000e+03 2.537710e-01
8.714500e+03 2.537170e-01
8.715000e+03 2.536630e-01
8.715500e+03 2.536090e-01
8.716000e+03 2.535540e-01
8.716500e+03 2.535000e-01
8.717000e+03 2.534460e-01
8.717500e+03 2.533920e-01
8.718000e+03 2.533370e-01
8.718500e+03 2.532830e-01
8.719000e+03 2.532300e-01
8.719500e+03 2.531750e-01
8.720000e+03 2.531200e-01
8.720500e+03 2.530610e-01
8.721000e+03 2.530020e-01
8.721500e+03 2.529430e-01
8.722000e+03 2.528850e-01
8.722500e+03 2.528260e-01
8.723000e+03 2.527670e-01
8.723500e+03 2.527080e-01
8.724000e+03 2.526490e-01
8.724500e+03 2.525900e-01
8.725000e+03 2.525310e-01
8.725500e+03 2.524720e-01
8.726000e+03 2.524130e-01
8.726500e+03 2.523530e-01
8.727000e+03 2.522940e-01
8.727500e+03 2.522350e-01
8.728000e+03 2.521760e-01
8.728500e+03 2.521170e-01
8.729000e+03 2.520580e-01
8.729500e+03 2.519990e-01
8.730000e+03 2.519400e-01
8.730500e+03 2.518760e-01
8.731000e+03 2.518120e-01
8.731500e+03 2.517500e-01
8.732000e+03 2.516870e-01
8.732500e+03 2.516240e-01
8.733000e+03 2.515610e-01
8.733500e+03 2.514970e-01
8.734000e+03 2.514340e-01
8.734500e+03 2.511860e-01
8.735000e+03 2.509390e-01
8.735500e+03 2.506920e-01
8.736000e+03 2.504450e-01
8.736500e+03 2.501980e-01
8.737000e+03 2.499510e-01
8.737500e+03 2.497050e-01
8.738000e+03 2.494590e-01
8.738500e+03 2.492120e-01
8.739000e+03 2.489660e-01
8.739500e+03 2.487200e-01
8.740000e+03 2.484740e-01
8.740500e+03 2.482400e-01
8.741000e+03 2.480060e-01
8.741500e+03 2.477720e-01
8.742000e+03 2.475370e-01
8.742500e+03 2.473040e-01
8.743000e+03 2.470700e-01
8.743500e+03 2.468370e-01
8.744000e+03 2.466040e-01
8.744500e+03 2.467230e-01
8.745000e+03 2.468420e-01
8.745500e+03 2.469610e-01
8.746000e+03 2.470800e-01
8.746500e+03 2.471980e-01
8.747000e+03 2.473170e-01
8.747500e+03 2.474350e-01
8.748000e+03 2.475530e-01
8.748500e+03 2.476710e-01
8.749000e+03 2.477890e-01
8.749500e+03 2.479080e-01
8.750000e+03 2.480260e-01
8.750500e+03 2.481230e-01
8.751000e+03 2.482210e-01
8.751500e+03 2.483180e-01
8.752000e+03 2.484150e-01
8.752500e+03 2.485120e-01
8.753000e+03 2.486080e-01
8.753500e+03 2.487050e-01
8.754000e+03 2.488010e-01
8.754500e+03 2.487160e-01
8.755000e+03 2.486310e-01
8.755500e+03 2.485460e-01
8.756000e+03 2.484600e-01
8.756500e+03 2.483750e-01
8.757000e+03 2.482910e-01
8.757500e+03 2.482050e-01
8.758000e+03 2.481200e-01
8.758500e+03 2.480340e-01
8.759000e+03 2.479490e-01
8.759500e+03 2.478640e-01
8.760000e+03 2.477780e-01
8.760500e+03 2.477160e-01
8.761000e+03 2.476540e-01
8.761500e+03 2.475920e-01
8.762000e+03 2.475290e-01
8.762500e+03 2.474670e-01
8.763000e+03 2.474050e-01
8.763500e+03 2.473420e-01
8.764000e+03 2.472800e-01
8.764500e+03 2.471910e-01
8.765000e+03 2.471020e-01
8.765500e+03 2.470140e-01
8.766000e+03 2.469260e-01
8.766500e+03 2.468380e-01
8.767000e+03 2.467500e-01
8.767500e+03 2.466620e-01
8.768000e+03 2.465740e-01
8.768500e+03 2.464850e-01
8.769000e+03 2.463970e-01
8.769500e+03 2.463090e-01
8.770000e+03 2.462210e-01
8.770500e+03 2.461200e-01
8.771000e+03 2.460190e-01
8.771500e+03 2.459170e-01
8.772000e+03 2.458150e-01
8.772500e+03 2.457140e-01
8.773000e+03 2.456120e-01
8.773500e+03 2.455110e-01
8.774000e+03 2.454100e-01
8.774500e+03 2.452960e-01
8.775000e+03 2.451820e-01
8.775500e+03 2.450680e-01
8.776000e+03 2.449540e-01
8.776500e+03 2.448400e-01
8.777000e+03 2.447260e-01
8.777500e+03 2.446120e-01
8.778000e+03 2.444980e-01
8.778500e+03 2.443850e-01
8.779000e+03 2.442710e-01
8.779500e+03 2.441570e-01
8.780000e+03 2.440440e-01
8.780500e+03 2.439340e-01
8.781000e+03 2.438250e-01
8.781500e+03 2.437160e-01
8.782000e+03 2.436070e-01
8.782500e+03 2.434980e-01
8.783000e+03 2.433890e-01
8.783500e+03 2.432800e-01
8.784000e+03 2.431700e-01
8.784500e+03 2.432010e-01
8.785000e+03 2.432310e-01
8.785500e+03 2.432620e-01
8.786000e+03 2.432920e-01
8.786500e+03 2.433230e-01
8.787000e+03 2.433540e-01
8.787500e+03 2.433840e-01
8.788000e+03 2.434150e-01
8.788500e+03 2.434450e-01
8.789000e+03 2.434740e-01
8.789500e+03 2.435050e-01
8.790000e+03 2.435350e-01
8.790500e+03 2.435700e-01
8.791000e+03 2.436040e-01
8.791500e+03 2.436400e-01
8.792000e+03 2.436750e-01
8.792500e+03 2.437100e-01
8.793000e+03 2.437450e-01
8.793500e+03 2.437800e-01
8.794000e+03 2.438140e-01
8.794500e+03 2.437230e-01
8.795000e+03 2.436320e-01
8.795500e+03 2.435410e-01
8.796000e+03 2.434490e-01
8.796500e+03 2.433580e-01
8.797000e+03 2.432660e-01
8.797500e+03 2.431750e-01
8.798000e+03 2.430830e-01
8.798500e+03 2.429920e-01
8.799000e+03 2.429000e-01
8.799500e+03 2.428090e-01
8.800000e+03 2.427180e-01
8.800500e+03 2.426220e-01
8.801000e+03 2.425270e-01
8.801500e+03 2.424320e-01
8.802000e+03 2.423360e-01
8.802500e+03 2.422410e-01
8.803000e+03 2.421450e-01
8.803500e+03 2.420500e-01
8.804000e+03 2.419540e-01
8.804500e+03 2.418960e-01
8.805000e+03 2.418380e-01
8.805500e+03 2.417800e-01
8.806000e+03 2.417220e-01
8.806500e+03 2.416640e-01
8.807000e+03 2.416060e-01
8.807500e+03 2.415480e-01
8.808000e+03 2.414900e-01
8.808500e+03 2.414320e-01
8.809000e+03 2.413740e-01
8.809500e+03 2.413160e-01
8.810000e+03 2.412590e-01
8.810500e+03 2.411960e-01
8.811000e+03 2.411330e-01
8.811500e+03 2.410700e-01
8.812000e+03 2.410070e-01
8.812500e+03 2.409430e-01
8.813000e+03 2.408800e-01
8.813500e+03 2.408170e-01
8.814000e+03 2.407540e-01
8.814500e+03 2.406790e-01
8.815000e+03 2.406030e-01
8.815500e+03 2.405270e-01
8.816000e+03 2.404520e-01
8.816500e+03 2.403760e-01
8.817000e+03 2.403010e-01
8.817500e+03 2.402250e-01
8.818000e+03 2.401500e-01
8.818500e+03 2.400740e-01
8.819000e+03 2.399990e-01
8.819500e+03 2.399230e-01
8.820000e+03 2.398480e-01
8.820500e+03 2.397740e-01
8.821000e+03 2.397010e-01
8.821500e+03 2.396270e-01
8.822000e+03 2.395540e-01
8.822500e+03 2.394800e-01
8.823000e+03 2.394070e-01
8.823500e+03 2.393340e-01
8.824000e+03 2.392600e-01
8.824500e+03 2.392610e-01
8.825000e+03 2.392620e-01
8.825500e+03 2.392630e-01
8.826000e+03 2.392630e-01
8.826500e+03 2.392640e-01
8.827000e+03 2.392650e-01
8.827500e+03 2.392650e-01
8.828000e+03 2.392650e-01
8.828500e+03 2.392660e-01
8.829000e+03 2.392660e-01
8.829500e+03 2.392670e-01
8.830000e+03 2.392670e-01
8.830500e+03 2.392720e-01
8.831000e+03 2.392760e-01
8.831500e+03 2.392810e-01
8.832000e+03 2.392850e-01
8.832500e+03 2.392900e-01
8.833000e+03 2.392940e-01
8.833500e+03 2.392990e-01
8.834000e+03 2.393040e-01
8.834500e+03 2.391600e-01
8.835000e+03 2.390170e-01
8.835500e+03 2.388740e-01
8.836000e+03 2.387320e-01
8.836500e+03 2.385890e-01
8.837000e+03 2.384460e-01
8.837500e+03 2.383040e-01
8.838000e+03 2.381610e-01
8.838500e+03 2.380180e-01
8.839000e+03 2.378750e-01
8.839500e+03 2.377330e-01
8.840000e+03 2.375910e-01
8.840500e+03 2.374400e-01
8.841000e+03 2.372900e-01
8.841500e+03 2.371390e-01
8.842000e+03 2.369880e-01
8.842500e+03 2.368370e-01
8.843000e+03 2.366870e-01
8.843500e+03 2.365360e-01
8.844000e+03 2.363860e-01
8.844500e+03 2.362840e-01
8.845000e+03 2.361830e-01
8.845500e+03 2.360810e-01
8.846000e+03 2.359790e-01
8.846500e+03 2.358770e-01
8.847000e+03 2.357750e-01
8.847500e+03 2.356740e-01
8.848000e+03 2.355730e-01
8.848500e+03 2.354710e-01
8.849000e+03 2.353700e-01
8.849500e+03 2.352690e-01
8.850000e+03 2.351670e-01
8.850500e+03 2.350630e-01
8.851000e+03 2.349600e-01
8.851500e+03 2.348560e-01
8.852000e+03 2.347530e-01
8.852500e+03 2.346490e-01
8.853000e+03 2.345450e-01
8.853500e+03 2.344420e-01
8.854000e+03 2.343380e-01
8.854500e+03 2.341620e-01
8.855000e+03 2.339860e-01
8.855500e+03 2.338110e-01
8.856000e+03 2.336350e-01
8.856500e+03 2.334590e-01
8.857000e+03 2.332840e-01
8.857500e+03 2.331080e-01
8.858000e+03 2.329320e-01
8.858500e+03 2.327570e-01
8.859000e+03 2.325820e-01
8.859500e+03 2.324060e-01
8.860000e+03 2.322300e-01
8.860500e+03 2.320760e-01
8.861000e+03 2.319220e-01
8.861500e+03 2.317690e-01
8.862000e+03 2.316150e-01
8.862500e+03 2.314610e-01
8.863000e+03 2.313070e-01
8.863500e+03 2.311530e-01
8.864000e+03 2.309990e-01
8.864500e+03 2.309530e-01
8.865000e+03 2.309080e-01
8.865500e+03 2.308630e-01
8.866000e+03 2.308180e-01
8.866500e+03 2.307720e-01
8.867000e+03 2.307260e-01
8.867500e+03 2.306790e-01
8.868000e+03 2.306330e-01
8.868500e+03 2.305870e-01
8.869000e+03 2.305420e-01
8.869500e+03 2.304950e-01
8.870000e+03 2.304490e-01
8.870500e+03 2.303890e-01
8.871000e+03 2.303280e-01
8.871500e+03 2.302670e-01
8.872000e+03 2.302060e-01
8.872500e+03 2.301460e-01
8.873000e+03 2.300850e-01
8.873500e+03 2.300240e-01
8.874000e+03 2.299630e-01
8.874500e+03 2.298430e-01
8.875000e+03 2.297220e-01
8.875500e+03 2.296020e-01
8.876000e+03 2.294820e-01
8.876500e+03 2.293620e-01
8.877000e+03 2.292410e-01
8.877500e+03 2.291210e-01
8.878000e+03 2.290010e-01
8.878500e+03 2.288810e-01
8.879000e+03 2.287610e-01
8.879500e+03 2.286410e-01
8.880000e+03 2.285220e-01
8.880500e+03 2.283940e-01
8.881000e+03 2.282670e-01
8.881500e+03 2.281400e-01
8.882000e+03 2.280130e-01
8.882500e+03 2.278860e-01
8.883000e+03 2.277590e-01
8.883500e+03 2.276320e-01
8.884000e+03 2.275060e-01
8.884500e+03 2.274970e-01
8.885000e+03 2.274880e-01
8.885500e+03 2.274790e-01
8.886000e+03 2.274710e-01
8.886500e+03 2.274620e-01
8.887000e+03 2.274530e-01
8.887500e+03 2.274450e-01
8.888000e+03 2.274370e-01
8.888500e+03 2.274280e-01
8.889000e+03 2.274190e-01
8.889500e+03 2.274100e-01
8.890000e+03 2.274010e-01
8.890500e+03 2.274000e-01
8.891000e+03 2.273990e-01
8.891500e+03 2.273980e-01
8.892000e+03 2.273980e-01
8.892500e+03 2.273970e-01
8.893000e+03 2.273960e-01
8.893500e+03 2.273950e-01
8.894000e+03 2.273940e-01
8.894500e+03 2.270050e-01
8.895000e+03 2.266170e-01
8.895500e+03 2.262290e-01
8.896000e+03 2.258410e-01
8.896500e+03 2.254530e-01
8.897000e+03 2.250660e-01
8.897500e+03 2.246790e-01
8.898000e+03 2.242910e-01
8.898500e+03 2.239050e-01
8.899000e+03 2.235180e-01
8.899500e+03 2.231310e-01
8.900000e+03 2.227450e-01
8.900500e+03 2.223570e-01
8.901000e+03 2.219680e-01
8.901500e+03 2.215810e-01
8.902000e+03 2.211940e-01
8.902500e+03 2.208060e-01
8.903000e+03 2.204190e-01
8.903500e+03 2.200320e-01
8.904000e+03 2.196450e-01
8.904500e+03 2.195610e-01
8.905000e+03 2.194770e-01
8.905500e+03 2.193940e-01
8.906000e+03 2.193110e-01
8.906500e+03 2.192280e-01
8.907000e+03 2.191440e-01
8.907500e+03 2.190610e-01
8.908000e+03 2.189770e-01
8.908500e+03 2.188940e-01
8.909000e+03 2.188100e-01
8.909500e+03 2.187270e-01
8.910000e+03 2.186430e-01
8.910500e+03 2.185610e-01
8.911000e+03 2.184790e-01
8.911500e+03 2.183970e-01
8.912000e+03 2.183150e-01
8.912500e+03 2.182330e-01
8.913000e+03 2.181520e-01
8.913500e+03 2.180690e-01
8.914000e+03 2.179870e-01
8.914500e+03 2.180430e-01
8.915000e+03 2.181000e-01
8.915500e+03 2.181560e-01
8.916000e+03 2.182120e-01
8.916500e+03 2.182690e-01
8.917000e+03 2.183250e-01
8.917500e+03 2.183810e-01
8.918000e+03 2.184370e-01
8.918500e+03 2.184930e-01
8.919000e+03 2.185490e-01
8.919500e+03 2.186050e-01
8.920000e+03 2.186610e-01
8.920500e+03 2.187190e-01
8.921000e+03 2.187770e-01
8.921500e+03 2.188350e-01
8.922000e+03 2.188930e-01
8.922500e+03 2.189510e-01
8.923000e+03 2.190090e-01
8.923500e+03 2.190670e-01
8.924000e+03 2.191240e-01
8.924500e+03 2.189750e-01
8.925000e+03 2.188250e-01
8.925500e+03 2.186770e-01
8.926000e+03 2.185280e-01
8.926500e+03 2.183790e-01
8.927000e+03 2.182300e-01
8.927500e+03 2.180810e-01
8.928000e+03 2.179320e-01
8.928500e+03 2.177830e-01
8.929000e+03 2.176350e-01
8.929500e+03 2.174860e-01
8.930000e+03 2.173380e-01
8.930500e+03 2.171800e-01
8.931000e+03 2.170230e-01
8.931500e+03 2.168660e-01
8.932000e+03 2.167080e-01
8.932500e+03 2.165510e-01
8.933000e+03 2.163950e-01
8.933500e+03 2.162380e-01
8.934000e+03 2.160810e-01
8.934500e+03 2.159020e-01
8.935000e+03 2.157230e-01
8.935500e+03 2.155430e-01
8.936000e+03 2.153630e-01
8.936500e+03 2.151840e-01
8.937000e+03 2.150050e-01
8.937500e+03 2.148260e-01
8.938000e+03 2.146470e-01
8.938500e+03 2.144680e-01
8.939000e+03 2.142900e-01
8.939500e+03 2.141110e-01
8.940000e+03 2.139320e-01
8.940500e+03 2.137650e-01
8.941000e+03 2.135980e-01
8.941500e+03 2.134320e-01
8.942000e+03 2.132660e-01
8.942500e+03 2.130990e-01
8.943000e+03 2.129320e-01
8.943500e+03 2.127650e-01
8.944000e+03 2.125990e-01
8.944500e+03 2.123650e-01
8.945000e+03 2.121320e-01
8.945500e+03 2.118980e-01
8.946000e+03 2.116640e-01
8.946500e+03 2.114300e-01
8.947000e+03 2.111970e-01
8.947500e+03 2.109630e-01
8.948000e+03 2.107300e-01
8.948500e+03 2.104970e-01
8.949000e+03 2.102640e-01
8.949500e+03 2.100310e-01
8.950000e+03 2.097980e-01
8.950500e+03 2.095620e-01
8.951000e+03 2.093260e-01
8.951500e+03 2.090910e-01
8.952000e+03 2.088550e-01
8.952500e+03 2.086200e-01
8.953000e+03 2.083840e-01
8.953500e+03 2.081500e-01
8.954000e+03 2.079150e-01
8.954500e+03 2.079600e-01
8.955000e+03 2.080060e-01
8.955500e+03 2.080510e-01
8.956000e+03 2.080970e-01
8.956500e+03 2.081420e-01
8.957000e+03 2.081870e-01
8.957500e+03 2.082320e-01
8.958000e+03 2.082780e-01
8.958500e+03 2.083220e-01
8.959000e+03 2.083660e-01
8.959500e+03 2.084110e-01
8.960000e+03 2.084560e-01
8.960500e+03 2.084930e-01
8.961000e+03 2.085300e-01
8.961500e+03 2.085670e-01
8.962000e+03 2.086040e-01
8.962500e+03 2.086410e-01
8.963000e+03 2.086780e-01
8.963500e+03 2.087140e-01
8.964000e+03 2.087510e-01
8.964500e+03 2.086430e-01
8.965000e+03 2.085350e-01
8.965500e+03 2.084260e-01
8.966000e+03 2.083180e-01
8.966500e+03 2.082100e-01
8.967000e+03 2.081020e-01
8.967500e+03 2.079930e-01
8.968000e+03 2.078850e-01
8.968500e+03 2.077770e-01
8.969000e+03 2.076690e-01
8.969500e+03 2.075610e-01
8.970000e+03 2.074530e-01
8.970500e+03 2.073530e-01
8.971000e+03 2.072530e-01
8.971500e+03 2.071540e-01
8.972000e+03 2.070540e-01
8.972500e+03 2.069540e-01
8.973000e+03 2.068540e-01
8.973500e+03 2.067540e-01
8.974000e+03 2.066540e-01
8.974500e+03 2.066420e-01
8.975000e+03 2.066310e-01
8.975500e+03 2.066190e-01
8.976000e+03 2.066080e-01
8.976500e+03 2.065960e-01
8.977000e+03 2.065840e-01
8.977500e+03 2.065730e-01
8.978000e+03 2.065610e-01
8.978500e+03 2.065490e-01
8.979000e+03 2.065370e-01
8.979500e+03 2.065260e-01
8.980000e+03 2.065140e-01
8.980500e+03 2.064980e-01
8.981000e+03 2.064820e-01
8.981500e+03 2.064660e-01
8.982000e+03 2.064510e-01
8.982500e+03 2.064350e-01
8.983000e+03 2.064190e-01
8.983500e+03 2.064040e-01
8.984000e+03 2.063880e-01
8.984500e+03 2.064050e-01
8.985000e+03 2.064210e-01
8.985500e+03 2.064390e-01
8.986000e+03 2.064560e-01
8.986500e+03 2.064720e-01
8.987000e+03 2.064890e-01
8.987500e+03 2.065060e-01
8.988000e+03 2.065220e-01
8.988500e+03 2.065390e-01
8.989000e+03 2.065560e-01
8.989500e+03 2.065710e-01
8.990000e+03 2.065870e-01
8.990500e+03 2.066130e-01
8.991000e+03 2.066390e-01
8.991500e+03 2.066650e-01
8.992000e+03 2.066910e-01
8.992500e+03 2.067160e-01
8.993000e+03 2.067410e-01
8.993500e+03 2.067670e-01
8.994000e+03 2.067920e-01
8.994500e+03 2.067200e-01
8.995000e+03 2.066470e-01
8.995500e+03 2.065740e-01
8.996000e+03 2.065020e-01
8.996500e+03 2.064290e-01
8.997000e+03 2.063560e-01
8.997500e+03 2.062840e-01
8.998000e+03 2.062110e-01
8.998500e+03 2.061390e-01
8.999000e+03 2.060660e-01
8.999500e+03 2.059940e-01
9.000000e+03 2.059210e-01
9.000500e+03 2.058290e-01
9.001000e+03 2.057380e-01
9.001500e+03 2.056470e-01
9.002000e+03 2.055560e-01
9.002500e+03 2.054640e-01
9.003000e+03 2.053730e-01
9.003500e+03 2.052820e-01
9.004000e+03 2.051910e-01
9.004500e+03 2.050680e-01
9.005000e+03 2.049440e-01
9.005500e+03 2.048200e-01
9.006000e+03 2.046960e-01
9.006500e+03 2.045730e-01
9.007000e+03 2.044500e-01
9.007500e+03 2.043260e-01
9.008000e+03 2.042030e-01
9.008500e+03 2.040800e-01
9.009000e+03 2.039560e-01
9.009500e+03 2.038340e-01
9.010000e+03 2.037110e-01
9.010500e+03 2.036040e-01
9.011000e+03 2.034980e-01
9.011500e+03 2.033910e-01
9.012000e+03 2.032840e-01
9.012500e+03 2.031780e-01
9.013000e+03 2.030720e-01
9.013500e+03 2.029660e-01
9.014000e+03 2.028590e-01
9.014500e+03 2.027530e-01
9.015000e+03 2.026470e-01
9.015500e+03 2.025400e-01
9.016000e+03 2.024340e-01
9.016500e+03 2.023280e-01
9.017000e+03 2.022220e-01
9.017500e+03 2.021160e-01
9.018000e+03 2.020090e-01
9.018500e+03 2.019030e-01
9.019000e+03 2.017970e-01
9.019500e+03 2.016910e-01
9.020000e+03 2.015860e-01
9.020500e+03 2.014740e-01
9.021000e+03 2.013620e-01
9.021500e+03 2.012510e-01
9.022000e+03 2.011390e-01
9.022500e+03 2.010280e-01
9.023000e+03 2.009180e-01
9.023500e+03 2.008060e-01
9.024000e+03 2.006940e-01
9.024500e+03 2.006250e-01
9.025000e+03 2.005570e-01
9.025500e+03 2.004880e-01
9.026000e+03 2.004200e-01
9.026500e+03 2.003510e-01
9.027000e+03 2.002820e-01
9.027500e+03 2.002140e-01
9.028000e+03 2.001450e-01
9.028500e+03 2.000760e-01
9.029000e+03 2.000080e-01
9.029500e+03 1.999390e-01
9.030000e+03 1.998700e-01
9.030500e+03 1.998000e-01
9.031000e+03 1.997300e-01
9.031500e+03 1.996600e-01
9.032000e+03 1.995900e-01
9.032500e+03 1.995210e-01
9.033000e+03 1.994510e-01
9.033500e+03 1.993800e-01
9.034000e+03 1.993090e-01
9.034500e+03 1.991340e-01
9.035000e+03 1.989580e-01
9.035500e+03 1.987830e-01
9.036000e+03 1.986070e-01
9.036500e+03 1.984320e-01
9.037000e+03 1.982570e-01
9.037500e+03 1.980810e-01
9.038000e+03 1.979060e-01
9.038500e+03 1.977310e-01
9.039000e+03 1.975560e-01
9.039500e+03 1.973800e-01
9.040000e+03 1.972050e-01
9.040500e+03 1.970340e-01
9.041000e+03 1.968630e-01
9.041500e+03 1.966920e-01
9.042000e+03 1.965210e-01
9.042500e+03 1.963500e-01
9.043000e+03 1.961800e-01
9.043500e+03 1.960090e-01
9.044000e+03 1.958390e-01
9.044500e+03 1.958030e-01
9.045000e+03 1.957680e-01
9.045500e+03 1.957340e-01
9.046000e+03 1.956990e-01
9.046500e+03 1.956640e-01
9.047000e+03 1.956300e-01
9.047500e+03 1.955950e-01
9.048000e+03 1.955610e-01
9.048500e+03 1.955260e-01
9.049000e+03 1.954910e-01
9.049500e+03 1.954560e-01
9.050000e+03 1.954210e-01
9.050500e+03 1.953840e-01
9.051000e+03 1.953460e-01
9.051500e+03 1.953080e-01
9.052000e+03 1.952710e-01
9.052500e+03 1.952330e-01
9.053000e+03 1.951960e-01
9.053500e+03 1.951590e-01
9.054000e+03 1.951210e-01
9.054500e+03 1.951560e-01
9.055000e+03 1.951910e-01
9.055500e+03 1.952260e-01
9.056000e+03 1.952600e-01
9.056500e+03 1.952950e-01
9.057000e+03 1.953300e-01
9.057500e+03 1.953650e-01
9.058000e+03 1.953990e-01
9.058500e+03 1.954340e-01
9.059000e+03 1.954680e-01
9.059500e+03 1.955020e-01
9.060000e+03 1.955360e-01
9.060500e+03 1.955620e-01
9.061000e+03 1.955880e-01
9.061500e+03 1.956150e-01
9.062000e+03 1.956410e-01
9.062500e+03 1.956670e-01
9.063000e+03 1.956930e-01
9.063500e+03 1.957190e-01
9.064000e+03 1.957450e-01
9.064500e+03 1.954520e-01
9.065000e+03 1.951600e-01
9.065500e+03 1.948670e-01
9.066000e+03 1.945750e-01
9.066500e+03 1.942820e-01
9.067000e+03 1.939900e-01
9.067500e+03 1.936980e-01
9.068000e+03 1.934050e-01
9.068500e+03 1.931140e-01
9.069000e+03 1.928220e-01
9.069500e+03 1.925310e-01
9.070000e+03 1.922400e-01
9.070500e+03 1.919630e-01
9.071000e+03 1.916860e-01
9.071500e+03 1.914100e-01
9.072000e+03 1.911340e-01
9.072500e+03 1.908580e-01
9.073000e+03 1.905820e-01
9.073500e+03 1.903060e-01
9.074000e+03 1.900300e-01
9.074500e+03 1.899990e-01
9.075000e+03 1.899680e-01
9.075500e+03 1.899370e-01
9.076000e+03 1.899060e-01
9.076500e+03 1.898750e-01
9.077000e+03 1.898440e-01
9.077500e+03 1.898130e-01
9.078000e+03 1.897820e-01
9.078500e+03 1.897500e-01
9.079000e+03 1.897190e-01
9.079500e+03 1.896880e-01
9.080000e+03 1.896570e-01
9.080500e+03 1.896160e-01
9.081000e+03 1.895740e-01
9.081500e+03 1.895330e-01
9.082000e+03 1.894920e-01
9.082500e+03 1.894510e-01
9.083000e+03 1.894090e-01
9.083500e+03 1.893670e-01
9.084000e+03 1.893260e-01
9.084500e+03 1.891220e-01
9.085000e+03 1.889180e-01
9.085500e+03 1.887150e-01
9.086000e+03 1.885120e-01
9.086500e+03 1.883090e-01
9.087000e+03 1.881060e-01
9.087500e+03 1.879030e-01
9.088000e+03 1.877010e-01
9.088500e+03 1.874980e-01
9.089000e+03 1.872950e-01
9.089500e+03 1.870920e-01
9.090000e+03 1.868900e-01
9.090500e+03 1.866910e-01
9.091000e+03 1.864930e-01
9.091500e+03 1.862940e-01
9.092000e+03 1.860950e-01
9.092500e+03 1.858970e-01
9.093000e+03 1.856980e-01
9.093500e+03 1.855000e-01
9.094000e+03 1.853020e-01
9.094500e+03 1.854550e-01
9.095000e+03 1.856070e-01
9.095500e+03 1.857600e-01
9.096000e+03 1.859120e-01
9.096500e+03 1.860650e-01
9.097000e+03 1.862170e-01
9.097500e+03 1.863690e-01
9.098000e+03 1.865210e-01
9.098500e+03 1.866720e-01
9.099000e+03 1.868230e-01
9.099500e+03 1.869750e-01
9.100000e+03 1.871260e-01
9.100500e+03 1.872860e-01
9.101000e+03 1.874460e-01
9.101500e+03 1.876060e-01
9.102000e+03 1.877660e-01
9.102500e+03 1.879250e-01
9.103000e+03 1.880850e-01
9.103500e+03 1.882440e-01
9.104000e+03 1.884030e-01
9.104500e+03 1.882620e-01
9.105000e+03 1.881220e-01
9.105500e+03 1.879820e-01
9.106000e+03 1.878420e-01
9.106500e+03 1.877030e-01
9.107000e+03 1.875630e-01
9.107500e+03 1.874240e-01
9.108000e+03 1.872850e-01
9.108500e+03 1.871450e-01
9.109000e+03 1.870060e-01
9.109500e+03 1.868660e-01
9.110000e+03 1.867270e-01
9.110500e+03 1.865790e-01
9.111000e+03 1.864310e-01
9.111500e+03 1.862830e-01
9.112000e+03 1.861350e-01
9.112500e+03 1.859870e-01
9.113000e+03 1.858400e-01
9.113500e+03 1.856920e-01
9.114000e+03 1.855450e-01
9.114500e+03 1.853380e-01
9.115000e+03 1.851320e-01
9.115500e+03 1.849250e-01
9.116000e+03 1.847190e-01
9.116500e+03 1.845120e-01
9.117000e+03 1.843060e-01
9.117500e+03 1.841000e-01
9.118000e+03 1.838930e-01
9.118500e+03 1.836870e-01
9.119000e+03 1.834820e-01
9.119500e+03 1.832760e-01
9.120000e+03 1.830700e-01
9.120500e+03 1.828650e-01
9.121000e+03 1.826590e-01
9.121500e+03 1.824540e-01
9.122000e+03 1.822490e-01
9.122500e+03 1.820440e-01
9.123000e+03 1.818380e-01
9.123500e+03 1.816330e-01
9.124000e+03 1.814280e-01
9.124500e+03 1.814100e-01
9.125000e+03 1.813910e-01
9.125500e+03 1.813720e-01
9.126000e+03 1.813530e-01
9.126500e+03 1.813340e-01
9.127000e+03 1.813150e-01
9.127500e+03 1.812960e-01
9.128000e+03 1.812760e-01
9.128500e+03 1.812570e-01
9.129000e+03 1.812380e-01
9.129500e+03 1.812190e-01
9.130000e+03 1.812000e-01
9.130500e+03 1.811720e-01
9.131000e+03 1.811450e-01
9.131500e+03 1.811180e-01
9.132000e+03 1.810910e-01
9.132500e+03 1.810630e-01
9.133000e+03 1.810360e-01
9.133500e+03 1.810090e-01
9.134000e+03 1.809810e-01
9.134500e+03 1.809630e-01
9.135000e+03 1.809450e-01
9.135500e+03 1.809270e-01
9.136000e+03 1.809090e-01
9.136500e+03 1.808910e-01
9.137000e+03 1.808730e-01
9.137500e+03 1.808540e-01
9.138000e+03 1.808360e-01
9.138500e+03 1.808180e-01
9.139000e+03 1.807990e-01
9.139500e+03 1.807810e-01
9.140000e+03 1.807630e-01
9.140500e+03 1.807540e-01
9.141000e+03 1.807440e-01
9.141500e+03 1.807350e-01
9.142000e+03 1.807260e-01
9.142500e+03 1.807170e-01
9.143000e+03 1.807080e-01
9.143500e+03 1.806980e-01
9.144000e+03 1.806890e-01
9.144500e+03 1.805450e-01
9.145000e+03 1.804010e-01
9.145500e+03 1.802570e-01
9.146000e+03 1.801140e-01
9.146500e+03 1.799700e-01
9.147000e+03 1.798250e-01
9.147500e+03 1.796820e-01
9.148000e+03 1.795380e-01
9.148500e+03 1.793950e-01
9.149000e+03 1.792520e-01
9.149500e+03 1.791080e-01
9.150000e+03 1.789650e-01
9.150500e+03 1.788170e-01
9.151000e+03 1.786680e-01
9.151500e+03 1.785200e-01
9.152000e+03 1.783720e-01
9.152500e+03 1.782240e-01
9.153000e+03 1.780760e-01
9.153500e+03 1.779270e-01
9.154000e+03 1.777790e-01
9.154500e+03 1.777460e-01
9.155000e+03 1.777120e-01
9.155500e+03 1.776780e-01
9.156000e+03 1.776450e-01
9.156500e+03 1.776110e-01
9.157000e+03 1.775780e-01
9.157500e+03 1.775440e-01
9.158000e+03 1.775110e-01
9.158500e+03 1.774760e-01
9.159000e+03 1.774420e-01
9.159500e+03 1.774080e-01
9.160000e+03 1.773740e-01
9.160500e+03 1.773500e-01
9.161000e+03 1.773250e-01
9.161500e+03 1.773010e-01
9.162000e+03 1.772760e-01
9.162500e+03 1.772520e-01
9.163000e+03 1.772270e-01
9.163500e+03 1.772020e-01
9.164000e+03 1.771770e-01
9.164500e+03 1.771050e-01
9.165000e+03 1.770330e-01
9.165500e+03 1.769610e-01
9.166000e+03 1.768890e-01
9.166500e+03 1.768170e-01
9.167000e+03 1.767450e-01
9.167500e+03 1.766730e-01
9.168000e+03 1.766010e-01
9.168500e+03 1.765290e-01
9.169000e+03 1.764560e-01
9.169500e+03 1.763850e-01
9.170000e+03 1.763130e-01
9.170500e+03 1.762260e-01
9.171000e+03 1.761400e-01
9.171500e+03 1.760540e-01
9.172000e+03 1.759680e-01
9.172500e+03 1.758820e-01
9.173000e+03 1.757960e-01
9.173500e+03 1.757100e-01
9.174000e+03 1.756230e-01
9.174500e+03 1.755840e-01
9.175000e+03 1.755450e-01
9.175500e+03 1.755050e-01
9.176000e+03 1.754660e-01
9.176500e+03 1.754270e-01
9.177000e+03 1.753870e-01
9.177500e+03 1.753470e-01
9.178000e+03 1.753080e-01
9.178500e+03 1.752680e-01
9.179000e+03 1.752290e-01
9.179500e+03 1.751890e-01
9.180000e+03 1.751490e-01
9.180500e+03 1.751160e-01
9.181000e+03 1.750820e-01
9.181500e+03 1.750490e-01
9.182000e+03 1.750150e-01
9.182500e+03 1.749810e-01
9.183000e+03 1.749470e-01
9.183500e+03 1.749130e-01
9.184000e+03 1.748790e-01
9.184500e+03 1.748820e-01
9.185000e+03 1.748850e-01
9.185500e+03 1.748890e-01
9.186000e+03 1.748920e-01
9.186500e+03 1.748950e-01
9.187000e+03 1.748970e-01
9.187500e+03 1.749000e-01
9.188000e+03 1.749020e-01
9.188500e+03 1.749050e-01
9.189000e+03 1.749080e-01
9.189500e+03 1.749100e-01
9.190000e+03 1.749120e-01
9.190500e+03 1.749210e-01
9.191000e+03 1.749290e-01
9.191500e+03 1.749370e-01
9.192000e+03 1.749440e-01
9.192500e+03 1.749520e-01
9.193000e+03 1.749600e-01
9.193500e+03 1.749670e-01
9.194000e+03 1.749740e-01
9.194500e+03 1.748530e-01
9.195000e+03 1.747320e-01
9.195500e+03 1.746110e-01
9.196000e+03 1.744900e-01
9.196500e+03 1.743690e-01
9.197000e+03 1.742470e-01
9.197500e+03 1.741260e-01
9.198000e+03 1.740050e-01
9.198500e+03 1.738840e-01
9.199000e+03 1.737630e-01
9.199500e+03 1.736420e-01
9.200000e+03 1.735210e-01
9.200500e+03 1.733990e-01
9.201000e+03 1.732770e-01
9.201500e+03 1.731550e-01
9.202000e+03 1.730330e-01
9.202500e+03 1.729120e-01
9.203000e+03 1.727910e-01
9.203500e+03 1.726690e-01
9.204000e+03 1.725480e-01
9.204500e+03 1.725080e-01
9.205000e+03 1.724690e-01
9.205500e+03 1.724300e-01
9.206000e+03 1.723900e-01
9.206500e+03 1.723500e-01
9.207000e+03 1.723100e-01
9.207500e+03 1.722710e-01
9.208000e+03 1.722310e-01
9.208500e+03 1.721920e-01
9.209000e+03 1.721520e-01
9.209500e+03 1.721130e-01
9.210000e+03 1.720730e-01
9.210500e+03 1.720330e-01
9.211000e+03 1.719930e-01
9.211500e+03 1.719530e-01
9.212000e+03 1.719130e-01
9.212500e+03 1.718740e-01
9.213000e+03 1.718340e-01
9.213500e+03 1.717940e-01
9.214000e+03 1.717530e-01
9.214500e+03 1.716590e-01
9.215000e+03 1.715650e-01
9.215500e+03 1.714710e-01
9.216000e+03 1.713760e-01
9.216500e+03 1.712830e-01
9.217000e+03 1.711890e-01
9.217500e+03 1.710940e-01
9.218000e+03 1.710000e-01
9.218500e+03 1.709050e-01
9.219000e+03 1.708110e-01
9.219500e+03 1.707170e-01
9.220000e+03 1.706240e-01
9.220500e+03 1.705330e-01
9.221000e+03 1.704430e-01
9.221500e+03 1.703530e-01
9.222000e+03 1.702620e-01
9.222500e+03 1.701720e-01
9.223000e+03 1.700820e-01
9.223500e+03 1.699920e-01
9.224000e+03 1.699020e-01
9.224500e+03 1.698030e-01
9.225000e+03 1.697050e-01
9.225500e+03 1.696060e-01
9.226000e+03 1.695070e-01
9.226500e+03 1.694080e-01
9.227000e+03 1.693080e-01
9.227500e+03 1.692090e-01
9.228000e+03 1.691110e-01
9.228500e+03 1.690130e-01
9.229000e+03 1.689140e-01
9.229500e+03 1.688150e-01
9.230000e+03 1.687160e-01
9.230500e+03 1.686140e-01
9.231000e+03 1.685110e-01
9.231500e+03 1.684080e-01
9.232000e+03 1.683060e-01
9.232500e+03 1.682040e-01
9.233000e+03 1.681020e-01
9.233500e+03 1.679990e-01
9.234000e+03 1.678970e-01
9.234500e+03 1.679190e-01
9.235000e+03 1.679410e-01
9.235500e+03 1.679620e-01
9.236000e+03 1.679840e-01
9.236500e+03 1.680050e-01
9.237000e+03 1.680260e-01
9.237500e+03 1.680480e-01
9.238000e+03 1.680700e-01
9.238500e+03 1.680910e-01
9.239000e+03 1.681120e-01
9.239500e+03 1.681340e-01
9.240000e+03 1.681550e-01
9.240500e+03 1.681820e-01
9.241000e+03 1.682090e-01
9.241500e+03 1.682360e-01
9.242000e+03 1.682630e-01
9.242500e+03 1.682910e-01
9.243000e+03 1.683180e-01
9.243500e+03 1.683450e-01
9.244000e+03 1.683720e-01
9.244500e+03 1.683460e-01
9.245000e+03 1.683200e-01
9.245500e+03 1.682940e-01
9.246000e+03 1.682680e-01
9.246500e+03 1.682420e-01
9.247000e+03 1.682160e-01
9.247500e+03 1.681900e-01
9.248000e+03 1.681630e-01
9.248500e+03 1.681370e-01
9.249000e+03 1.681100e-01
9.249500e+03 1.680830e-01
9.250000e+03 1.680560e-01
9.250500e+03 1.680270e-01
9.251000e+03 1.679970e-01
9.251500e+03 1.679670e-01
9.252000e+03 1.679370e-01
9.252500e+03 1.679060e-01
9.253000e+03 1.678760e-01
9.253500e+03 1.678460e-01
9.254000e+03 1.678160e-01
9.254500e+03 1.676980e-01
9.255000e+03 1.675800e-01
9.255500e+03 1.674630e-01
9.256000e+03 1.673460e-01
9.256500e+03 1.672280e-01
9.257000e+03 1.671110e-01
9.257500e+03 1.669930e-01
9.258000e+03 1.668760e-01
9.258500e+03 1.667590e-01
9.259000e+03 1.666420e-01
9.259500e+03 1.665240e-01
9.260000e+03 1.664070e-01
9.260500e+03 1.662900e-01
9.261000e+03 1.661740e-01
9.261500e+03 1.660570e-01
9.262000e+03 1.659410e-01
9.262500e+03 1.658250e-01
9.263000e+03 1.657090e-01
9.263500e+03 1.655930e-01
9.264000e+03 1.654760e-01
9.264500e+03 1.653520e-01
9.265000e+03 1.652270e-01
9.265500e+03 1.651020e-01
9.266000e+03 1.649780e-01
9.266500e+03 1.648530e-01
9.267000e+03 1.647280e-01
9.267500e+03 1.646040e-01
9.268000e+03 1.644790e-01
9.268500e+03 1.643540e-01
9.269000e+03 1.642290e-01
9.269500e+03 1.641050e-01
9.270000e+03 1.639810e-01
9.270500e+03 1.638560e-01
9.271000e+03 1.637320e-01
9.271500e+03 1.636070e-01
9.272000e+03 1.634830e-01
9.272500e+03 1.633580e-01
9.273000e+03 1.632340e-01
9.273500e+03 1.631100e-01
9.274000e+03 1.629850e-01
9.274500e+03 1.629640e-01
9.275000e+03 1.629430e-01
9.275500e+03 1.629210e-01
9.276000e+03 1.629000e-01
9.276500e+03 1.628780e-01
9.277000e+03 1.628560e-01
9.277500e+03 1.628350e-01
9.278000e+03 1.628130e-01
9.278500e+03 1.627910e-01
9.279000e+03 1.627690e-01
9.279500e+03 1.627480e-01
9.280000e+03 1.627260e-01
9.280500e+03 1.626980e-01
9.281000e+03 1.626690e-01
9.281500e+03 1.626400e-01
9.282000e+03 1.626110e-01
9.282500e+03 1.625830e-01
9.283000e+03 1.625540e-01
9.283500e+03 1.625250e-01
9.284000e+03 1.624960e-01
9.284500e+03 1.623820e-01
9.285000e+03 1.622680e-01
9.285500e+03 1.621550e-01
9.286000e+03 1.620410e-01
9.286500e+03 1.619270e-01
9.287000e+03 1.618140e-01
9.287500e+03 1.617000e-01
9.288000e+03 1.615870e-01
9.288500e+03 1.614730e-01
9.289000e+03 1.613590e-01
9.289500e+03 1.612460e-01
9.290000e+03 1.611320e-01
9.290500e+03 1.610260e-01
9.291000e+03 1.609200e-01
9.291500e+03 1.608140e-01
9.292000e+03 1.607080e-01
9.292500e+03 1.606020e-01
9.293000e+03 1.604960e-01
9.293500e+03 1.603900e-01
9.294000e+03 1.602840e-01
9.294500e+03 1.602540e-01
9.295000e+03 1.602230e-01
9.295500e+03 1.601930e-01
9.296000e+03 1.601630e-01
9.296500e+03 1.601330e-01
9.297000e+03 1.601020e-01
9.297500e+03 1.600720e-01
9.298000e+03 1.600430e-01
9.298500e+03 1.600120e-01
9.299000e+03 1.599810e-01
9.299500e+03 1.599500e-01
9.300000e+03 1.599180e-01
9.300500e+03 1.598850e-01
9.301000e+03 1.598520e-01
9.301500e+03 1.598170e-01
9.302000e+03 1.597830e-01
9.302500e+03 1.597490e-01
9.303000e+03 1.597160e-01
9.303500e+03 1.596820e-01
9.304000e+03 1.596470e-01
9.304500e+03 1.595050e-01
9.305000e+03 1.593630e-01
9.305500e+03 1.592200e-01
9.306000e+03 1.590780e-01
9.306500e+03 1.589350e-01
9.307000e+03 1.587930e-01
9.307500e+03 1.586510e-01
9.308000e+03 1.585090e-01
9.308500e+03 1.583660e-01
9.309000e+03 1.582240e-01
9.309500e+03 1.580820e-01
9.310000e+03 1.579410e-01
9.310500e+03 1.578040e-01
9.311000e+03 1.576660e-01
9.311500e+03 1.575290e-01
9.312000e+03 1.573930e-01
9.312500e+03 1.572550e-01
9.313000e+03 1.571180e-01
9.313500e+03 1.569810e-01
9.314000e+03 1.568440e-01
9.314500e+03 1.567570e-01
9.315000e+03 1.566690e-01
9.315500e+03 1.565820e-01
9.316000e+03 1.564950e-01
9.316500e+03 1.564070e-01
9.317000e+03 1.563200e-01
9.317500e+03 1.562330e-01
9.318000e+03 1.561460e-01
9.318500e+03 1.560580e-01
9.319000e+03 1.559700e-01
9.319500e+03 1.558840e-01
9.320000e+03 1.557970e-01
9.320500e+03 1.557030e-01
9.321000e+03 1.556090e-01
9.321500e+03 1.555150e-01
9.322000e+03 1.554220e-01
9.322500e+03 1.553280e-01
9.323000e+03 1.552350e-01
9.323500e+03 1.551410e-01
9.324000e+03 1.550480e-01
9.324500e+03 1.549870e-01
9.325000e+03 1.549260e-01
9.325500e+03 1.548660e-01
9.326000e+03 1.548050e-01
9.326500e+03 1.547440e-01
9.327000e+03 1.546830e-01
9.327500e+03 1.546230e-01
9.328000e+03 1.545620e-01
9.328500e+03 1.545010e-01
9.329000e+03 1.544410e-01
9.329500e+03 1.543800e-01
9.330000e+03 1.543190e-01
9.330500e+03 1.542590e-01
9.331000e+03 1.542000e-01
9.331500e+03 1.541400e-01
9.332000e+03 1.540810e-01
9.332500e+03 1.540220e-01
9.333000e+03 1.539640e-01
9.333500e+03 1.539050e-01
9.334000e+03 1.538450e-01
9.334500e+03 1.537370e-01
9.335000e+03 1.536300e-01
9.335500e+03 1.535220e-01
9.336000e+03 1.534130e-01
9.336500e+03 1.533050e-01
9.337000e+03 1.531970e-01
9.337500e+03 1.530890e-01
9.338000e+03 1.529820e-01
9.338500e+03 1.528740e-01
9.339000e+03 1.527670e-01
9.339500e+03 1.526590e-01
9.340000e+03 1.525520e-01
9.340500e+03 1.524400e-01
9.341000e+03 1.523280e-01
9.341500e+03 1.522160e-01
9.342000e+03 1.521040e-01
9.342500e+03 1.519920e-01
9.343000e+03 1.518810e-01
9.343500e+03 1.517680e-01
9.344000e+03 1.516560e-01
9.344500e+03 1.515600e-01
9.345000e+03 1.514640e-01
9.345500e+03 1.513690e-01
9.346000e+03 1.512740e-01
9.346500e+03 1.511780e-01
9.347000e+03 1.510830e-01
9.347500e+03 1.509870e-01
9.348000e+03 1.508910e-01
9.348500e+03 1.507950e-01
9.349000e+03 1.506990e-01
9.349500e+03 1.506040e-01
9.350000e+03 1.505090e-01
9.350500e+03 1.504250e-01
9.351000e+03 1.503410e-01
9.351500e+03 1.502580e-01
9.352000e+03 1.501750e-01
9.352500e+03 1.500910e-01
9.353000e+03 1.500070e-01
9.353500e+03 1.499230e-01
9.354000e+03 1.498400e-01
9.354500e+03 1.497560e-01
9.355000e+03 1.496730e-01
9.355500e+03 1.495890e-01
9.356000e+03 1.495050e-01
9.356500e+03 1.494210e-01
9.357000e+03 1.493380e-01
9.357500e+03 1.492540e-01
9.358000e+03 1.491710e-01
9.358500e+03 1.490870e-01
9.359000e+03 1.490040e-01
9.359500e+03 1.489200e-01
9.360000e+03 1.488360e-01
9.360500e+03 1.487400e-01
9.361000e+03 1.486440e-01
9.361500e+03 1.485480e-01
9.362000e+03 1.484520e-01
9.362500e+03 1.483560e-01
9.363000e+03 1.482600e-01
9.363500e+03 1.481640e-01
9.364000e+03 1.480680e-01
9.364500e+03 1.479410e-01
9.365000e+03 1.478130e-01
9.365500e+03 1.476860e-01
9.366000e+03 1.475590e-01
9.366500e+03 1.474320e-01
9.367000e+03 1.473050e-01
9.367500e+03 1.471780e-01
9.368000e+03 1.470510e-01
9.368500e+03 1.469240e-01
9.369000e+03 1.467970e-01
9.369500e+03 1.466700e-01
9.370000e+03 1.465440e-01
9.370500e+03 1.464200e-01
9.371000e+03 1.462960e-01
9.371500e+03 1.461720e-01
9.372000e+03 1.460490e-01
9.372500e+03 1.459250e-01
9.373000e+03 1.458020e-01
9.373500e+03 1.456790e-01
9.374000e+03 1.455550e-01
9.374500e+03 1.454870e-01
9.375000e+03 1.454180e-01
9.375500e+03 1.453490e-01
9.376000e+03 1.452790e-01
9.376500e+03 1.452110e-01
9.377000e+03 1.451430e-01
9.377500e+03 1.450740e-01
9.378000e+03 1.450050e-01
9.378500e+03 1.449360e-01
9.379000e+03 1.448680e-01
9.379500e+03 1.447990e-01
9.380000e+03 1.447290e-01
9.380500e+03 1.446600e-01
9.381000e+03 1.445910e-01
9.381500e+03 1.445210e-01
9.382000e+03 1.444520e-01
9.382500e+03 1.443830e-01
9.383000e+03 1.443130e-01
9.383500e+03 1.442440e-01
9.384000e+03 1.441750e-01
9.384500e+03 1.440360e-01
9.385000e+03 1.438970e-01
9.385500e+03 1.437590e-01
9.386000e+03 1.436200e-01
9.386500e+03 1.434820e-01
9.387000e+03 1.433440e-01
9.387500e+03 1.432060e-01
9.388000e+03 1.430670e-01
9.388500e+03 1.429290e-01
9.389000e+03 1.427910e-01
9.389500e+03 1.426530e-01
9.390000e+03 1.425150e-01
9.390500e+03 1.423800e-01
9.391000e+03 1.422450e-01
9.391500e+03 1.421090e-01
9.392000e+03 1.419740e-01
9.392500e+03 1.418380e-01
9.393000e+03 1.417030e-01
9.393500e+03 1.415670e-01
9.394000e+03 1.414320e-01
9.394500e+03 1.411300e-01
9.395000e+03 1.408270e-01
9.395500e+03 1.405250e-01
9.396000e+03 1.402230e-01
9.396500e+03 1.399210e-01
9.397000e+03 1.396200e-01
9.397500e+03 1.393190e-01
9.398000e+03 1.390170e-01
9.398500e+03 1.387160e-01
9.399000e+03 1.384150e-01
9.399500e+03 1.381150e-01
9.400000e+03 1.378150e-01
9.400500e+03 1.374970e-01
9.401000e+03 1.371780e-01
9.401500e+03 1.368600e-01
9.402000e+03 1.365420e-01
9.402500e+03 1.362240e-01
9.403000e+03 1.359070e-01
9.403500e+03 1.355900e-01
9.404000e+03 1.352740e-01
9.404500e+03 1.353030e-01
9.405000e+03 1.353330e-01
9.405500e+03 1.353630e-01
9.406000e+03 1.353920e-01
9.406500e+03 1.354220e-01
9.407000e+03 1.354510e-01
9.407500e+03 1.354800e-01
9.408000e+03 1.355080e-01
9.408500e+03 1.355370e-01
9.409000e+03 1.355660e-01
9.409500e+03 1.355940e-01
9.410000e+03 1.356220e-01
9.410500e+03 1.356530e-01
9.411000e+03 1.356840e-01
9.411500e+03 1.357130e-01
9.412000e+03 1.357430e-01
9.412500e+03 1.357720e-01
9.413000e+03 1.358010e-01
9.413500e+03 1.358310e-01
9.414000e+03 1.358610e-01
9.414500e+03 1.357270e-01
9.415000e+03 1.355920e-01
9.415500e+03 1.354580e-01
9.416000e+03 1.353240e-01
9.416500e+03 1.351900e-01
9.417000e+03 1.350560e-01
9.417500e+03 1.349220e-01
9.418000e+03 1.347880e-01
9.418500e+03 1.346540e-01
9.419000e+03 1.345210e-01
9.419500e+03 1.343870e-01
9.420000e+03 1.342530e-01
9.420500e+03 1.341110e-01
9.421000e+03 1.339690e-01
9.421500e+03 1.338270e-01
9.422000e+03 1.336850e-01
9.422500e+03 1.335440e-01
9.423000e+03 1.334020e-01
9.423500e+03 1.332600e-01
9.424000e+03 1.331190e-01
9.424500e+03 1.329550e-01
9.425000e+03 1.327920e-01
9.425500e+03 1.326290e-01
9.426000e+03 1.324660e-01
9.426500e+03 1.323030e-01
9.427000e+03 1.321400e-01
9.427500e+03 1.319770e-01
9.428000e+03 1.318150e-01
9.428500e+03 1.316530e-01
9.429000e+03 1.314910e-01
9.429500e+03 1.313280e-01
9.430000e+03 1.311660e-01
9.430500e+03 1.310090e-01
9.431000e+03 1.308530e-01
9.431500e+03 1.306970e-01
9.432000e+03 1.305410e-01
9.432500e+03 1.303850e-01
9.433000e+03 1.302290e-01
9.433500e+03 1.300730e-01
9.434000e+03 1.299170e-01
9.434500e+03 1.297760e-01
9.435000e+03 1.296360e-01
9.435500e+03 1.294940e-01
9.436000e+03 1.293530e-01
9.436500e+03 1.292120e-01
9.437000e+03 1.290700e-01
9.437500e+03 1.289300e-01
9.438000e+03 1.287900e-01
9.438500e+03 1.286490e-01
9.439000e+03 1.285090e-01
9.439500e+03 1.283680e-01
9.440000e+03 1.282280e-01
9.440500e+03 1.280910e-01
9.441000e+03 1.279530e-01
9.441500e+03 1.278160e-01
9.442000e+03 1.276780e-01
9.442500e+03 1.275410e-01
9.443000e+03 1.274040e-01
9.443500e+03 1.272670e-01
9.444000e+03 1.271300e-01
9.444500e+03 1.269650e-01
9.445000e+03 1.267990e-01
9.445500e+03 1.266340e-01
9.446000e+03 1.264700e-01
9.446500e+03 1.263040e-01
9.447000e+03 1.261390e-01
9.447500e+03 1.259750e-01
9.448000e+03 1.258100e-01
9.448500e+03 1.256460e-01
9.449000e+03 1.254820e-01
9.449500e+03 1.253180e-01
9.450000e+03 1.251530e-01
9.450500e+03 1.249850e-01
9.451000e+03 1.248170e-01
9.451500e+03 1.246490e-01
9.452000e+03 1.244810e-01
9.452500e+03 1.243140e-01
9.453000e+03 1.241460e-01
9.453500e+03 1.239790e-01
9.454000e+03 1.238110e-01
9.454500e+03 1.237290e-01
9.455000e+03 1.236460e-01
9.455500e+03 1.235630e-01
9.456000e+03 1.234800e-01
9.456500e+03 1.233980e-01
9.457000e+03 1.233150e-01
9.457500e+03 1.232310e-01
9.458000e+03 1.231480e-01
9.458500e+03 1.230660e-01
9.459000e+03 1.229840e-01
9.459500e+03 1.229010e-01
9.460000e+03 1.228180e-01
9.460500e+03 1.227380e-01
9.461000e+03 1.226580e-01
9.461500e+03 1.225770e-01
9.462000e+03 1.224970e-01
9.462500e+03 1.224170e-01
9.463000e+03 1.223370e-01
9.463500e+03 1.222580e-01
9.464000e+03 1.221780e-01
9.464500e+03 1.220350e-01
9.465000e+03 1.218920e-01
9.465500e+03 1.217500e-01
9.466000e+03 1.216090e-01
9.466500e+03 1.214670e-01
9.467000e+03 1.213250e-01
9.467500e+03 1.211830e-01
9.468000e+03 1.210410e-01
9.468500e+03 1.208990e-01
9.469000e+03 1.207580e-01
9.469500e+03 1.206170e-01
9.470000e+03 1.204750e-01
9.470500e+03 1.203340e-01
9.471000e+03 1.201940e-01
9.471500e+03 1.200530e-01
9.472000e+03 1.199120e-01
9.472500e+03 1.197710e-01
9.473000e+03 1.196300e-01
9.473500e+03 1.194900e-01
9.474000e+03 1.193500e-01
9.474500e+03 1.192980e-01
9.475000e+03 1.192460e-01
9.475500e+03 1.191940e-01
9.476000e+03 1.191430e-01
9.476500e+03 1.190910e-01
9.477000e+03 1.190390e-01
9.477500e+03 1.189870e-01
9.478000e+03 1.189350e-01
9.478500e+03 1.188840e-01
9.479000e+03 1.188320e-01
9.479500e+03 1.187800e-01
9.480000e+03 1.187270e-01
9.480500e+03 1.186750e-01
9.481000e+03 1.186220e-01
9.481500e+03 1.185680e-01
9.482000e+03 1.185150e-01
9.482500e+03 1.184620e-01
9.483000e+03 1.184090e-01
9.483500e+03 1.183560e-01
9.484000e+03 1.183020e-01
9.484500e+03 1.182560e-01
9.485000e+03 1.182090e-01
9.485500e+03 1.181620e-01
9.486000e+03 1.181150e-01
9.486500e+03 1.180690e-01
9.487000e+03 1.180220e-01
9.487500e+03 1.179750e-01
9.488000e+03 1.179290e-01
9.488500e+03 1.178820e-01
9.489000e+03 1.178340e-01
9.489500e+03 1.177870e-01
9.490000e+03 1.177400e-01
9.490500e+03 1.176900e-01
9.491000e+03 1.176390e-01
9.491500e+03 1.175890e-01
9.492000e+03 1.175380e-01
9.492500e+03 1.174880e-01
9.493000e+03 1.174370e-01
9.493500e+03 1.173860e-01
9.494000e+03 1.173350e-01
9.494500e+03 1.173170e-01
9.495000e+03 1.172990e-01
9.495500e+03 1.172810e-01
9.496000e+03 1.172640e-01
9.496500e+03 1.172460e-01
9.497000e+03 1.172280e-01
9.497500e+03 1.172090e-01
9.498000e+03 1.171910e-01
9.498500e+03 1.171720e-01
9.499000e+03 1.171540e-01
9.499500e+03 1.171350e-01
9.500000e+03 1.171160e-01
9.500500e+03 1.171010e-01
9.501000e+03 1.170860e-01
9.501500e+03 1.170710e-01
9.502000e+03 1.170560e-01
9.502500e+03 1.170400e-01
9.503000e+03 1.170240e-01
9.503500e+03 1.170090e-01
9.504000e+03 1.169930e-01
9.504500e+03 1.169450e-01
9.505000e+03 1.168970e-01
9.505500e+03 1.168480e-01
9.506000e+03 1.168000e-01
9.506500e+03 1.167510e-01
9.507000e+03 1.167020e-01
9.507500e+03 1.166530e-01
9.508000e+03 1.166050e-01
9.508500e+03 1.165560e-01
9.509000e+03 1.165080e-01
9.509500e+03 1.164590e-01
9.510000e+03 1.164100e-01
9.510500e+03 1.163630e-01
9.511000e+03 1.163160e-01
9.511500e+03 1.162690e-01
9.512000e+03 1.162210e-01
9.512500e+03 1.161740e-01
9.513000e+03 1.161260e-01
9.513500e+03 1.160790e-01
9.514000e+03 1.160310e-01
9.514500e+03 1.159520e-01
9.515000e+03 1.158720e-01
9.515500e+03 1.157920e-01
9.516000e+03 1.157130e-01
9.516500e+03 1.156330e-01
9.517000e+03 1.155530e-01
9.517500e+03 1.154740e-01
9.518000e+03 1.153950e-01
9.518500e+03 1.153150e-01
9.519000e+03 1.152350e-01
9.519500e+03 1.151560e-01
9.520000e+03 1.150770e-01
9.520500e+03 1.149940e-01
9.521000e+03 1.149110e-01
9.521500e+03 1.148290e-01
9.522000e+03 1.147470e-01
9.522500e+03 1.146640e-01
9.523000e+03 1.145820e-01
9.523500e+03 1.145000e-01
9.524000e+03 1.144170e-01
9.524500e+03 1.141210e-01
9.525000e+03 1.138240e-01
9.525500e+03 1.135270e-01
9.526000e+03 1.132300e-01
9.526500e+03 1.129340e-01
9.527000e+03 1.126390e-01
9.527500e+03 1.123430e-01
9.528000e+03 1.120480e-01
9.528500e+03 1.117540e-01
9.529000e+03 1.114600e-01
9.529500e+03 1.111660e-01
9.530000e+03 1.108720e-01
9.530500e+03 1.105800e-01
9.531000e+03 1.102890e-01
9.531500e+03 1.099990e-01
9.532000e+03 1.097080e-01
9.532500e+03 1.094180e-01
9.533000e+03 1.091280e-01
9.533500e+03 1.088390e-01
9.534000e+03 1.085510e-01
9.534500e+03 1.080570e-01
9.535000e+03 1.075630e-01
9.535500e+03 1.070700e-01
9.536000e+03 1.065780e-01
9.536500e+03 1.060860e-01
9.537000e+03 1.055950e-01
9.537500e+03 1.051040e-01
9.538000e+03 1.046140e-01
9.538500e+03 1.041250e-01
9.539000e+03 1.036360e-01
9.539500e+03 1.031490e-01
9.540000e+03 1.026620e-01
9.540500e+03 1.021710e-01
9.541000e+03 1.016810e-01
9.541500e+03 1.011920e-01
9.542000e+03 1.007050e-01
9.542500e+03 1.002170e-01
9.543000e+03 9.972990e-02
9.543500e+03 9.924360e-02
9.544000e+03 9.875800e-02
9.544500e+03 9.799100e-02
9.545000e+03 9.722510e-02
9.545500e+03 9.646010e-02
9.546000e+03 9.569620e-02
9.546500e+03 9.493370e-02
9.547000e+03 9.417230e-02
9.547500e+03 9.341220e-02
9.548000e+03 9.265310e-02
9.548500e+03 9.189480e-02
9.549000e+03 9.113750e-02
9.549500e+03 9.038160e-02
9.550000e+03 8.962690e-02
9.550500e+03 8.887700e-02
9.551000e+03 8.812820e-02
9.551500e+03 8.738050e-02
9.552000e+03 8.663380e-02
9.552500e+03 8.588820e-02
9.553000e+03 8.514360e-02
9.553500e+03 8.439980e-02
9.554000e+03 8.365710e-02
9.554500e+03 8.275250e-02
9.555000e+03 8.184930e-02
9.555500e+03 8.094750e-02
9.556000e+03 8.004710e-02
9.556500e+03 7.914770e-02
9.557000e+03 7.824960e-02
9.557500e+03 7.735310e-02
9.558000e+03 7.645780e-02
9.558500e+03 7.556400e-02
9.559000e+03 7.467150e-02
9.559500e+03 7.377960e-02
9.560000e+03 7.288900e-02
9.560500e+03 7.199850e-02
9.561000e+03 7.110940e-02
9.561500e+03 7.022200e-02
9.562000e+03 6.933600e-02
9.562500e+03 6.845090e-02
9.563000e+03 6.756710e-02
9.563500e+03 6.668490e-02
9.564000e+03 6.580400e-02
9.564500e+03 6.485900e-02
9.565000e+03 6.391550e-02
9.565500e+03 6.297340e-02
9.566000e+03 6.203280e-02
9.566500e+03 6.109320e-02
9.567000e+03 6.015510e-02
9.567500e+03 5.921910e-02
9.568000e+03 5.828460e-02
9.568500e+03 5.735110e-02
9.569000e+03 5.641910e-02
9.569500e+03 5.548880e-02
9.570000e+03 5.456000e-02
9.570500e+03 5.363270e-02
9.571000e+03 5.270690e-02
9.571500e+03 5.178310e-02
9.572000e+03 5.086070e-02
9.572500e+03 4.993940e-02
9.573000e+03 4.901950e-02
9.573500e+03 4.810110e-02
9.574000e+03 4.718420e-02
9.574500e+03 4.640310e-02
9.575000e+03 4.562330e-02
9.575500e+03 4.484490e-02
9.576000e+03 4.406780e-02
9.576500e+03 4.329150e-02
9.577000e+03 4.251650e-02
9.577500e+03 4.174290e-02
9.578000e+03 4.097050e-02
9.578500e+03 4.019910e-02
9.579000e+03 3.942890e-02
9.579500e+03 3.865990e-02
9.580000e+03 3.789220e-02
9.580500e+03 3.712380e-02
9.581000e+03 3.635670e-02
9.581500e+03 3.559080e-02
9.582000e+03 3.482620e-02
9.582500e+03 3.406270e-02
9.583000e+03 3.330050e-02
9.583500e+03 3.254000e-02
9.584000e+03 3.178060e-02
9.584500e+03 3.118350e-02
9.585000e+03 3.058730e-02
9.585500e+03 2.999210e-02
9.586000e+03 2.939790e-02
9.586500e+03 2.880470e-02
9.587000e+03 2.821250e-02
9.587500e+03 2.762140e-02
9.588000e+03 2.703140e-02
9.588500e+03 2.644220e-02
9.589000e+03 2.585400e-02
9.589500e+03 2.526680e-02
9.590000e+03 2.468060e-02
9.590500e+03 2.409720e-02
9.591000e+03 2.351470e-02
9.591500e+03 2.293310e-02
9.592000e+03 2.235250e-02
9.592500e+03 2.177260e-02
9.593000e+03 2.119370e-02
9.593500e+03 2.061570e-02
9.594000e+03 2.003860e-02
9.594500e+03 1.964350e-02
9.595000e+03 1.924900e-02
9.595500e+03 1.885500e-02
9.596000e+03 1.846170e-02
9.596500e+03 1.806910e-02
9.597000e+03 1.767700e-02
9.597500e+03 1.728550e-02
9.598000e+03 1.689460e-02
9.598500e+03 1.650440e-02
9.599000e+03 1.611480e-02
9.599500e+03 1.572580e-02
9.600000e+03 1.533740e-02
9.600500e+03 1.494980e-02
9.601000e+03 1.456280e-02
9.601500e+03 1.417650e-02
9.602000e+03 1.379080e-02
9.602500e+03 1.340570e-02
9.603000e+03 1.302120e-02
9.603500e+03 1.263720e-02
9.604000e+03 1.225390e-02
9.604500e+03 1.201480e-02
9.605000e+03 1.177610e-02
9.605500e+03 1.153760e-02
9.606000e+03 1.129950e-02
9.606500e+03 1.106190e-02
9.607000e+03 1.082470e-02
9.607500e+03 1.058780e-02
9.608000e+03 1.035130e-02
9.608500e+03 1.011510e-02
9.609000e+03 9.879300e-03
9.609500e+03 9.643870e-03
9.610000e+03 9.408820e-03
9.610500e+03 9.173850e-03
9.611000e+03 8.939270e-03
9.611500e+03 8.705050e-03
9.612000e+03 8.471200e-03
9.612500e+03 8.237810e-03
9.613000e+03 8.004790e-03
9.613500e+03 7.772070e-03
9.614000e+03 7.539730e-03
9.614500e+03 7.397640e-03
9.615000e+03 7.255770e-03
9.615500e+03 7.114100e-03
9.616000e+03 6.972650e-03
9.616500e+03 6.831470e-03
9.617000e+03 6.690520e-03
9.617500e+03 6.549760e-03
9.618000e+03 6.409220e-03
9.618500e+03 6.268940e-03
9.619000e+03 6.128890e-03
9.619500e+03 5.989060e-03
9.620000e+03 5.849460e-03
9.620500e+03 5.710020e-03
9.621000e+03 5.570820e-03
9.621500e+03 5.431810e-03
9.622000e+03 5.293030e-03
9.622500e+03 5.154520e-03
9.623000e+03 5.016250e-03
9.623500e+03 4.878180e-03
9.624000e+03 4.740340e-03
9.624500e+03 4.654950e-03
9.625000e+03 4.569710e-03
9.625500e+03 4.484620e-03
9.626000e+03 4.399670e-03
9.626500e+03 4.314850e-03
9.627000e+03 4.230170e-03
9.627500e+03 4.145630e-03
9.628000e+03 4.061230e-03
9.628500e+03 3.977010e-03
9.629000e+03 3.892930e-03
9.629500e+03 3.808940e-03
9.630000e+03 3.725100e-03
9.630500e+03 3.641540e-03
9.631000e+03 3.558120e-03
9.631500e+03 3.474820e-03
9.632000e+03 3.391650e-03
9.632500e+03 3.308640e-03
9.633000e+03 3.225770e-03
9.633500e+03 3.143030e-03
9.634000e+03 3.060430e-03
9.634500e+03 3.005980e-03
9.635000e+03 2.951620e-03
9.635500e+03 2.897370e-03
9.636000e+03 2.843210e-03
9.636500e+03 2.789130e-03
9.637000e+03 2.735140e-03
9.637500e+03 2.681230e-03
9.638000e+03 2.627400e-03
9.638500e+03 2.573680e-03
9.639000e+03 2.520040e-03
9.639500e+03 2.466480e-03
9.640000e+03 2.413010e-03
9.640500e+03 2.359530e-03
9.641000e+03 2.306150e-03
9.641500e+03 2.252880e-03
9.642000e+03 2.199690e-03
9.642500e+03 2.146590e-03
9.643000e+03 2.093570e-03
9.643500e+03 2.040660e-03
9.644000e+03 1.987830e-03
9.644500e+03 1.955380e-03
9.645000e+03 1.922980e-03
9.645500e+03 1.890630e-03
9.646000e+03 1.858330e-03
9.646500e+03 1.826100e-03
9.647000e+03 1.793930e-03
9.647500e+03 1.761810e-03
9.648000e+03 1.729750e-03
9.648500e+03 1.697730e-03
9.649000e+03 1.665760e-03
9.649500e+03 1.633860e-03
9.650000e+03 1.602010e-03
9.650500e+03 1.570290e-03
9.651000e+03 1.538630e-03
9.651500e+03 1.507020e-03
9.652000e+03 1.475470e-03
9.652500e+03 1.443960e-03
9.653000e+03 1.412510e-03
9.653500e+03 1.381110e-03
9.654000e+03 1.349760e-03
9.654500e+03 1.328880e-03
9.655000e+03 1.308040e-03
9.655500e+03 1.287240e-03
9.656000e+03 1.266460e-03
9.656500e+03 1.245720e-03
9.657000e+03 1.225000e-03
9.657500e+03 1.204330e-03
9.658000e+03 1.183700e-03
9.658500e+03 1.163100e-03
9.659000e+03 1.142530e-03
9.659500e+03 1.121990e-03
9.660000e+03 1.101480e-03
9.660500e+03 1.080980e-03
9.661000e+03 1.060510e-03
9.661500e+03 1.040090e-03
9.662000e+03 1.019690e-03
9.662500e+03 9.993330e-04
9.663000e+03 9.790090e-04
9.663500e+03 9.587210e-04
9.664000e+03 9.384670e-04
9.664500e+03 9.241680e-04
9.665000e+03 9.098940e-04
9.665500e+03 8.956490e-04
9.666000e+03 8.814280e-04
9.666500e+03 8.672310e-04
9.667000e+03 8.530580e-04
9.667500e+03 8.389080e-04
9.668000e+03 8.247810e-04
9.668500e+03 8.106830e-04
9.669000e+03 7.966100e-04
9.669500e+03 7.825600e-04
9.670000e+03 7.685340e-04
9.670500e+03 7.545260e-04
9.671000e+03 7.405410e-04
9.671500e+03 7.265880e-04
9.672000e+03 7.126580e-04
9.672500e+03 6.987520e-04
9.673000e+03 6.848710e-04
9.673500e+03 6.710090e-04
9.674000e+03 6.571720e-04
9.674500e+03 6.477020e-04
9.675000e+03 6.382490e-04
9.675500e+03 6.288080e-04
9.676000e+03 6.193830e-04
9.676500e+03 6.099770e-04
9.677000e+03 6.005860e-04
9.677500e+03 5.912120e-04
9.678000e+03 5.818530e-04
9.678500e+03 5.725100e-04
9.679000e+03 5.631820e-04
9.679500e+03 5.538740e-04
9.680000e+03 5.445830e-04
9.680500e+03 5.353160e-04
9.681000e+03 5.260640e-04
9.681500e+03 5.168220e-04
9.682000e+03 5.075960e-04
9.682500e+03 4.983940e-04
9.683000e+03 4.892080e-04
9.683500e+03 4.800340e-04
9.684000e+03 4.708770e-04
9.684500e+03 4.648800e-04
9.685000e+03 4.588930e-04
9.685500e+03 4.529170e-04
9.686000e+03 4.469520e-04
9.686500e+03 4.409990e-04
9.687000e+03 4.350570e-04
9.687500e+03 4.291210e-04
9.688000e+03 4.231950e-04
9.688500e+03 4.172840e-04
9.689000e+03 4.113840e-04
9.689500e+03 4.054880e-04
9.690000e+03 3.996030e-04
9.690500e+03 3.937360e-04
9.691000e+03 3.878790e-04
9.691500e+03 3.820330e-04
9.692000e+03 3.761960e-04
9.692500e+03 3.703690e-04
9.693000e+03 3.645520e-04
9.693500e+03 3.587450e-04
9.694000e+03 3.529470e-04
9.694500e+03 3.542910e-04
9.695000e+03 3.556310e-04
9.695500e+03 3.569650e-04
9.696000e+03 3.582960e-04
9.696500e+03 3.596270e-04
9.697000e+03 3.609550e-04
9.697500e+03 3.622790e-04
9.698000e+03 3.636000e-04
9.698500e+03 3.649180e-04
9.699000e+03 3.662320e-04
9.699500e+03 3.675440e-04
9.700000e+03 3.688530e-04
9.700500e+03 3.701580e-04
9.701000e+03 3.714600e-04
9.701500e+03 3.727580e-04
9.702000e+03 3.740530e-04
9.702500e+03 3.753460e-04
9.703000e+03 3.766360e-04
9.703500e+03 3.779230e-04
9.704000e+03 3.792070e-04
9.704500e+03 3.768380e-04
9.705000e+03 3.744730e-04
9.705500e+03 3.721100e-04
9.706000e+03 3.697510e-04
9.706500e+03 3.673970e-04
9.707000e+03 3.650460e-04
9.707500e+03 3.626980e-04
9.708000e+03 3.603520e-04
9.708500e+03 3.580150e-04
9.709000e+03 3.556800e-04
9.709500e+03 3.533470e-04
9.710000e+03 3.510180e-04
9.710500e+03 3.486850e-04
9.711000e+03 3.463570e-04
9.711500e+03 3.440300e-04
9.712000e+03 3.417080e-04
9.712500e+03 3.393900e-04
9.713000e+03 3.370750e-04
9.713500e+03 3.347650e-04
9.714000e+03 3.324600e-04
9.714500e+03 3.301560e-04
9.715000e+03 3.278550e-04
9.715500e+03 3.255630e-04
9.716000e+03 3.232750e-04
9.716500e+03 3.209860e-04
9.717000e+03 3.187010e-04
9.717500e+03 3.164230e-04
9.718000e+03 3.141490e-04
9.718500e+03 3.118780e-04
9.719000e+03 3.096100e-04
9.719500e+03 3.073480e-04
9.720000e+03 3.050890e-04
9.720500e+03 3.028390e-04
9.721000e+03 3.005930e-04
9.721500e+03 2.983520e-04
9.722000e+03 2.961140e-04
9.722500e+03 2.938780e-04
9.723000e+03 2.916460e-04
9.723500e+03 2.894210e-04
9.724000e+03 2.872010e-04
9.724500e+03 2.849810e-04
9.725000e+03 2.827640e-04
9.725500e+03 2.805530e-04
9.726000e+03 2.783450e-04
9.726500e+03 2.761420e-04
9.727000e+03 2.739430e-04
9.727500e+03 2.717470e-04
9.728000e+03 2.695550e-04
9.728500e+03 2.673660e-04
9.729000e+03 2.651800e-04
9.729500e+03 2.630010e-04
9.730000e+03 2.608250e-04
9.730500e+03 2.586480e-04
9.731000e+03 2.564760e-04
9.731500e+03 2.543090e-04
9.732000e+03 2.521470e-04
9.732500e+03 2.499880e-04
9.733000e+03 2.478330e-04
9.733500e+03 2.456810e-04
9.734000e+03 2.435320e-04
9.734500e+03 2.413890e-04
9.735000e+03 2.392480e-04
9.735500e+03 2.371110e-04
9.736000e+03 2.349780e-04
9.736500e+03 2.328490e-04
9.737000e+03 2.307240e-04
9.737500e+03 2.286030e-04
9.738000e+03 2.264850e-04
9.738500e+03 2.243710e-04
9.739000e+03 2.222610e-04
9.739500e+03 2.201540e-04
9.740000e+03 2.180520e-04
9.740500e+03 2.159530e-04
9.741000e+03 2.138580e-04
9.741500e+03 2.117650e-04
9.742000e+03 2.096750e-04
9.742500e+03 2.075920e-04
9.743000e+03 2.055120e-04
9.743500e+03 2.034350e-04
9.744000e+03 2.013620e-04
9.744500e+03 1.996220e-04
9.745000e+03 1.978850e-04
9.745500e+03 1.961520e-04
9.746000e+03 1.944230e-04
9.746500e+03 1.926960e-04
9.747000e+03 1.909720e-04
9.747500e+03 1.892520e-04
9.748000e+03 1.875350e-04
9.748500e+03 1.858220e-04
9.749000e+03 1.841110e-04
9.749500e+03 1.824030e-04
9.750000e+03 1.806970e-04
9.750500e+03 1.789990e-04
9.751000e+03 1.773030e-04
9.751500e+03 1.756100e-04
9.752000e+03 1.739190e-04
9.752500e+03 1.722330e-04
9.753000e+03 1.705490e-04
9.753500e+03 1.688670e-04
9.754000e+03 1.671870e-04
9.754500e+03 1.655130e-04
9.755000e+03 1.638410e-04
9.755500e+03 1.621730e-04
9.756000e+03 1.605090e-04
9.756500e+03 1.588460e-04
9.757000e+03 1.571860e-04
9.757500e+03 1.555290e-04
9.758000e+03 1.538760e-04
9.758500e+03 1.522260e-04
9.759000e+03 1.505780e-04
9.759500e+03 1.489340e-04
9.760000e+03 1.472930e-04
9.760500e+03 1.456570e-04
9.761000e+03 1.440240e-04
9.761500e+03 1.423920e-04
9.762000e+03 1.407630e-04
9.762500e+03 1.391380e-04
9.763000e+03 1.375170e-04
9.763500e+03 1.358980e-04
9.764000e+03 1.342820e-04
9.764500e+03 1.326690e-04
9.765000e+03 1.310590e-04
9.765500e+03 1.294520e-04
9.766000e+03 1.278480e-04
9.766500e+03 1.262480e-04
9.767000e+03 1.246510e-04
9.767500e+03 1.230560e-04
9.768000e+03 1.214650e-04
9.768500e+03 1.198760e-04
9.769000e+03 1.182900e-04
9.769500e+03 1.167080e-04
9.770000e+03 1.151280e-04
9.770500e+03 1.135460e-04
9.771000e+03 1.119670e-04
9.771500e+03 1.103920e-04
9.772000e+03 1.088190e-04
9.772500e+03 1.072490e-04
9.773000e+03 1.056820e-04
9.773500e+03 1.041200e-04
9.774000e+03 1.025610e-04
9.774500e+03 1.010040e-04
9.775000e+03 9.944950e-05
9.775500e+03 9.789900e-05
9.776000e+03 9.635170e-05
9.776500e+03 9.480750e-05
9.777000e+03 9.326640e-05
9.777500e+03 9.172890e-05
9.778000e+03 9.019450e-05
9.778500e+03 8.866330e-05
