100.000000 509.2144
100.200200 509.2144
100.400801 509.2144
100.601804 509.2144
100.803209 509.2144
101.005017 509.2144
101.207229 509.2144
101.409846 509.2144
101.612869 509.2144
101.816298 509.2144
102.020134 509.2144
102.224378 509.2144
102.429032 509.2144
102.634095 509.2144
102.839568 509.2144
103.045453 509.2144
103.251751 509.2144
103.458461 509.2144
103.665585 509.2144
103.873123 509.2144
104.081077 509.2144
104.289448 509.2144
104.498235 509.2144
104.707441 509.2144
104.917066 509.2144
105.127110 509.2144
105.337574 509.2144
105.548460 509.2144
105.759768 509.2144
105.971500 509.2144
106.183655 509.2144
106.396234 509.2144
106.609240 509.2144
106.822672 509.2144
107.036531 509.2144
107.250818 509.2144
107.465534 509.2144
107.680681 509.2144
107.896257 509.2144
108.112266 509.2144
108.328707 509.2144
108.545581 509.2144
108.762889 509.2144
108.980633 509.2144
109.198812 509.2144
109.417428 509.2144
109.636482 509.2144
109.855975 509.2144
110.075906 509.2144
110.296279 509.2144
110.517092 509.2144
110.738347 509.2144
110.960045 509.2144
111.182188 509.2144
111.404775 509.2144
111.627807 509.2144
111.851286 509.2144
112.075212 509.2144
112.299587 509.2144
112.524411 509.2144
112.749685 509.2144
112.975410 509.2144
113.201587 509.2144
113.428217 509.2144
113.655300 509.2144
113.882838 509.2144
114.110832 509.2144
114.339282 509.2144
114.568189 509.2144
114.797555 509.2144
115.027380 509.2144
115.257665 509.2144
115.488411 509.2144
115.719619 509.2144
115.951290 509.2144
116.183424 509.2144
116.416024 509.2144
116.649089 509.2144
116.882620 509.2144
117.116619 509.2144
117.351087 509.2144
117.586024 509.2144
117.821432 509.2144
118.057310 509.2144
118.293661 509.2144
118.530485 509.2144
118.767783 509.2144
119.005557 509.2144
119.243806 509.2144
119.482532 509.2144
119.721736 509.2144
119.961419 509.2144
120.201582 509.2144
120.442226 509.2144
120.683352 509.2144
120.924960 509.2144
121.167052 509.2144
121.409628 509.2144
121.652691 509.2144
121.896239 509.2144
122.140276 509.2144
122.384801 509.2144
122.629815 509.2144
122.875320 509.2144
123.121317 509.2144
123.367806 509.2144
123.614789 509.2144
123.862265 509.2144
124.110238 509.2144
124.358707 509.2144
124.607673 509.2144
124.857138 509.2144
125.107102 509.2144
125.357567 509.2144
125.608533 509.2144
125.860001 509.2144
126.111973 509.2144
126.364449 509.2144
126.617431 509.2144
126.870919 509.2144
127.124915 509.2144
127.379419 509.2144
127.634433 509.2144
127.889957 509.2144
128.145993 509.2144
128.402542 509.2144
128.659604 509.2144
128.917180 509.2144
129.175273 509.2144
129.433882 509.2144
129.693009 509.2144
129.952654 509.2144
130.212820 509.2144
130.473506 509.2144
130.734714 509.2144
130.996445 509.2144
131.258700 509.2144
131.521480 509.2144
131.784786 509.2144
132.048620 509.2144
132.312981 509.2144
132.577872 509.2144
132.843293 509.2144
133.109246 509.2144
133.375730 509.2144
133.642749 509.2144
133.910302 509.2144
134.178390 509.2144
134.447016 509.2144
134.716179 509.2144
134.985881 509.2144
135.256123 509.2144
135.526906 509.2144
135.798231 509.2144
136.070099 509.2144
136.342511 509.2144
136.615469 509.2144
136.888974 509.2144
137.163026 509.2144
137.437626 509.2144
137.712776 509.2144
137.988478 509.2144
138.264731 509.2144
138.541537 509.2144
138.818897 509.2144
139.096813 509.2144
139.375285 509.2144
139.654314 509.2144
139.933902 509.2144
140.214050 509.2144
140.494759 509.2144
140.776030 509.2144
141.057864 509.2144
141.340262 509.2144
141.623225 509.2144
141.906755 509.2144
142.190852 509.2144
142.475519 509.2144
142.760755 509.2144
143.046562 509.2144
143.332941 509.2144
143.619894 509.2144
143.907421 509.2144
144.195524 509.2144
144.484204 509.2144
144.773461 509.2144
145.063298 509.2144
145.353715 509.2144
145.644713 509.2144
145.936294 509.2144
146.228459 509.2144
146.521209 509.2144
146.814544 509.2144
147.108467 509.2144
147.402978 509.2144
147.698079 509.2144
147.993771 509.2144
148.290055 509.2144
148.586932 509.2144
148.884403 509.2144
149.182470 509.2144
149.481133 509.2144
149.780395 509.2144
150.080255 509.2144
150.380716 509.2144
150.681779 509.2144
150.983444 509.2144
151.285713 509.2144
151.588587 509.2144
151.892067 509.2144
152.196156 509.2144
152.500852 509.2144
152.806159 509.2144
153.112078 509.2144
153.418608 509.2144
153.725752 509.2144
154.033512 509.2144
154.341887 509.2144
154.650879 509.2144
154.960491 509.2144
155.270722 509.2144
155.581574 509.2144
155.893049 509.2144
156.205147 509.2144
156.517870 509.2144
156.831219 509.2144
157.145195 509.2144
157.459800 509.2144
157.775034 509.2144
158.090900 509.2144
158.407398 509.2144
158.724530 509.2144
159.042297 509.2144
159.360700 509.2144
159.679740 509.2144
159.999419 509.2144
160.319738 509.2144
160.640699 509.2144
160.962302 509.2144
161.284548 509.2144
161.607440 509.2144
161.930979 509.2144
162.255165 509.2144
162.580000 509.2144
162.905485 509.2144
163.231622 509.2144
163.558412 509.2144
163.885856 509.2144
164.213956 509.2144
164.542712 509.2144
164.872127 509.2144
165.202201 509.2144
165.532936 509.2144
165.864333 509.2144
166.196394 509.2144
166.529119 509.2144
166.862511 509.2144
167.196570 509.2144
167.531298 509.2144
167.866696 509.2144
168.202765 509.2144
168.539507 509.2144
168.876923 509.2144
169.215015 509.2144
169.553784 509.2144
169.893231 509.2144
170.233357 509.2144
170.574165 509.2144
170.915654 509.2144
171.257828 509.2144
171.600686 509.2144
171.944231 509.2144
172.288464 509.2144
172.633385 509.2144
172.978998 509.2144
173.325302 509.2144
173.672299 509.2144
174.019991 509.2144
174.368380 509.2144
174.717465 509.2144
175.067250 509.2144
175.417735 509.2144
175.768921 509.2144
176.120811 509.2144
176.473405 509.2144
176.826705 509.2144
177.180712 509.2144
177.535428 509.2144
177.890855 509.2144
178.246992 509.2144
178.603843 509.2144
178.961408 509.2144
179.319689 509.2144
179.678687 509.2144
180.038404 509.2144
180.398842 509.2144
180.760000 509.2144
181.121882 509.2144
181.484488 509.2144
181.847820 509.2144
182.211880 509.2144
182.576668 509.2144
182.942187 509.2144
183.308438 509.2144
183.675421 509.2144
184.043140 509.2144
184.411594 509.2144
184.780787 509.2144
185.150718 509.2144
185.521390 509.2144
185.892804 509.2144
186.264962 509.2144
186.637865 509.2144
187.011514 509.2144
187.385911 509.2144
187.761058 509.2144
188.136956 509.2144
188.513606 509.2144
188.891011 509.2144
189.269171 509.2144
189.648088 509.2144
190.027764 509.2144
190.408199 509.2144
190.789397 509.2144
191.171358 509.2144
191.554083 509.2144
191.937574 509.2144
192.321834 509.2144
192.706862 509.2144
193.092662 509.2144
193.479233 509.2144
193.866579 509.2144
194.254700 509.2144
194.643598 509.2144
195.033275 509.2144
195.423732 509.2144
195.814971 509.2144
196.206992 509.2144
196.599799 509.2144
196.993392 509.2144
197.387773 509.2144
197.782944 509.2144
198.178906 509.2144
198.575660 509.2144
198.973209 509.2144
199.371553 509.2144
199.770695 509.2144
200.170637 509.2144
200.571379 509.2144
200.972923 509.2144
201.375271 509.2144
201.778424 509.2144
202.182385 509.2144
202.587154 509.2144
202.992734 509.2144
203.399126 509.2144
203.806331 509.2144
204.214352 509.2144
204.623189 509.2144
205.032845 509.2144
205.443321 509.2144
205.854619 509.2144
206.266740 509.2144
206.679686 509.2144
207.093459 509.2144
207.508061 509.2144
207.923492 509.2144
208.339755 509.2144
208.756852 509.2144
209.174783 509.2144
209.593551 509.2144
210.013158 509.2144
210.433605 509.2144
210.854893 509.2144
211.277025 509.2144
211.700002 509.2144
212.123825 509.2144
212.548498 509.2144
212.974020 509.2144
213.400394 509.2144
213.827622 509.2144
214.255705 509.2144
214.684645 509.2144
215.114444 509.2144
215.545104 509.2144
215.976625 509.2144
216.409011 509.2144
216.842262 509.2144
217.276380 509.2144
217.711368 509.2144
218.147227 509.2144
218.583958 509.2144
219.021563 509.2144
219.460044 509.2144
219.899404 509.2144
220.339643 509.2144
220.780763 509.2144
221.222766 509.2144
221.665655 509.2144
222.109429 509.2144
222.554093 509.2144
222.999646 509.2144
223.446092 509.2144
223.893431 509.2144
224.341666 509.2144
224.790799 509.2144
225.240830 509.2144
225.691763 509.2144
226.143598 509.2144
226.596338 509.2144
227.049984 509.2144
227.504538 509.2144
227.960003 509.2144
228.416379 509.2144
228.873669 509.2144
229.331874 509.2144
229.790997 509.2144
230.251039 509.2144
230.712002 509.2144
231.173887 509.2144
231.636698 509.2144
232.100435 509.2144
232.565100 509.2144
233.030696 509.2144
233.497223 509.2144
233.964685 509.2144
234.433083 509.2144
234.902418 509.2144
235.372693 509.2144
235.843910 509.2144
236.316069 509.2144
236.789174 509.2144
237.263227 509.2144
237.738228 509.2144
238.214180 509.2144
238.691085 509.2144
239.168945 509.2144
239.647762 509.2144
240.127537 509.2144
240.608273 509.2144
241.089971 509.2144
241.572633 509.2144
242.056262 509.2144
242.540859 509.2144
243.026426 509.2144
243.512965 509.2144
244.000478 509.2144
244.488968 509.2144
244.978435 509.2144
245.468882 509.2144
245.960311 509.2144
246.452724 509.2144
246.946123 509.2144
247.440509 509.2144
247.935885 509.2144
248.432253 509.2144
248.929615 509.2144
249.427972 509.2144
249.927328 509.2144
250.427682 509.2144
250.929039 509.2144
251.431399 509.2144
251.934765 509.2144
252.439139 509.2144
252.944522 509.2144
253.450918 509.2144
253.958327 509.2144
254.466752 509.2144
254.976195 509.2144
255.486657 509.2144
255.998142 509.2144
256.510650 509.2144
257.024185 509.2144
257.538748 509.2144
258.054341 509.2144
258.570966 509.2144
259.088625 509.2144
259.607321 509.2144
260.127055 509.2144
260.647830 509.2144
261.169647 509.2144
261.692509 509.2144
262.216418 509.2144
262.741376 509.2144
263.267384 509.2144
263.794446 509.2144
264.322563 509.2144
264.851737 509.2144
265.381970 509.2144
265.913265 509.2144
266.445624 509.2144
266.979049 509.2144
267.513541 509.2144
268.049104 509.2144
268.585738 509.2144
269.123447 509.2144
269.662233 509.2144
270.202097 509.2144
270.743042 509.2144
271.285070 509.2144
271.828183 509.2144
272.372383 509.2144
272.917673 509.2144
273.464055 509.2144
274.011530 509.2144
274.560102 509.2144
275.109771 509.2144
275.660541 509.2144
276.212414 509.2144
276.765392 509.2144
277.319476 509.2144
277.874670 509.2144
278.430976 509.2144
278.988395 509.2144
279.546930 509.2144
280.106583 509.2144
280.667357 509.2144
281.229254 509.2144
281.792275 509.2144
282.356423 509.2144
282.921701 509.2144
283.488111 509.2144
284.055655 509.2144
284.624334 509.2144
285.194153 509.2144
285.765112 509.2144
286.337214 509.2144
286.910461 509.2144
287.484857 509.2144
288.060402 509.2144
288.637099 509.2144
289.214951 509.2144
289.793960 509.2144
290.374127 509.2144
290.955457 509.2144
291.537950 509.2144
292.121609 509.2144
292.706437 509.2144
293.292436 509.2144
293.879608 509.2144
294.467955 509.2144
295.057480 509.2144
295.648186 509.2144
296.240074 509.2144
296.833147 509.2144
297.427407 509.2144
298.022857 509.2144
298.619499 509.2144
299.217336 509.2144
299.816370 509.2144
300.416602 509.2144
301.018037 509.2144
301.620675 509.2144
302.224520 509.2144
302.829574 509.2144
303.435839 509.2144
304.043318 509.2144
304.652014 509.2144
305.261927 509.2144
305.873062 509.2144
306.485420 509.2144
307.099005 509.2144
307.713817 509.2144
308.329861 509.2144
308.947137 509.2144
309.565650 509.2144
310.185401 509.2144
310.806392 509.2144
311.428627 509.2144
312.052108 509.2144
312.676837 509.2144
313.302816 509.2144
313.930049 509.2144
314.558537 509.2144
315.188284 509.2144
315.819291 509.2144
316.451562 509.2144
317.085098 509.2144
317.719903 509.2144
318.355979 509.2144
318.993328 509.2144
319.631953 509.2144
320.271856 509.2144
320.913041 509.2144
321.555509 509.2144
322.199264 509.2144
322.844307 509.2144
323.490642 509.2144
324.138271 509.2144
324.787196 509.2144
325.437420 509.2144
326.088946 509.2144
326.741777 509.2144
327.395914 509.2144
328.051361 509.2144
328.708121 509.2144
329.366195 509.2144
330.025586 509.2144
330.686298 509.2144
331.348332 509.2144
332.011692 509.2144
332.676380 509.2144
333.342399 509.2144
334.009751 509.2144
334.678439 509.2144
335.348465 509.2144
336.019833 509.2144
336.692545 509.2144
337.366604 509.2144
338.042013 509.2144
338.718773 509.2144
339.396889 509.2144
340.076362 509.2144
340.757195 509.2144
341.439392 509.2144
342.122954 509.2144
342.807884 509.2144
343.494186 509.2144
344.181862 509.2144
344.870914 509.2144
345.561346 509.2144
346.253161 509.2144
346.946360 509.2144
347.640947 509.2144
348.336925 509.2144
349.034296 509.2144
349.733063 509.2144
350.433229 509.2144
351.134797 509.2144
351.837769 509.2144
352.542149 509.2144
353.247939 509.2144
353.955141 509.2144
354.663760 509.2144
355.373797 509.2144
356.085256 509.2144
356.798139 509.2144
357.512450 509.2144
358.228190 509.2144
358.945363 509.2144
359.663973 509.2144
360.384020 509.2144
361.105510 509.2144
361.828443 509.2144
362.552824 509.2144
363.278656 509.2144
364.005940 509.2144
364.734680 509.2144
365.464880 509.2144
366.196541 509.2144
366.929667 509.2144
367.664260 509.2144
368.400325 509.2144
369.137863 509.2144
369.876877 509.2144
370.617371 509.2144
371.359348 509.2144
372.102810 509.2144
372.847760 509.2144
373.594202 509.2144
374.342138 509.2144
375.091571 509.2144
375.842505 509.2144
376.594942 509.2144
377.348886 509.2144
378.104339 509.2144
378.861304 509.2144
379.619785 509.2144
380.379784 509.2144
381.141305 509.2144
381.904351 509.2144
382.668924 509.2144
383.435027 509.2144
384.202665 509.2144
384.971839 509.2144
385.742553 509.2144
386.514810 509.2144
387.288613 509.2144
388.063966 509.2144
388.840870 509.2144
389.619330 509.2144
390.399349 509.2144
391.180929 509.2144
391.964073 509.2144
392.748786 509.2144
393.535070 509.2144
394.322927 509.2144
395.112362 509.2144
395.903378 509.2144
396.695977 509.2144
397.490163 509.2144
398.285939 509.2144
399.083308 509.2144
399.882273 509.2144
400.682838 509.2144
401.485005 509.2144
402.288779 509.2144
403.094161 509.2144
403.901157 509.2144
404.709767 509.2144
405.519997 509.2144
406.331848 509.2144
407.145325 509.2144
407.960431 509.2144
408.777168 509.2144
409.595540 509.2144
410.415551 509.2144
411.237204 509.2144
412.060501 509.2144
412.885447 509.2144
413.712044 509.2144
414.540296 509.2144
415.370206 509.2144
416.201778 509.2144
417.035015 509.2144
417.869919 509.2144
418.706495 509.2144
419.544746 509.2144
420.384675 509.2144
421.226286 509.2144
422.069582 509.2144
422.914566 509.2144
423.761241 509.2144
424.609612 509.2144
425.459681 509.2144
426.311452 509.2144
427.164928 509.2144
428.020112 509.2144
428.877009 509.2144
429.735622 509.2144
430.595953 509.2144
431.458007 509.2144
432.321786 509.2144
433.187295 509.2144
434.054536 509.2144
434.923514 509.2144
435.794232 509.2144
436.666692 509.2144
437.540899 509.2144
438.416857 509.2144
439.294568 509.2144
440.174036 509.2144
441.055265 509.2144
441.938259 509.2144
442.823020 509.2144
443.709552 509.2144
444.597859 509.2144
445.487945 509.2144
446.379812 509.2144
447.273465 509.2144
448.168907 509.2144
449.066142 509.2144
449.965173 509.2144
450.866004 509.2144
451.768638 509.2144
452.673079 509.2144
453.579332 509.2144
454.487398 509.2144
455.397282 509.2144
456.308988 509.2144
457.222520 509.2144
458.137880 509.2144
459.055072 509.2144
459.974101 509.2144
460.894970 509.2144
461.817682 509.2144
462.742242 509.2144
463.668652 509.2144
464.596918 509.2144
465.527041 509.2144
466.459027 509.2144
467.392879 509.2144
468.328600 509.2144
469.266194 509.2144
470.205666 509.2144
471.147018 509.2144
472.090255 509.2144
473.035381 509.2144
473.982398 509.2144
474.931311 509.2144
475.882125 509.2144
476.834841 509.2144
477.789465 509.2144
478.746000 509.2144
479.704450 509.2144
480.664819 509.2144
481.627111 509.2144
482.591329 509.2144
483.557478 509.2144
484.525560 509.2144
485.495581 509.2144
486.467544 509.2144
487.441453 509.2144
488.417311 509.2144
489.395123 509.2144
490.374893 509.2144
491.356624 509.2144
492.340321 509.2144
493.325987 509.2144
494.313626 509.2144
495.303242 509.2144
496.294840 509.2144
497.288423 509.2144
498.283995 509.2144
499.281560 509.2144
500.281123 509.2144
501.282686 509.2144
502.286255 509.2144
503.291833 509.2144
504.299424 509.2144
505.309032 509.2144
506.320661 509.2144
507.334316 509.2144
508.350000 509.2144
509.367717 509.2144
510.387472 509.2144
511.409268 509.2144
512.433110 509.2144
513.459002 509.2144
514.486948 509.2144
515.516951 509.2144
516.549017 509.2144
517.583149 509.2144
518.619351 509.2144
519.657627 509.2144
520.697983 509.2144
521.740421 509.2144
522.784946 509.2144
523.831562 509.2144
524.880273 509.2144
525.931084 509.2144
526.983999 509.2144
528.039022 509.2144
529.096157 509.2144
530.155408 509.2144
531.216780 509.2144
532.280276 509.2144
533.345902 509.2144
534.413661 509.2144
535.483558 509.2144
536.555597 509.2144
537.629782 509.2144
538.706118 509.2144
539.784608 509.2144
540.865258 509.2144
541.948071 509.2144
543.033051 509.2144
544.120204 509.2144
545.209534 509.2144
546.301044 509.2144
547.394739 509.2144
548.490624 509.2144
549.588703 509.2144
550.688980 509.2144
551.791461 509.2144
552.896148 509.2144
554.003047 509.2144
555.112161 509.2144
556.223497 509.2144
557.337057 509.2144
558.452846 509.2144
559.570870 509.2144
560.691131 509.2144
561.813636 509.2144
562.938387 509.2144
564.065391 509.2144
565.194651 509.2144
566.326171 509.2144
567.459957 509.2144
568.596012 509.2144
569.734342 509.2144
570.874951 509.2144
572.017844 509.2144
573.163024 509.2144
574.310497 509.2144
575.460268 509.2144
576.612340 509.2144
577.766718 509.2144
578.923408 509.2144
580.082414 509.2144
581.243739 509.2144
582.407390 509.2144
583.573371 509.2144
584.741685 509.2144
585.912339 509.2144
587.085336 509.2144
588.260682 509.2144
589.438380 509.2144
590.618437 509.2144
591.800856 509.2144
592.985642 509.2144
594.172800 509.2144
595.362335 509.2144
596.554251 509.2144
597.748553 509.2144
598.945247 509.2144
600.144336 509.2144
601.345826 509.2144
602.549721 509.2144
603.756026 509.2144
604.964746 509.2144
606.175887 509.2144
607.389452 509.2144
608.605446 509.2144
609.823875 509.2144
611.044743 509.2144
612.268056 509.2144
613.493817 509.2144
614.722033 509.2144
615.952707 509.2144
617.185845 509.2144
618.421452 509.2144
619.659532 509.2144
620.900092 509.2144
622.143134 509.2144
623.388666 509.2144
624.636691 509.2144
625.887214 509.2144
627.140241 509.2144
628.395777 509.2144
629.653826 509.2144
630.914394 509.2144
632.177485 509.2144
633.443106 509.2144
634.711259 509.2144
635.981952 509.2144
637.255189 509.2144
638.530975 509.2144
639.809315 509.2144
641.090214 509.2144
642.373677 509.2144
643.659710 509.2144
644.948318 509.2144
646.239505 509.2144
647.533277 509.2144
648.829640 509.2144
650.128598 509.2144
651.430156 509.2144
652.734320 509.2144
654.041095 509.2144
655.350486 509.2144
656.662499 509.2144
657.977138 509.2144
659.294409 509.2144
660.614317 509.2144
661.936868 509.2144
663.262067 509.2144
664.589918 509.2144
665.920428 509.2144
667.253602 509.2144
668.589444 509.2144
669.927961 509.2144
671.269158 509.2144
672.613040 509.2144
673.959612 509.2144
675.308880 509.2144
676.660849 509.2144
678.015525 509.2144
679.372913 509.2144
680.733019 509.2144
682.095847 509.2144
683.461404 509.2144
684.829694 509.2144
686.200724 509.2144
687.574499 509.2144
688.951024 509.2144
690.330305 509.2144
691.712347 509.2144
693.097156 509.2144
694.484738 509.2144
695.875097 509.2144
697.268240 509.2144
698.664172 509.2144
700.062898 509.2144
701.464425 509.2144
702.868758 509.2144
704.275902 509.2144
705.685864 509.2144
707.098648 509.2144
708.514260 509.2144
709.932707 509.2144
711.353993 509.2144
712.778124 509.2144
714.205107 509.2144
715.634947 509.2144
717.067649 509.2144
718.503219 509.2144
719.941664 509.2144
721.382988 509.2144
722.827198 509.2144
724.274299 509.2144
725.724297 509.2144
727.177198 509.2144
728.633007 509.2144
730.091732 509.2144
731.553376 509.2144
733.017947 509.2144
734.485450 509.2144
735.955891 509.2144
737.429276 509.2144
738.905610 509.2144
740.384900 509.2144
741.867151 509.2144
743.352370 509.2144
744.840563 509.2144
746.331735 509.2144
747.825892 509.2144
749.323040 509.2144
750.823186 509.2144
752.326335 509.2144
753.832493 509.2144
755.341667 509.2144
756.853862 509.2144
758.369084 509.2144
759.887340 509.2144
761.408636 509.2144
762.932977 509.2144
764.460370 509.2144
765.990821 509.2144
767.524335 509.2144
769.060920 509.2144
770.600581 509.2144
772.143324 509.2144
773.689156 509.2144
775.238083 509.2144
776.790111 509.2144
778.345245 509.2144
779.903494 509.2144
781.464862 509.2144
783.029355 509.2144
784.596981 509.2144
786.167745 509.2144
787.741654 509.2144
789.318714 509.2144
790.898931 509.2144
792.482312 509.2144
794.068862 509.2144
795.658589 509.2144
797.251499 509.2144
798.847597 509.2144
800.446891 509.2144
802.049387 509.2144
803.655091 509.2144
805.264010 509.2144
806.876149 509.2144
808.491516 509.2144
810.110118 509.2144
811.731959 509.2144
813.357048 509.2144
814.985389 509.2144
816.616991 509.2144
818.251860 509.2144
819.890001 509.2144
821.531422 509.2144
823.176129 509.2144
824.824128 509.2144
826.475427 509.2144
828.130032 509.2144
829.787950 509.2144
831.449186 509.2144
833.113749 509.2144
834.781644 509.2144
836.452878 509.2144
838.127457 509.2144
839.805390 509.2144
841.486681 509.2144
843.171339 509.2144
844.859369 509.2144
846.550778 509.2144
848.245574 509.2144
849.943763 509.2144
851.645351 509.2144
853.350347 509.2144
855.058755 509.2144
856.770584 509.2144
858.485840 509.2144
860.204530 509.2144
861.926660 509.2144
863.652238 509.2144
865.381271 509.2144
867.113766 509.2144
868.849729 509.2144
870.589167 509.2144
872.332088 509.2144
874.078498 509.2144
875.828404 509.2144
877.581814 509.2144
879.338734 509.2144
881.099171 509.2144
882.863133 509.2144
884.630626 509.2144
886.401658 509.2144
888.176235 509.2144
889.954365 509.2144
891.736055 509.2144
893.521311 509.2144
895.310142 509.2144
897.102554 509.2144
898.898555 509.2144
900.698151 509.2144
902.501350 509.2144
904.308159 509.2144
906.118585 509.2144
907.932636 509.2144
909.750318 509.2144
911.571639 509.2144
913.396607 509.2144
915.225228 509.2144
917.057510 509.2144
918.893461 509.2144
920.733087 509.2144
922.576395 509.2144
924.423395 509.2144
926.274091 509.2144
928.128493 509.2144
929.986608 509.2144
931.848442 509.2144
933.714004 509.2144
935.583301 509.2144
937.456340 509.2144
939.333129 509.2144
941.213675 509.2144
943.097986 509.2144
944.986069 509.2144
946.877933 509.2144
948.773584 509.2144
950.673030 509.2144
952.576278 509.2144
954.483337 509.2144
956.394214 509.2144
958.308917 509.2144
960.227452 509.2144
962.149829 509.2144
964.076054 509.2144
966.006136 509.2144
967.940081 509.2144
969.877899 509.2144
971.819596 509.2144
973.765180 509.2144
975.714659 509.2144
977.668041 509.2144
979.625334 509.2144
981.586545 509.2144
983.551682 509.2144
985.520754 509.2144
987.493768 509.2144
989.470732 509.2144
991.451654 509.2144
993.436541 509.2144
995.425402 509.2144
997.418245 509.2144
999.415078 509.2144
1000.000000 254.6072
1001.000500 254.6072
1002.002001 254.6072
1003.004505 254.6072
1004.008011 254.6072
1005.012521 254.6072
1006.018036 254.6072
1007.024557 254.6072
1008.032085 254.6072
1009.040622 254.6072
1010.050167 254.6072
1011.060722 254.6072
1012.072289 254.6072
1013.084867 254.6072
1014.098459 254.6072
1015.113065 254.6072
1016.128685 254.6072
1017.145322 254.6072
1018.162976 254.6072
1019.181649 254.6072
1020.201340 254.6072
1021.222052 254.6072
1022.243784 254.6072
1023.266540 254.6072
1024.290318 254.6072
1025.315121 254.6072
1026.340948 254.6072
1027.367803 254.6072
1028.395684 254.6072
1029.424594 254.6072
1030.454534 254.6072
1031.485504 254.6072
1032.517505 254.6072
1033.550539 254.6072
1034.584607 254.6072
1035.619709 254.6072
1036.655846 254.6072
1037.693021 254.6072
1038.731233 254.6072
1039.770484 254.6072
1040.810774 254.6072
1041.852106 254.6072
1042.894479 254.6072
1043.937895 254.6072
1044.982355 254.6072
1046.027860 254.6072
1047.074411 254.6072
1048.122009 254.6072
1049.170655 254.6072
1050.220351 254.6072
1051.271096 254.6072
1052.322893 254.6072
1053.375743 254.6072
1054.429645 254.6072
1055.484602 254.6072
1056.540615 254.6072
1057.597684 254.6072
1058.655810 254.6072
1059.714996 254.6072
1060.775241 254.6072
1061.836547 254.6072
1062.898914 254.6072
1063.962345 254.6072
1065.026839 254.6072
1066.092399 254.6072
1067.159024 254.6072
1068.226717 254.6072
1069.295478 254.6072
1070.365308 254.6072
1071.436209 254.6072
1072.508181 254.6072
1073.581226 254.6072
1074.655344 254.6072
1075.730537 254.6072
1076.806806 254.6072
1077.884151 254.6072
1078.962574 254.6072
1080.042076 254.6072
1081.122659 254.6072
1082.204322 254.6072
1083.287068 254.6072
1084.370897 254.6072
1085.455810 254.6072
1086.541809 254.6072
1087.628894 254.6072
1088.717067 254.6072
1089.806328 254.6072
1090.896680 254.6072
1091.988122 254.6072
1093.080656 254.6072
1094.174284 254.6072
1095.269005 254.6072
1096.364822 254.6072
1097.461735 254.6072
1098.559746 254.6072
1099.658855 254.6072
1100.759064 254.6072
1101.860374 254.6072
1102.962785 254.6072
1104.066300 254.6072
1105.170918 254.6072
1106.276642 254.6072
1107.383472 254.6072
1108.491409 254.6072
1109.600455 254.6072
1110.710610 254.6072
1111.821877 254.6072
1112.934254 254.6072
1114.047745 254.6072
1115.162350 254.6072
1116.278070 254.6072
1117.394907 254.6072
1118.512861 254.6072
1119.631933 254.6072
1120.752125 254.6072
1121.873438 254.6072
1122.995872 254.6072
1124.119430 254.6072
1125.244111 254.6072
1126.369918 254.6072
1127.496852 254.6072
1128.624912 254.6072
1129.754102 254.6072
1130.884421 254.6072
1132.015871 254.6072
1133.148453 254.6072
1134.282168 254.6072
1135.417018 254.6072
1136.553003 254.6072
1137.690124 254.6072
1138.828383 254.6072
1139.967781 254.6072
1141.108319 254.6072
1142.249998 254.6072
1143.392820 254.6072
1144.536784 254.6072
1145.681894 254.6072
1146.828149 254.6072
1147.975550 254.6072
1149.124100 254.6072
1150.273799 254.6072
1151.424648 254.6072
1152.576649 254.6072
1153.729802 254.6072
1154.884109 254.6072
1156.039570 254.6072
1157.196188 254.6072
1158.353963 254.6072
1159.512896 254.6072
1160.672989 254.6072
1161.834243 254.6072
1162.996658 254.6072
1164.160236 254.6072
1165.324979 254.6072
1166.490887 254.6072
1167.657961 254.6072
1168.826203 254.6072
1169.995614 254.6072
1171.166195 254.6072
1172.337947 254.6072
1173.510871 254.6072
1174.684969 254.6072
1175.860241 254.6072
1177.036690 254.6072
1178.214315 254.6072
1179.393119 254.6072
1180.573102 254.6072
1181.754265 254.6072
1182.936611 254.6072
1184.120139 254.6072
1185.304851 254.6072
1186.490749 254.6072
1187.677833 254.6072
1188.866105 254.6072
1190.055566 254.6072
1191.246217 254.6072
1192.438059 254.6072
1193.631093 254.6072
1194.825321 254.6072
1196.020744 254.6072
1197.217363 254.6072
1198.415179 254.6072
1199.614194 254.6072
1200.814408 254.6072
1202.015823 254.6072
1203.218440 254.6072
1204.422260 254.6072
1205.627285 254.6072
1206.833515 254.6072
1208.040952 254.6072
1209.249598 254.6072
1210.459452 254.6072
1211.670517 254.6072
1212.882794 254.6072
1214.096283 254.6072
1215.310986 254.6072
1216.526905 254.6072
1217.744041 254.6072
1218.962394 254.6072
1220.181966 254.6072
1221.402758 254.6072
1222.624772 254.6072
1223.848008 254.6072
1225.072468 254.6072
1226.298153 254.6072
1227.525065 254.6072
1228.753204 254.6072
1229.982572 254.6072
1231.213170 254.6072
1232.444999 254.6072
1233.678060 254.6072
1234.912355 254.6072
1236.147885 254.6072
1237.384651 254.6072
1238.622655 254.6072
1239.861897 254.6072
1241.102379 254.6072
1242.344102 254.6072
1243.587068 254.6072
1244.831277 254.6072
1246.076731 254.6072
1247.323431 254.6072
1248.571378 254.6072
1249.820574 254.6072
1251.071019 254.6072
1252.322716 254.6072
1253.575665 254.6072
1254.829868 254.6072
1256.085325 254.6072
1257.342039 254.6072
1258.600010 254.6072
1259.859239 254.6072
1261.119729 254.6072
1262.381479 254.6072
1263.644492 254.6072
1264.908769 254.6072
1266.174310 254.6072
1267.441118 254.6072
1268.709193 254.6072
1269.978537 254.6072
1271.249150 254.6072
1272.521035 254.6072
1273.794193 254.6072
1275.068624 254.6072
1276.344330 254.6072
1277.621313 254.6072
1278.899574 254.6072
1280.179113 254.6072
1281.459932 254.6072
1282.742033 254.6072
1284.025417 254.6072
1285.310084 254.6072
1286.596037 254.6072
1287.883277 254.6072
1289.171804 254.6072
1290.461621 254.6072
1291.752728 254.6072
1293.045127 254.6072
1294.338819 254.6072
1295.633805 254.6072
1296.930087 254.6072
1298.227665 254.6072
1299.526542 254.6072
1300.826719 254.6072
1302.128196 254.6072
1303.430976 254.6072
1304.735059 254.6072
1306.040446 254.6072
1307.347140 254.6072
1308.655141 254.6072
1309.964451 254.6072
1311.275070 254.6072
1312.587001 254.6072
1313.900245 254.6072
1315.214802 254.6072
1316.530675 254.6072
1317.847864 254.6072
1319.166371 254.6072
1320.486197 254.6072
1321.807344 254.6072
1323.129812 254.6072
1324.453604 254.6072
1325.778720 254.6072
1327.105162 254.6072
1328.432931 254.6072
1329.762028 254.6072
1331.092455 254.6072
1332.424213 254.6072
1333.757304 254.6072
1335.091729 254.6072
1336.427488 254.6072
1337.764584 254.6072
1339.103018 254.6072
1340.442790 254.6072
1341.783904 254.6072
1343.126359 254.6072
1344.470157 254.6072
1345.815299 254.6072
1347.161788 254.6072
1348.509623 254.6072
1349.858808 254.6072
1351.209342 254.6072
1352.561227 254.6072
1353.914464 254.6072
1355.269056 254.6072
1356.625003 254.6072
1357.982307 254.6072
1359.340968 254.6072
1360.700989 254.6072
1362.062371 254.6072
1363.425114 254.6072
1364.789221 254.6072
1366.154693 254.6072
1367.521531 254.6072
1368.889737 254.6072
1370.259311 254.6072
1371.630256 254.6072
1373.002572 254.6072
1374.376261 254.6072
1375.751325 254.6072
1377.127764 254.6072
1378.505581 254.6072
1379.884776 254.6072
1381.265351 254.6072
1382.647307 254.6072
1384.030646 254.6072
1385.415369 254.6072
1386.801477 254.6072
1388.188972 254.6072
1389.577856 254.6072
1390.968128 254.6072
1392.359792 254.6072
1393.752849 254.6072
1395.147298 254.6072
1396.543144 254.6072
1397.940385 254.6072
1399.339025 254.6072
1400.739064 254.6072
1402.140503 254.6072
1403.543345 254.6072
1404.947591 254.6072
1406.353241 254.6072
1407.760298 254.6072
1409.168762 254.6072
1410.578636 254.6072
1411.989920 254.6072
1413.402616 254.6072
1414.816725 254.6072
1416.232250 254.6072
1417.649190 254.6072
1419.067549 254.6072
1420.487326 254.6072
1421.908524 254.6072
1423.331143 254.6072
1424.755186 254.6072
1426.180654 254.6072
1427.607548 254.6072
1429.035870 254.6072
1430.465620 254.6072
1431.896802 254.6072
1433.329415 254.6072
1434.763461 254.6072
1436.198942 254.6072
1437.635859 254.6072
1439.074214 254.6072
1440.514008 254.6072
1441.955243 254.6072
1443.397919 254.6072
1444.842039 254.6072
1446.287604 254.6072
1447.734615 254.6072
1449.183073 254.6072
1450.632981 254.6072
1452.084340 254.6072
1453.537150 254.6072
1454.991415 254.6072
1456.447134 254.6072
1457.904309 254.6072
1459.362943 254.6072
1460.823036 254.6072
1462.284589 254.6072
1463.747605 254.6072
1465.212085 254.6072
1466.678030 254.6072
1468.145442 254.6072
1469.614321 254.6072
1471.084671 254.6072
1472.556491 254.6072
1474.029784 254.6072
1475.504551 254.6072
1476.980794 254.6072
1478.458513 254.6072
1479.937711 254.6072
1481.418389 254.6072
1482.900549 254.6072
1484.384191 254.6072
1485.869318 254.6072
1487.355930 254.6072
1488.844030 254.6072
1490.333619 254.6072
1491.824698 254.6072
1493.317268 254.6072
1494.811333 254.6072
1496.306892 254.6072
1497.803947 254.6072
1499.302500 254.6072
1500.802552 254.6072
1502.304106 254.6072
1503.807161 254.6072
1505.311720 254.6072
1506.817785 254.6072
1508.325357 254.6072
1509.834436 254.6072
1511.345026 254.6072
1512.857127 254.6072
1514.370741 254.6072
1515.885869 254.6072
1517.402513 254.6072
1518.920674 254.6072
1520.440355 254.6072
1521.961556 254.6072
1523.484278 254.6072
1525.008525 254.6072
1526.534296 254.6072
1528.061594 254.6072
1529.590420 254.6072
1531.120775 254.6072
1532.652662 254.6072
1534.186081 254.6072
1535.721034 254.6072
1537.257524 254.6072
1538.795550 254.6072
1540.335115 254.6072
1541.876221 254.6072
1543.418868 254.6072
1544.963059 254.6072
1546.508795 254.6072
1548.056077 254.6072
1549.604907 254.6072
1551.155287 254.6072
1552.707219 254.6072
1554.260702 254.6072
1555.815740 254.6072
1557.372334 254.6072
1558.930486 254.6072
1560.490196 254.6072
1562.051467 254.6072
1563.614299 254.6072
1565.178696 254.6072
1566.744657 254.6072
1568.312185 254.6072
1569.881282 254.6072
1571.451949 254.6072
1573.024187 254.6072
1574.597997 254.6072
1576.173383 254.6072
1577.750345 254.6072
1579.328884 254.6072
1580.909003 254.6072
1582.490703 254.6072
1584.073985 254.6072
1585.658851 254.6072
1587.245303 254.6072
1588.833342 254.6072
1590.422970 254.6072
1592.014189 254.6072
1593.606999 254.6072
1595.201403 254.6072
1596.797403 254.6072
1598.394999 254.6072
1599.994193 254.6072
1601.594988 254.6072
1603.197384 254.6072
1604.801383 254.6072
1606.406987 254.6072
1608.014197 254.6072
1609.623016 254.6072
1611.233444 254.6072
1612.845483 254.6072
1614.459136 254.6072
1616.074402 254.6072
1617.691285 254.6072
1619.309785 254.6072
1620.929905 254.6072
1622.551646 254.6072
1624.175009 254.6072
1625.799996 254.6072
1627.426609 254.6072
1629.054850 254.6072
1630.684720 254.6072
1632.316220 254.6072
1633.949353 254.6072
1635.584119 254.6072
1637.220521 254.6072
1638.858561 254.6072
1640.498239 254.6072
1642.139558 254.6072
1643.782519 254.6072
1645.427123 254.6072
1647.073374 254.6072
1648.721271 254.6072
1650.370817 254.6072
1652.022013 254.6072
1653.674861 254.6072
1655.329363 254.6072
1656.985520 254.6072
1658.643335 254.6072
1660.302808 254.6072
1661.963941 254.6072
1663.626736 254.6072
1665.291195 254.6072
1666.957319 254.6072
1668.625110 254.6072
1670.294570 254.6072
1671.965700 254.6072
1673.638502 254.6072
1675.312977 254.6072
1676.989128 254.6072
1678.666956 254.6072
1680.346463 254.6072
1682.027650 254.6072
1683.710519 254.6072
1685.395071 254.6072
1687.081309 254.6072
1688.769234 254.6072
1690.458848 254.6072
1692.150153 254.6072
1693.843149 254.6072
1695.537840 254.6072
1697.234225 254.6072
1698.932309 254.6072
1700.632091 254.6072
1702.333573 254.6072
1704.036758 254.6072
1705.741647 254.6072
1707.448242 254.6072
1709.156545 254.6072
1710.866556 254.6072
1712.578278 254.6072
1714.291713 254.6072
1716.006862 254.6072
1717.723727 254.6072
1719.442310 254.6072
1721.162613 254.6072
1722.884636 254.6072
1724.608382 254.6072
1726.333853 254.6072
1728.061051 254.6072
1729.789976 254.6072
1731.520631 254.6072
1733.253018 254.6072
1734.987138 254.6072
1736.722993 254.6072
1738.460584 254.6072
1740.199914 254.6072
1741.940985 254.6072
1743.683797 254.6072
1745.428353 254.6072
1747.174654 254.6072
1748.922703 254.6072
1750.672500 254.6072
1752.424048 254.6072
1754.177349 254.6072
1755.932404 254.6072
1757.689214 254.6072
1759.447783 254.6072
1761.208111 254.6072
1762.970200 254.6072
1764.734052 254.6072
1766.499668 254.6072
1768.267051 254.6072
1770.036203 254.6072
1771.807124 254.6072
1773.579818 254.6072
1775.354285 254.6072
1777.130527 254.6072
1778.908546 254.6072
1780.688345 254.6072
1782.469924 254.6072
1784.253285 254.6072
1786.038431 254.6072
1787.825362 254.6072
1789.614082 254.6072
1791.404591 254.6072
1793.196892 254.6072
1794.990986 254.6072
1796.786874 254.6072
1798.584560 254.6072
1800.384044 254.6072
1802.185329 254.6072
1803.988415 254.6072
1805.793306 254.6072
1807.600003 254.6072
1809.408507 254.6072
1811.218820 254.6072
1813.030945 254.6072
1814.844883 254.6072
1816.660635 254.6072
1818.478205 254.6072
1820.297592 254.6072
1822.118800 254.6072
1823.941831 254.6072
1825.766685 254.6072
1827.593365 254.6072
1829.421872 254.6072
1831.252209 254.6072
1833.084377 254.6072
1834.918378 254.6072
1836.754214 254.6072
1838.591887 254.6072
1840.431399 254.6072
1842.272751 254.6072
1844.115945 254.6072
1845.960983 254.6072
1847.807867 254.6072
1849.656600 254.6072
1851.507181 254.6072
1853.359615 254.6072
1855.213901 254.6072
1857.070043 254.6072
1858.928042 254.6072
1860.787900 254.6072
1862.649618 254.6072
1864.513200 254.6072
1866.378645 254.6072
1868.245957 254.6072
1870.115138 254.6072
1871.986188 254.6072
1873.859111 254.6072
1875.733907 254.6072
1877.610579 254.6072
1879.489129 254.6072
1881.369558 254.6072
1883.251869 254.6072
1885.136063 254.6072
1887.022141 254.6072
1888.910107 254.6072
1890.799962 254.6072
1892.691708 254.6072
1894.585346 254.6072
1896.480879 254.6072
1898.378309 254.6072
1900.277637 254.6072
1902.178865 254.6072
1904.081995 254.6072
1905.987029 254.6072
1907.893970 254.6072
1909.802818 254.6072
1911.713576 254.6072
1913.626246 254.6072
1915.540829 254.6072
1917.457328 254.6072
1919.375744 254.6072
1921.296080 254.6072
1923.218337 254.6072
1925.142517 254.6072
1927.068623 254.6072
1928.996655 254.6072
1930.926617 254.6072
1932.858509 254.6072
1934.792334 254.6072
1936.728094 254.6072
1938.665791 254.6072
1940.605427 254.6072
1942.547003 254.6072
1944.490521 254.6072
1946.435984 254.6072
1948.383394 254.6072
1950.332752 254.6072
1952.284060 254.6072
1954.237321 254.6072
1956.192535 254.6072
1958.149706 254.6072
1960.108835 254.6072
1962.069925 254.6072
1964.032976 254.6072
1965.997991 254.6072
1967.964973 254.6072
1969.933922 254.6072
1971.904841 254.6072
1973.877732 254.6072
1975.852597 254.6072
1977.829438 254.6072
1979.808257 254.6072
1981.789055 254.6072
1983.771836 254.6072
1985.756600 254.6072
1987.743349 254.6072
1989.732087 254.6072
1991.722814 254.6072
1993.715533 254.6072
1995.710246 254.6072
1997.706954 254.6072
1999.705661 254.6072
2001.706366 254.6072
2003.709074 254.6072
2005.713785 254.6072
2007.720502 254.6072
2009.729227 254.6072
2011.739961 254.6072
2013.752707 254.6072
2015.767467 254.6072
2017.784243 254.6072
2019.803037 254.6072
2021.823850 254.6072
2023.846685 254.6072
2025.871544 254.6072
2027.898429 254.6072
2029.927341 254.6072
2031.958284 254.6072
2033.991259 254.6072
2036.026267 254.6072
2038.063312 254.6072
2040.102395 254.6072
2042.143517 254.6072
2044.186682 254.6072
2046.231891 254.6072
2048.279147 254.6072
2050.328450 254.6072
2052.379804 254.6072
2054.433211 254.6072
2056.488671 254.6072
2058.546189 254.6072
2060.605764 254.6072
2062.667401 254.6072
2064.731100 254.6072
2066.796864 254.6072
2068.864694 254.6072
2070.934594 254.6072
2073.006564 254.6072
2075.080608 254.6072
2077.156726 254.6072
2079.234922 254.6072
2081.315197 254.6072
2083.397553 254.6072
2085.481993 254.6072
2087.568518 254.6072
2089.657130 254.6072
2091.747833 254.6072
2093.840627 254.6072
2095.935514 254.6072
2098.032498 254.6072
2100.131580 254.6072
2102.232762 254.6072
2104.336046 254.6072
2106.441435 254.6072
2108.548930 254.6072
2110.658534 254.6072
2112.770248 254.6072
2114.884075 254.6072
2117.000017 254.6072
2119.118075 254.6072
2121.238253 254.6072
2123.360553 254.6072
2125.484975 254.6072
2127.611523 254.6072
2129.740199 254.6072
2131.871004 254.6072
2134.003942 254.6072
2136.139013 254.6072
2138.276220 254.6072
2140.415566 254.6072
2142.557052 254.6072
2144.700681 254.6072
2146.846454 254.6072
2148.994375 254.6072
2151.144444 254.6072
2153.296664 254.6072
2155.451038 254.6072
2157.607567 254.6072
2159.766254 254.6072
2161.927100 254.6072
2164.090109 254.6072
2166.255281 254.6072
2168.422620 254.6072
2170.592127 254.6072
2172.763805 254.6072
2174.937656 254.6072
2177.113681 254.6072
2179.291884 254.6072
2181.472266 254.6072
2183.654829 254.6072
2185.839576 254.6072
2188.026509 254.6072
2190.215630 254.6072
2192.406941 254.6072
2194.600444 254.6072
2196.796142 254.6072
2198.994037 254.6072
2201.194131 254.6072
2203.396426 254.6072
2205.600925 254.6072
2207.807629 254.6072
2210.016541 254.6072
2212.227663 254.6072
2214.440997 254.6072
2216.656545 254.6072
2218.874311 254.6072
2221.094295 254.6072
2223.316500 254.6072
2225.540928 254.6072
2227.767583 254.6072
2229.996464 254.6072
2232.227576 254.6072
2234.460920 254.6072
2236.696499 254.6072
2238.934314 254.6072
2241.174368 254.6072
2243.416664 254.6072
2245.661202 254.6072
2247.907987 254.6072
2250.157019 254.6072
2252.408301 254.6072
2254.661836 254.6072
2256.917626 254.6072
2259.175672 254.6072
2261.435978 254.6072
2263.698545 254.6072
2265.963376 254.6072
2268.230473 254.6072
2270.499838 254.6072
2272.771473 254.6072
2275.045381 254.6072
2277.321565 254.6072
2279.600025 254.6072
2281.880765 254.6072
2284.163787 254.6072
2286.449094 254.6072
2288.736686 254.6072
2291.026568 254.6072
2293.318740 254.6072
2295.613206 254.6072
2297.909967 254.6072
2300.209027 254.6072
2302.510386 254.6072
2304.814048 254.6072
2307.120015 254.6072
2309.428289 254.6072
2311.738872 254.6072
2314.051768 254.6072
2316.366977 254.6072
2318.684502 254.6072
2321.004347 254.6072
2323.326512 254.6072
2325.651000 254.6072
2327.977815 254.6072
2330.306957 254.6072
2332.638429 254.6072
2334.972234 254.6072
2337.308375 254.6072
2339.646852 254.6072
2341.987669 254.6072
2344.330828 254.6072
2346.676331 254.6072
2349.024181 254.6072
2351.374381 254.6072
2353.726931 254.6072
2356.081835 254.6072
2358.439095 254.6072
2360.798714 254.6072
2363.160694 254.6072
2365.525036 254.6072
2367.891745 254.6072
2370.260821 254.6072
2372.632267 254.6072
2375.006086 254.6072
2377.382280 254.6072
2379.760851 254.6072
2382.141802 254.6072
2384.525136 254.6072
2386.910854 254.6072
2389.298958 254.6072
2391.689452 254.6072
2394.082338 254.6072
2396.477618 254.6072
2398.875294 254.6072
2401.275369 254.6072
2403.677846 254.6072
2406.082726 254.6072
2408.490012 254.6072
2410.899706 254.6072
2413.311812 254.6072
2415.726331 254.6072
2418.143265 254.6072
2420.562618 254.6072
2422.984391 254.6072
2425.408588 254.6072
2427.835209 254.6072
2430.264259 254.6072
2432.695739 254.6072
2435.129651 254.6072
2437.565999 254.6072
2440.004784 254.6072
2442.446009 254.6072
2444.889677 254.6072
2447.335789 254.6072
2449.784349 254.6072
2452.235359 254.6072
2454.688821 254.6072
2457.144737 254.6072
2459.603111 254.6072
2462.063944 254.6072
2464.527240 254.6072
2466.993000 254.6072
2469.461227 254.6072
2471.931923 254.6072
2474.405091 254.6072
2476.880734 254.6072
2479.358854 254.6072
2481.839453 254.6072
2484.322533 254.6072
2486.808098 254.6072
2489.296150 254.6072
2491.786692 254.6072
2494.279725 254.6072
2496.775252 254.6072
2499.273276 254.6072
2501.773799 254.6072
2504.276824 254.6072
2506.782354 254.6072
2509.290390 254.6072
2511.800935 254.6072
2514.313993 254.6072
2516.829564 254.6072
2519.347653 254.6072
2521.868260 254.6072
2524.391390 254.6072
2526.917044 254.6072
2529.445225 254.6072
2531.975935 254.6072
2534.509178 254.6072
2537.044954 254.6072
2539.583268 254.6072
2542.124122 254.6072
2544.667517 254.6072
2547.213458 254.6072
2549.761945 254.6072
2552.312982 254.6072
2554.866572 254.6072
2557.422716 254.6072
2559.981418 254.6072
2562.542680 254.6072
2565.106505 254.6072
2567.672894 254.6072
2570.241851 254.6072
2572.813379 254.6072
2575.387479 254.6072
2577.964154 254.6072
2580.543408 254.6072
2583.125242 254.6072
2585.709659 254.6072
2588.296662 254.6072
2590.886253 254.6072
2593.478436 254.6072
2596.073211 254.6072
2598.670583 254.6072
2601.270553 254.6072
2603.873125 254.6072
2606.478300 254.6072
2609.086082 254.6072
2611.696473 254.6072
2614.309476 254.6072
2616.925093 254.6072
2619.543327 254.6072
2622.164181 254.6072
2624.787656 254.6072
2627.413757 254.6072
2630.042485 254.6072
2632.673843 254.6072
2635.307833 254.6072
2637.944459 254.6072
2640.583723 254.6072
2643.225628 254.6072
2645.870175 254.6072
2648.517369 254.6072
2651.167211 254.6072
2653.819704 254.6072
2656.474851 254.6072
2659.132655 254.6072
2661.793117 254.6072
2664.456242 254.6072
2667.122031 254.6072
2669.790487 254.6072
2672.461613 254.6072
2675.135411 254.6072
2677.811884 254.6072
2680.491036 254.6072
2683.172867 254.6072
2685.857382 254.6072
2688.544583 254.6072
2691.234472 254.6072
2693.927053 254.6072
2696.622327 254.6072
2699.320298 254.6072
2702.020969 254.6072
2704.724341 254.6072
2707.430418 254.6072
2710.139203 254.6072
2712.850698 254.6072
2715.564905 254.6072
2718.281828 254.6072
2721.001470 254.6072
2723.723832 254.6072
2726.448918 254.6072
2729.176731 254.6072
2731.907273 254.6072
2734.640547 254.6072
2737.376555 254.6072
2740.115301 254.6072
2742.856786 254.6072
2745.601015 254.6072
2748.347989 254.6072
2750.000000 42.4345
2750.458372 42.4345
2750.916819 42.4345
2751.375344 42.4345
2751.833945 42.4345
2752.292622 42.4345
2752.751375 42.4345
2753.210206 42.4345
2753.669112 42.4345
2754.128095 42.4345
2754.587155 42.4345
2755.046291 42.4345
2755.505504 42.4345
2755.964793 42.4345
2756.424159 42.4345
2756.883601 42.4345
2757.343120 42.4345
2757.802715 42.4345
2758.262387 42.4345
2758.722136 42.4345
2759.181961 42.4345
2759.641863 42.4345
2760.101842 42.4345
2760.561897 42.4345
2761.022029 42.4345
2761.482238 42.4345
2761.942523 42.4345
2762.402886 42.4345
2762.863324 42.4345
2763.323840 42.4345
2763.784432 42.4345
2764.245101 42.4345
2764.705847 42.4345
2765.166670 42.4345
2765.627570 42.4345
2766.088546 42.4345
2766.549599 42.4345
2767.010729 42.4345
2767.471936 42.4345
2767.933220 42.4345
2768.394580 42.4345
2768.856018 42.4345
2769.317532 42.4345
2769.779124 42.4345
2770.240792 42.4345
2770.702537 42.4345
2771.164360 42.4345
2771.626259 42.4345
2772.088235 42.4345
2772.550288 42.4345
2773.012419 42.4345
2773.474626 42.4345
2773.936910 42.4345
2774.399271 42.4345
2774.861710 42.4345
2775.324225 42.4345
2775.786818 42.4345
2776.249488 42.4345
2776.712234 42.4345
2777.175058 42.4345
2777.637959 42.4345
2778.100938 42.4345
2778.563993 42.4345
2779.027126 42.4345
2779.490336 42.4345
2779.953623 42.4345
2780.416987 42.4345
2780.880428 42.4345
2781.343947 42.4345
2781.807543 42.4345
2782.271216 42.4345
2782.734967 42.4345
2783.198794 42.4345
2783.662700 42.4345
2784.126682 42.4345
2784.590742 42.4345
2785.054879 42.4345
2785.519093 42.4345
2785.983385 42.4345
2786.447754 42.4345
2786.912201 42.4345
2787.376725 42.4345
2787.841327 42.4345
2788.306006 42.4345
2788.770762 42.4345
2789.235596 42.4345
2789.700507 42.4345
2790.165496 42.4345
2790.630562 42.4345
2791.095706 42.4345
2791.560928 42.4345
2792.026227 42.4345
2792.491603 42.4345
2792.957057 42.4345
2793.422589 42.4345
2793.888198 42.4345
2794.353885 42.4345
2794.819649 42.4345
2795.285491 42.4345
2795.751411 42.4345
2796.217409 42.4345
2796.683484 42.4345
2797.149636 42.4345
2797.615867 42.4345
2798.082175 42.4345
2798.548561 42.4345
2799.015025 42.4345
2799.481566 42.4345
2799.948185 42.4345
2800.414882 42.4345
2800.881657 42.4345
2801.348509 42.4345
2801.815440 42.4345
2802.282448 42.4345
2802.749534 42.4345
2803.216698 42.4345
2803.683939 42.4345
2804.151259 42.4345
2804.618656 42.4345
2805.086132 42.4345
2805.553685 42.4345
2806.021316 42.4345
2806.489026 42.4345
2806.956813 42.4345
2807.424678 42.4345
2807.892621 42.4345
2808.360642 42.4345
2808.828741 42.4345
2809.296918 42.4345
2809.765173 42.4345
2810.233507 42.4345
2810.701918 42.4345
2811.170407 42.4345
2811.638975 42.4345
2812.107620 42.4345
2812.576344 42.4345
2813.045146 42.4345
2813.514026 42.4345
2813.982984 42.4345
2814.452020 42.4345
2814.921134 42.4345
2815.390327 42.4345
2815.859598 42.4345
2816.328947 42.4345
2816.798374 42.4345
2817.267880 42.4345
2817.737464 42.4345
2818.207126 42.4345
2818.676866 42.4345
2819.146684 42.4345
2819.616581 42.4345
2820.086557 42.4345
2820.556610 42.4345
2821.026742 42.4345
2821.496953 42.4345
2821.967241 42.4345
2822.437608 42.4345
2822.908054 42.4345
2823.378578 42.4345
2823.849180 42.4345
2824.319861 42.4345
2824.790620 42.4345
2825.261458 42.4345
2825.732374 42.4345
2826.203368 42.4345
2826.674442 42.4345
2827.145593 42.4345
2827.616823 42.4345
2828.088132 42.4345
2828.559519 42.4345
2829.030985 42.4345
2829.502530 42.4345
2829.974153 42.4345
2830.445855 42.4345
2830.917635 42.4345
2831.389494 42.4345
2831.861431 42.4345
2832.333448 42.4345
2832.805542 42.4345
2833.277716 42.4345
2833.749968 42.4345
2834.222299 42.4345
2834.694709 42.4345
2835.167198 42.4345
2835.639765 42.4345
2836.112411 42.4345
2836.585136 42.4345
2837.057939 42.4345
2837.530822 42.4345
2838.003783 42.4345
2838.476823 42.4345
2838.949942 42.4345
2839.423140 42.4345
2839.896416 42.4345
2840.369772 42.4345
2840.843206 42.4345
2841.316719 42.4345
2841.790312 42.4345
2842.263983 42.4345
2842.737733 42.4345
2843.211562 42.4345
2843.685470 42.4345
2844.159457 42.4345
2844.633523 42.4345
2845.107668 42.4345
2845.581893 42.4345
2846.056196 42.4345
2846.530578 42.4345
2847.005039 42.4345
2847.479580 42.4345
2847.954199 42.4345
2848.428898 42.4345
2848.903676 42.4345
2849.378532 42.4345
2849.853468 42.4345
2850.328484 42.4345
2850.803578 42.4345
2851.278751 42.4345
2851.754004 42.4345
2852.229336 42.4345
2852.704747 42.4345
2853.180238 42.4345
2853.655807 42.4345
2854.131456 42.4345
2854.607184 42.4345
2855.082992 42.4345
2855.558879 42.4345
2856.034845 42.4345
2856.510890 42.4345
2856.987015 42.4345
2857.463219 42.4345
2857.939503 42.4345
2858.415866 42.4345
2858.892308 42.4345
2859.368830 42.4345
2859.845431 42.4345
2860.322112 42.4345
2860.798872 42.4345
2861.275711 42.4345
2861.752631 42.4345
2862.229629 42.4345
2862.706707 42.4345
2863.183865 42.4345
2863.661102 42.4345
2864.138418 42.4345
2864.615814 42.4345
2865.093290 42.4345
2865.570846 42.4345
2866.048481 42.4345
2866.526195 42.4345
2867.003989 42.4345
2867.481863 42.4345
2867.959817 42.4345
2868.437850 42.4345
2868.915963 42.4345
2869.394155 42.4345
2869.872427 42.4345
2870.350779 42.4345
2870.829211 42.4345
2871.307722 42.4345
2871.786313 42.4345
2872.264984 42.4345
2872.743735 42.4345
2873.222566 42.4345
2873.701476 42.4345
2874.180466 42.4345
2874.659536 42.4345
2875.138686 42.4345
2875.617916 42.4345
2876.097225 42.4345
2876.576615 42.4345
2877.056084 42.4345
2877.535633 42.4345
2878.015263 42.4345
2878.494972 42.4345
2878.974761 42.4345
2879.454630 42.4345
2879.934579 42.4345
2880.414608 42.4345
2880.894717 42.4345
2881.374907 42.4345
2881.855176 42.4345
2882.335525 42.4345
2882.815954 42.4345
2883.296464 42.4345
2883.777053 42.4345
2884.257723 42.4345
2884.738472 42.4345
2885.219302 42.4345
2885.700212 42.4345
2886.181202 42.4345
2886.662273 42.4345
2887.143423 42.4345
2887.624654 42.4345
2888.105965 42.4345
2888.587356 42.4345
2889.068827 42.4345
2889.550379 42.4345
2890.032010 42.4345
2890.513723 42.4345
2890.995515 42.4345
2891.477388 42.4345
2891.959341 42.4345
2892.441374 42.4345
2892.923488 42.4345
2893.405682 42.4345
2893.887957 42.4345
2894.370311 42.4345
2894.852747 42.4345
2895.335262 42.4345
2895.817858 42.4345
2896.300535 42.4345
2896.783292 42.4345
2897.266129 42.4345
2897.749047 42.4345
2898.232046 42.4345
2898.715125 42.4345
2899.198284 42.4345
2899.681524 42.4345
2900.164845 42.4345
2900.648246 42.4345
2901.131727 42.4345
2901.615290 42.4345
2902.098932 42.4345
2902.582656 42.4345
2903.066460 42.4345
2903.550345 42.4345
2904.034310 42.4345
2904.518356 42.4345
2905.002483 42.4345
2905.486690 42.4345
2905.970979 42.4345
2906.455347 42.4345
2906.939797 42.4345
2907.424327 42.4345
2907.908938 42.4345
2908.393630 42.4345
2908.878403 42.4345
2909.363256 42.4345
2909.848191 42.4345
2910.333206 42.4345
2910.818302 42.4345
2911.303479 42.4345
2911.788736 42.4345
2912.274075 42.4345
2912.759494 42.4345
2913.244995 42.4345
2913.730576 42.4345
2914.216238 42.4345
2914.701981 42.4345
2915.187806 42.4345
2915.673711 42.4345
2916.159697 42.4345
2916.645764 42.4345
2917.131912 42.4345
2917.618141 42.4345
2918.104451 42.4345
2918.590843 42.4345
2919.077315 42.4345
2919.563868 42.4345
2920.050503 42.4345
2920.537219 42.4345
2921.024015 42.4345
2921.510893 42.4345
2921.997852 42.4345
2922.484893 42.4345
2922.972014 42.4345
2923.459217 42.4345
2923.946500 42.4345
2924.433865 42.4345
2924.921312 42.4345
2925.408839 42.4345
2925.896448 42.4345
2926.384138 42.4345
2926.871909 42.4345
2927.359762 42.4345
2927.847696 42.4345
2928.335711 42.4345
2928.823808 42.4345
2929.311986 42.4345
2929.800245 42.4345
2930.288586 42.4345
2930.777008 42.4345
2931.265512 42.4345
2931.754097 42.4345
2932.242763 42.4345
2932.731511 42.4345
2933.220340 42.4345
2933.709251 42.4345
2934.198243 42.4345
2934.687317 42.4345
2935.176472 42.4345
2935.665709 42.4345
2936.155028 42.4345
2936.644428 42.4345
2937.133909 42.4345
2937.623472 42.4345
2938.113117 42.4345
2938.602843 42.4345
2939.092651 42.4345
2939.582541 42.4345
2940.072512 42.4345
2940.562565 42.4345
2941.052700 42.4345
2941.542916 42.4345
2942.033214 42.4345
2942.523594 42.4345
2943.014055 42.4345
2943.504598 42.4345
2943.995223 42.4345
2944.485930 42.4345
2944.976719 42.4345
2945.467589 42.4345
2945.958541 42.4345
2946.449575 42.4345
2946.940691 42.4345
2947.431889 42.4345
2947.923168 42.4345
2948.414530 42.4345
2948.905973 42.4345
2949.397498 42.4345
2949.889106 42.4345
2950.380795 42.4345
2950.872566 42.4345
2951.364419 42.4345
2951.856354 42.4345
2952.348371 42.4345
2952.840470 42.4345
2953.332651 42.4345
2953.824914 42.4345
2954.317260 42.4345
2954.809687 42.4345
2955.302196 42.4345
2955.794788 42.4345
2956.287461 42.4345
2956.780217 42.4345
2957.273055 42.4345
2957.765974 42.4345
2958.258977 42.4345
2958.752061 42.4345
2959.245227 42.4345
2959.738476 42.4345
2960.231807 42.4345
2960.725220 42.4345
2961.218715 42.4345
2961.712293 42.4345
2962.205953 42.4345
2962.699695 42.4345
2963.193519 42.4345
2963.687426 42.4345
2964.181415 42.4345
2964.675486 42.4345
2965.169640 42.4345
2965.663876 42.4345
2966.158195 42.4345
2966.652596 42.4345
2967.147079 42.4345
2967.641645 42.4345
2968.136293 42.4345
2968.631023 42.4345
2969.125836 42.4345
2969.620732 42.4345
2970.115710 42.4345
2970.610771 42.4345
2971.105914 42.4345
2971.601139 42.4345
2972.096447 42.4345
2972.591838 42.4345
2973.087311 42.4345
2973.582867 42.4345
2974.078506 42.4345
2974.574227 42.4345
2975.070030 42.4345
2975.565917 42.4345
2976.061886 42.4345
2976.557937 42.4345
2977.054072 42.4345
2977.550289 42.4345
2978.046588 42.4345
2978.542971 42.4345
2979.039436 42.4345
2979.535984 42.4345
2980.032615 42.4345
2980.529328 42.4345
2981.026125 42.4345
2981.523004 42.4345
2982.019966 42.4345
2982.517010 42.4345
2983.014138 42.4345
2983.511348 42.4345
2984.008642 42.4345
2984.506018 42.4345
2985.003477 42.4345
2985.501019 42.4345
2985.998644 42.4345
2986.496352 42.4345
2986.994143 42.4345
2987.492017 42.4345
2987.989974 42.4345
2988.488013 42.4345
2988.986136 42.4345
2989.484342 42.4345
2989.982631 42.4345
2990.481003 42.4345
2990.979458 42.4345
2991.477996 42.4345
2991.976617 42.4345
2992.475322 42.4345
2992.974109 42.4345
2993.472980 42.4345
2993.971933 42.4345
2994.470970 42.4345
2994.970090 42.4345
2995.469294 42.4345
2995.968580 42.4345
2996.467950 42.4345
2996.967403 42.4345
2997.466939 42.4345
2997.966558 42.4345
2998.466261 42.4345
2998.966047 42.4345
2999.465917 42.4345
2999.965869 42.4345
3000.465905 42.4345
3000.966025 42.4345
3001.466227 42.4345
3001.966513 42.4345
3002.466883 42.4345
3002.967336 42.4345
3003.467872 42.4345
3003.968492 42.4345
3004.469195 42.4345
3004.969981 42.4345
3005.470851 42.4345
3005.971805 42.4345
3006.472842 42.4345
3006.973963 42.4345
3007.475167 42.4345
3007.976454 42.4345
3008.477825 42.4345
3008.979280 42.4345
3009.480819 42.4345
3009.982440 42.4345
3010.484146 42.4345
3010.985935 42.4345
3011.487808 42.4345
3011.989764 42.4345
3012.491805 42.4345
3012.993928 42.4345
3013.496136 42.4345
3013.998427 42.4345
3014.500802 42.4345
3015.003261 42.4345
3015.505803 42.4345
3016.008429 42.4345
3016.511139 42.4345
3017.013933 42.4345
3017.516811 42.4345
3018.019772 42.4345
3018.522817 42.4345
3019.025946 42.4345
3019.529159 42.4345
3020.032456 42.4345
3020.535837 42.4345
3021.039301 42.4345
3021.542850 42.4345
3022.046482 42.4345
3022.550199 42.4345
3023.053999 42.4345
3023.557883 42.4345
3024.061852 42.4345
3024.565904 42.4345
3025.070040 42.4345
3025.574261 42.4345
3026.078565 42.4345
3026.582953 42.4345
3027.087426 42.4345
3027.591983 42.4345
3028.096623 42.4345
3028.601348 42.4345
3029.106157 42.4345
3029.611050 42.4345
3030.116027 42.4345
3030.621089 42.4345
3031.126234 42.4345
3031.631464 42.4345
3032.136778 42.4345
3032.642177 42.4345
3033.147659 42.4345
3033.653226 42.4345
3034.158877 42.4345
3034.664612 42.4345
3035.170432 42.4345
3035.676336 42.4345
3036.182324 42.4345
3036.688396 42.4345
3037.194553 42.4345
3037.700795 42.4345
3038.207120 42.4345
3038.713530 42.4345
3039.220025 42.4345
3039.726604 42.4345
3040.233267 42.4345
3040.740015 42.4345
3041.246847 42.4345
3041.753764 42.4345
3042.260765 42.4345
3042.767851 42.4345
3043.275021 42.4345
3043.782276 42.4345
3044.289615 42.4345
3044.797039 42.4345
3045.304547 42.4345
3045.812140 42.4345
3046.319818 42.4345
3046.827580 42.4345
3047.335427 42.4345
3047.843359 42.4345
3048.351375 42.4345
3048.859476 42.4345
3049.367661 42.4345
3049.875932 42.4345
3050.384287 42.4345
3050.892727 42.4345
3051.401251 42.4345
3051.909860 42.4345
3052.418554 42.4345
3052.927333 42.4345
3053.436197 42.4345
3053.945145 42.4345
3054.454178 42.4345
3054.963297 42.4345
3055.472500 42.4345
3055.981787 42.4345
3056.491160 42.4345
3057.000618 42.4345
3057.510160 42.4345
3058.019788 42.4345
3058.529500 42.4345
3059.039298 42.4345
3059.549180 42.4345
3060.059147 42.4345
3060.569200 42.4345
3061.079337 42.4345
3061.589560 42.4345
3062.099867 42.4345
3062.610260 42.4345
3063.120737 42.4345
3063.631300 42.4345
3064.141948 42.4345
3064.652680 42.4345
3065.163498 42.4345
3065.674402 42.4345
3066.185390 42.4345
3066.696463 42.4345
3067.207622 42.4345
3067.718866 42.4345
3068.230195 42.4345
3068.741609 42.4345
3069.253109 42.4345
3069.764694 42.4345
3070.276364 42.4345
3070.788119 42.4345
3071.299960 42.4345
3071.811886 42.4345
3072.323897 42.4345
3072.835994 42.4345
3073.348176 42.4345
3073.860443 42.4345
3074.372796 42.4345
3074.885234 42.4345
3075.397758 42.4345
3075.910367 42.4345
3076.423061 42.4345
3076.935841 42.4345
3077.448707 42.4345
3077.961657 42.4345
3078.474694 42.4345
3078.987816 42.4345
3079.501023 42.4345
3080.014316 42.4345
3080.527694 42.4345
3081.041159 42.4345
3081.554708 42.4345
3082.068343 42.4345
3082.582064 42.4345
3083.095871 42.4345
3083.609763 42.4345
3084.123741 42.4345
3084.637804 42.4345
3085.151953 42.4345
3085.666188 42.4345
3086.180509 42.4345
3086.694915 42.4345
3087.209407 42.4345
3087.723985 42.4345
3088.238648 42.4345
3088.753398 42.4345
3089.268233 42.4345
3089.783154 42.4345
3090.298161 42.4345
3090.813253 42.4345
3091.328432 42.4345
3091.843696 42.4345
3092.359046 42.4345
3092.874482 42.4345
3093.390004 42.4345
3093.905612 42.4345
3094.421306 42.4345
3094.937086 42.4345
3095.452952 42.4345
3095.968904 42.4345
3096.484942 42.4345
3097.001065 42.4345
3097.517275 42.4345
3098.033571 42.4345
3098.549953 42.4345
3099.066421 42.4345
3099.582975 42.4345
3100.099616 42.4345
3100.616342 42.4345
3101.133154 42.4345
3101.650053 42.4345
3102.167038 42.4345
3102.684109 42.4345
3103.201266 42.4345
3103.718509 42.4345
3104.235839 42.4345
3104.753254 42.4345
3105.270756 42.4345
3105.788345 42.4345
3106.306019 42.4345
3106.823780 42.4345
3107.341627 42.4345
3107.859560 42.4345
3108.377580 42.4345
3108.895686 42.4345
3109.413879 42.4345
3109.932158 42.4345
3110.450523 42.4345
3110.968974 42.4345
3111.487512 42.4345
3112.006137 42.4345
3112.524848 42.4345
3113.043645 42.4345
3113.562529 42.4345
3114.081499 42.4345
3114.600556 42.4345
3115.119700 42.4345
3115.638929 42.4345
3116.158246 42.4345
3116.677649 42.4345
3117.197138 42.4345
3117.716715 42.4345
3118.236377 42.4345
3118.756127 42.4345
3119.275963 42.4345
3119.795885 42.4345
3120.315895 42.4345
3120.835991 42.4345
3121.356173 42.4345
3121.876443 42.4345
3122.396799 42.4345
3122.917242 42.4345
3123.437771 42.4345
3123.958388 42.4345
3124.479091 42.4345
3124.999881 42.4345
3125.520757 42.4345
3126.041721 42.4345
3126.562771 42.4345
3127.083909 42.4345
3127.605133 42.4345
3128.126444 42.4345
3128.647841 42.4345
3129.169326 42.4345
3129.690898 42.4345
3130.212557 42.4345
3130.734302 42.4345
3131.256135 42.4345
3131.778054 42.4345
3132.300061 42.4345
3132.822154 42.4345
3133.344335 42.4345
3133.866602 42.4345
3134.388957 42.4345
3134.911399 42.4345
3135.433927 42.4345
3135.956543 42.4345
3136.479246 42.4345
3137.002036 42.4345
3137.524914 42.4345
3138.047878 42.4345
3138.570930 42.4345
3139.094068 42.4345
3139.617294 42.4345
3140.140607 42.4345
3140.664008 42.4345
3141.187495 42.4345
3141.711070 42.4345
3142.234732 42.4345
3142.758482 42.4345
3143.282319 42.4345
3143.806243 42.4345
3144.330254 42.4345
3144.854353 42.4345
3145.378539 42.4345
3145.902812 42.4345
3146.427173 42.4345
3146.951621 42.4345
3147.476157 42.4345
3148.000780 42.4345
3148.525491 42.4345
3149.050289 42.4345
3149.575174 42.4345
3150.100147 42.4345
3150.625207 42.4345
3151.150355 42.4345
3151.675591 42.4345
3152.200914 42.4345
3152.726324 42.4345
3153.251823 42.4345
3153.777408 42.4345
3154.303082 42.4345
3154.828843 42.4345
3155.354691 42.4345
3155.880628 42.4345
3156.406652 42.4345
3156.932763 42.4345
3157.458963 42.4345
3157.985250 42.4345
3158.511624 42.4345
3159.038087 42.4345
3159.564637 42.4345
3160.091275 42.4345
3160.618001 42.4345
3161.144814 42.4345
3161.671716 42.4345
3162.198705 42.4345
3162.725782 42.4345
3163.252947 42.4345
3163.780200 42.4345
3164.307540 42.4345
3164.834969 42.4345
3165.362485 42.4345
3165.890090 42.4345
3166.417782 42.4345
3166.945562 42.4345
3167.473430 42.4345
3168.001387 42.4345
3168.529431 42.4345
3169.057563 42.4345
3169.585783 42.4345
3170.114092 42.4345
3170.642488 42.4345
3171.170973 42.4345
3171.699545 42.4345
3172.228206 42.4345
3172.756955 42.4345
3173.285791 42.4345
3173.814717 42.4345
3174.343730 42.4345
3174.872831 42.4345
3175.402021 42.4345
3175.931298 42.4345
3176.460664 42.4345
3176.990119 42.4345
3177.519661 42.4345
3178.049292 42.4345
3178.579011 42.4345
3179.108818 42.4345
3179.638714 42.4345
3180.168698 42.4345
3180.698770 42.4345
3181.228931 42.4345
3181.759180 42.4345
3182.289517 42.4345
3182.819943 42.4345
3183.350457 42.4345
3183.881060 42.4345
3184.411751 42.4345
3184.942530 42.4345
3185.473398 42.4345
3186.004355 42.4345
3186.535400 42.4345
3187.066533 42.4345
3187.597755 42.4345
3188.129066 42.4345
3188.660465 42.4345
3189.191953 42.4345
3189.723529 42.4345
3190.255194 42.4345
3190.786947 42.4345
3191.318790 42.4345
3191.850720 42.4345
3192.382740 42.4345
3192.914848 42.4345
3193.447045 42.4345
3193.979330 42.4345
3194.511705 42.4345
3195.044168 42.4345
3195.576719 42.4345
3196.109360 42.4345
3196.642089 42.4345
3197.174907 42.4345
3197.707814 42.4345
3198.240810 42.4345
3198.773894 42.4345
3199.307068 42.4345
3199.840330 42.4345
3200.373681 42.4345
3200.907121 42.4345
3201.440650 42.4345
3201.974268 42.4345
3202.507975 42.4345
3203.041771 42.4345
3203.575656 42.4345
3204.109629 42.4345
3204.643692 42.4345
3205.177844 42.4345
3205.712085 42.4345
3206.246415 42.4345
3206.780834 42.4345
3207.315342 42.4345
3207.849939 42.4345
3208.384625 42.4345
3208.919400 42.4345
3209.454265 42.4345
3209.989218 42.4345
3210.524261 42.4345
3211.059393 42.4345
3211.594614 42.4345
3212.129925 42.4345
3212.665324 42.4345
3213.200813 42.4345
3213.736391 42.4345
3214.272059 42.4345
3214.807815 42.4345
3215.343661 42.4345
3215.879596 42.4345
3216.415621 42.4345
3216.951735 42.4345
3217.487938 42.4345
3218.024231 42.4345
3218.560613 42.4345
3219.097084 42.4345
3219.633645 42.4345
3220.170296 42.4345
3220.707035 42.4345
3221.243865 42.4345
3221.780783 42.4345
3222.317792 42.4345
3222.854889 42.4345
3223.392077 42.4345
3223.929353 42.4345
3224.466720 42.4345
3225.004176 42.4345
3225.541721 42.4345
3226.079356 42.4345
3226.617081 42.4345
3227.154895 42.4345
3227.692799 42.4345
3228.230793 42.4345
3228.768876 42.4345
3229.307049 42.4345
3229.845312 42.4345
3230.383664 42.4345
3230.922106 42.4345
3231.460638 42.4345
3231.999260 42.4345
3232.537971 42.4345
3233.076773 42.4345
3233.615664 42.4345
3234.154644 42.4345
3234.693715 42.4345
3235.232876 42.4345
3235.772126 42.4345
3236.311466 42.4345
3236.850897 42.4345
3237.390417 42.4345
3237.930027 42.4345
3238.469727 42.4345
3239.009517 42.4345
3239.549397 42.4345
3240.089367 42.4345
3240.629426 42.4345
3241.169576 42.4345
3241.709816 42.4345
3242.250146 42.4345
3242.790566 42.4345
3243.331076 42.4345
3243.871677 42.4345
3244.412367 42.4345
3244.953147 42.4345
3245.494018 42.4345
3246.034979 42.4345
3246.576030 42.4345
3247.117171 42.4345
3247.658402 42.4345
3248.199724 42.4345
3248.741135 42.4345
3249.282637 42.4345
3249.824230 42.4345
3250.365912 42.4345
3250.907685 42.4345
3251.449548 42.4345
3251.991501 42.4345
3252.533545 42.4345
3253.075679 42.4345
3253.617904 42.4345
3254.160219 42.4345
3254.702624 42.4345
3255.245119 42.4345
3255.787706 42.4345
3256.330382 42.4345
3256.873149 42.4345
3257.416006 42.4345
3257.958954 42.4345
3258.501993 42.4345
3259.045122 42.4345
3259.588341 42.4345
3260.131651 42.4345
3260.675052 42.4345
3261.218543 42.4345
3261.762125 42.4345
3262.305797 42.4345
3262.849560 42.4345
3263.393413 42.4345
3263.937358 42.4345
3264.481393 42.4345
3265.025518 42.4345
3265.569734 42.4345
3266.114041 42.4345
3266.658439 42.4345
3267.202927 42.4345
3267.747507 42.4345
3268.292177 42.4345
3268.836937 42.4345
3269.381789 42.4345
3269.926731 42.4345
3270.471765 42.4345
3271.016889 42.4345
3271.562104 42.4345
3272.107409 42.4345
3272.652806 42.4345
3273.198294 42.4345
3273.743872 42.4345
3274.289542 42.4345
3274.835302 42.4345
3275.381153 42.4345
3275.927096 42.4345
3276.473129 42.4345
3277.019253 42.4345
3277.565469 42.4345
3278.111775 42.4345
3278.658173 42.4345
3279.204661 42.4345
3279.751241 42.4345
3280.297912 42.4345
3280.844674 42.4345
3281.391527 42.4345
3281.938471 42.4345
3282.485506 42.4345
3283.032633 42.4345
3283.579850 42.4345
3284.127159 42.4345
3284.674559 42.4345
3285.222051 42.4345
3285.769633 42.4345
3286.317307 42.4345
3286.865073 42.4345
3287.412929 42.4345
3287.960877 42.4345
3288.508916 42.4345
3289.057046 42.4345
3289.605268 42.4345
3290.153582 42.4345
3290.701986 42.4345
3291.250482 42.4345
3291.799070 42.4345
3292.347749 42.4345
3292.896519 42.4345
3293.445381 42.4345
3293.994334 42.4345
3294.543379 42.4345
3295.092515 42.4345
3295.641743 42.4345
3296.191062 42.4345
3296.740473 42.4345
3297.289976 42.4345
3297.839570 42.4345
3298.389256 42.4345
3298.939033 42.4345
3299.488902 42.4345
3300.038863 42.4345
3300.588915 42.4345
3301.139059 42.4345
3301.689295 42.4345
3302.239622 42.4345
3302.790041 42.4345
3303.340552 42.4345
3303.891155 42.4345
3304.441849 42.4345
3304.992635 42.4345
3305.543514 42.4345
3306.094483 42.4345
3306.645545 42.4345
3307.196699 42.4345
3307.747944 42.4345
3308.299281 42.4345
3308.850710 42.4345
3309.402231 42.4345
3309.953844 42.4345
3310.505549 42.4345
3311.057346 42.4345
3311.609235 42.4345
3312.161216 42.4345
3312.713289 42.4345
3313.265454 42.4345
3313.817711 42.4345
3314.370060 42.4345
3314.922501 42.4345
3315.475034 42.4345
3316.027659 42.4345
3316.580376 42.4345
3317.133186 42.4345
3317.686088 42.4345
3318.239081 42.4345
3318.792167 42.4345
3319.345345 42.4345
3319.898616 42.4345
3320.451978 42.4345
3321.005433 42.4345
3321.558980 42.4345
3322.112619 42.4345
3322.666351 42.4345
3323.220175 42.4345
3323.774091 42.4345
3324.328099 42.4345
3324.882200 42.4345
3325.436394 42.4345
3325.990679 42.4345
3326.545057 42.4345
3327.099528 42.4345
3327.654090 42.4345
3328.208746 42.4345
3328.763493 42.4345
3329.318333 42.4345
3329.873266 42.4345
3330.428291 42.4345
3330.983409 42.4345
3331.538619 42.4345
3332.093922 42.4345
3332.649317 42.4345
3333.204805 42.4345
3333.760385 42.4345
3334.316058 42.4345
3334.871824 42.4345
3335.427682 42.4345
3335.983633 42.4345
3336.539677 42.4345
3337.095813 42.4345
3337.652042 42.4345
3338.208364 42.4345
3338.764778 42.4345
3339.321285 42.4345
3339.877885 42.4345
3340.434578 42.4345
3340.991363 42.4345
3341.548242 42.4345
3342.105213 42.4345
3342.662277 42.4345
3343.219434 42.4345
3343.776683 42.4345
3344.334026 42.4345
3344.891461 42.4345
3345.448990 42.4345
3346.006611 42.4345
3346.564325 42.4345
3347.122132 42.4345
3347.680033 42.4345
3348.238026 42.4345
3348.796112 42.4345
3349.354291 42.4345
3349.912563 42.4345
3350.470929 42.4345
3351.029387 42.4345
3351.587938 42.4345
3352.146583 42.4345
3352.705321 42.4345
3353.264151 42.4345
3353.823075 42.4345
3354.382092 42.4345
3354.941203 42.4345
3355.500406 42.4345
3356.059703 42.4345
3356.619093 42.4345
3357.178576 42.4345
3357.738152 42.4345
3358.297822 42.4345
3358.857585 42.4345
3359.417441 42.4345
3359.977391 42.4345
3360.537434 42.4345
3361.097570 42.4345
3361.657800 42.4345
3362.218123 42.4345
3362.778539 42.4345
3363.339049 42.4345
3363.899652 42.4345
3364.460349 42.4345
3365.021139 42.4345
3365.582022 42.4345
3366.142999 42.4345
3366.704070 42.4345
3367.265234 42.4345
3367.826492 42.4345
3368.387843 42.4345
3368.949288 42.4345
3369.510826 42.4345
3370.072458 42.4345
3370.634184 42.4345
3371.196003 42.4345
3371.757916 42.4345
3372.319922 42.4345
3372.882022 42.4345
3373.444216 42.4345
3374.006504 42.4345
3374.568885 42.4345
3375.131360 42.4345
3375.693929 42.4345
3376.256591 42.4345
3376.819348 42.4345
3377.382198 42.4345
3377.945142 42.4345
3378.508179 42.4345
3379.071311 42.4345
3379.634536 42.4345
3380.197856 42.4345
3380.761269 42.4345
3381.324776 42.4345
3381.888377 42.4345
3382.452072 42.4345
3383.015861 42.4345
3383.579744 42.4345
3384.143721 42.4345
3384.707792 42.4345
3385.271957 42.4345
3385.836216 42.4345
3386.400569 42.4345
3386.965016 42.4345
3387.529558 42.4345
3388.094193 42.4345
3388.658922 42.4345
3389.223746 42.4345
3389.788664 42.4345
3390.353676 42.4345
3390.918782 42.4345
3391.483982 42.4345
3392.049276 42.4345
3392.614665 42.4345
3393.180148 42.4345
3393.745725 42.4345
3394.311396 42.4345
3394.877162 42.4345
3395.443022 42.4345
3396.008976 42.4345
3396.575025 42.4345
3397.141168 42.4345
3397.707405 42.4345
3398.273737 42.4345
3398.840163 42.4345
3399.406684 42.4345
3399.973299 42.4345
3400.540008 42.4345
3401.106812 42.4345
3401.673711 42.4345
3402.240704 42.4345
3402.807791 42.4345
3403.374973 42.4345
3403.942249 42.4345
3404.509620 42.4345
3405.077086 42.4345
3405.644646 42.4345
3406.212301 42.4345
3406.780050 42.4345
3407.347894 42.4345
3407.915833 42.4345
3408.483866 42.4345
3409.051994 42.4345
3409.620217 42.4345
3410.188534 42.4345
3410.756946 42.4345
3411.325453 42.4345
3411.894055 42.4345
3412.462751 42.4345
3413.031542 42.4345
3413.600428 42.4345
3414.169409 42.4345
3414.738485 42.4345
3415.307655 42.4345
3415.876921 42.4345
3416.446281 42.4345
3417.015736 42.4345
3417.585286 42.4345
3418.154931 42.4345
3418.724671 42.4345
3419.294506 42.4345
3419.864436 42.4345
3420.434461 42.4345
3421.004581 42.4345
3421.574796 42.4345
3422.145106 42.4345
3422.715511 42.4345
3423.286011 42.4345
3423.856606 42.4345
3424.427296 42.4345
3424.998082 42.4345
3425.568962 42.4345
3426.139938 42.4345
3426.711009 42.4345
3427.282175 42.4345
3427.853437 42.4345
3428.424793 42.4345
3428.996245 42.4345
3429.567792 42.4345
3430.139434 42.4345
3430.711172 42.4345
3431.283004 42.4345
3431.854933 42.4345
3432.426956 42.4345
3432.999075 42.4345
3433.571289 42.4345
3434.143599 42.4345
3434.716004 42.4345
3435.288504 42.4345
3435.861100 42.4345
3436.433791 42.4345
3437.006578 42.4345
3437.579460 42.4345
3438.152438 42.4345
3438.725511 42.4345
3439.298679 42.4345
3439.871944 42.4345
3440.445303 42.4345
3441.018759 42.4345
3441.592310 42.4345
3442.165956 42.4345
3442.739698 42.4345
3443.313536 42.4345
3443.887470 42.4345
3444.461499 42.4345
3445.035623 42.4345
3445.609844 42.4345
3446.184160 42.4345
3446.758572 42.4345
3447.333080 42.4345
3447.907683 42.4345
3448.482382 42.4345
3449.057177 42.4345
3449.632068 42.4345
3450.207054 42.4345
3450.782137 42.4345
3451.357315 42.4345
3451.932589 42.4345
3452.507959 42.4345
3453.083425 42.4345
3453.658987 42.4345
3454.234645 42.4345
3454.810399 42.4345
3455.386248 42.4345
3455.962194 42.4345
3456.538236 42.4345
3457.114374 42.4345
3457.690607 42.4345
3458.266937 42.4345
3458.843363 42.4345
3459.419885 42.4345
3459.996503 42.4345
3460.573217 42.4345
3461.150027 42.4345
3461.726934 42.4345
3462.303936 42.4345
3462.881035 42.4345
3463.458230 42.4345
3464.035521 42.4345
3464.612908 42.4345
3465.190392 42.4345
3465.767972 42.4345
3466.345648 42.4345
3466.923421 42.4345
3467.501289 42.4345
3468.079254 42.4345
3468.657316 42.4345
3469.235473 42.4345
3469.813727 42.4345
3470.392078 42.4345
3470.970525 42.4345
3471.549068 42.4345
3472.127708 42.4345
3472.706444 42.4345
3473.285277 42.4345
3473.864206 42.4345
3474.443231 42.4345
3475.022354 42.4345
3475.601572 42.4345
3476.180887 42.4345
3476.760299 42.4345
3477.339808 42.4345
3477.919412 42.4345
3478.499114 42.4345
3479.078912 42.4345
3479.658807 42.4345
3480.238798 42.4345
3480.818887 42.4345
3481.399071 42.4345
3481.979353 42.4345
3482.559731 42.4345
3483.140206 42.4345
3483.720778 42.4345
3484.301446 42.4345
3484.882212 42.4345
3485.463074 42.4345
3486.044033 42.4345
3486.625089 42.4345
3487.206241 42.4345
3487.787491 42.4345
3488.368837 42.4345
3488.950280 42.4345
3489.531820 42.4345
3490.113458 42.4345
3490.695192 42.4345
3491.277023 42.4345
3491.858951 42.4345
3492.440976 42.4345
3493.023098 42.4345
3493.605317 42.4345
3494.187633 42.4345
3494.770046 42.4345
3495.352556 42.4345
3495.935163 42.4345
3496.517868 42.4345
3497.100669 42.4345
3497.683568 42.4345
3498.266564 42.4345
3498.849657 42.4345
3499.432847 42.4345
3500.016135 42.4345
3500.599519 42.4345
3501.183001 42.4345
3501.766580 42.4345
3502.350257 42.4345
3502.934030 42.4345
3503.517901 42.4345
3504.101870 42.4345
3504.685935 42.4345
3505.270098 42.4345
3505.854359 42.4345
3506.438716 42.4345
3507.023171 42.4345
3507.607724 42.4345
3508.192374 42.4345
3508.777122 42.4345
3509.361966 42.4345
3509.946909 42.4345
3510.531949 42.4345
3511.117086 42.4345
3511.702321 42.4345
3512.287654 42.4345
3512.873084 42.4345
3513.458611 42.4345
3514.044237 42.4345
3514.629959 42.4345
3515.215780 42.4345
3515.801698 42.4345
3516.387714 42.4345
3516.973827 42.4345
3517.560038 42.4345
3518.146347 42.4345
3518.732754 42.4345
3519.319258 42.4345
3519.905860 42.4345
3520.492560 42.4345
3521.079358 42.4345
3521.666253 42.4345
3522.253247 42.4345
3522.840338 42.4345
3523.427527 42.4345
3524.014814 42.4345
3524.602198 42.4345
3525.189681 42.4345
3525.777262 42.4345
3526.364940 42.4345
3526.952716 42.4345
3527.540591 42.4345
3528.128563 42.4345
3528.716634 42.4345
3529.304802 42.4345
3529.893069 42.4345
3530.481433 42.4345
3531.069896 42.4345
3531.658457 42.4345
3532.247115 42.4345
3532.835872 42.4345
3533.424727 42.4345
3534.013681 42.4345
3534.602732 42.4345
3535.191881 42.4345
3535.781129 42.4345
3536.370475 42.4345
3536.959919 42.4345
3537.549462 42.4345
3538.139103 42.4345
3538.728842 42.4345
3539.318679 42.4345
3539.908614 42.4345
3540.498648 42.4345
3541.088781 42.4345
3541.679011 42.4345
3542.269340 42.4345
3542.859768 42.4345
3543.450294 42.4345
3544.040918 42.4345
3544.631641 42.4345
3545.222462 42.4345
3545.813381 42.4345
3546.404400 42.4345
3546.995516 42.4345
3547.586731 42.4345
3548.178045 42.4345
3548.769457 42.4345
3549.360968 42.4345
3549.952578 42.4345
3550.544286 42.4345
3551.136092 42.4345
3551.727998 42.4345
3552.320002 42.4345
3552.912105 42.4345
3553.504306 42.4345
3554.096606 42.4345
3554.689005 42.4345
3555.281502 42.4345
3555.874099 42.4345
3556.466794 42.4345
3557.059588 42.4345
3557.652480 42.4345
3558.245472 42.4345
3558.838562 42.4345
3559.431751 42.4345
3560.025039 42.4345
3560.618426 42.4345
3561.211912 42.4345
3561.805497 42.4345
3562.399181 42.4345
3562.992963 42.4345
3563.586845 42.4345
3564.180826 42.4345
3564.774905 42.4345
3565.369084 42.4345
3565.963362 42.4345
3566.557738 42.4345
3567.152214 42.4345
3567.746789 42.4345
3568.341463 42.4345
3568.936236 42.4345
3569.531109 42.4345
3570.126080 42.4345
3570.721151 42.4345
3571.316320 42.4345
3571.911589 42.4345
3572.506958 42.4345
3573.102425 42.4345
3573.697992 42.4345
3574.293658 42.4345
3574.889423 42.4345
3575.485287 42.4345
3576.081251 42.4345
3576.677315 42.4345
3577.273477 42.4345
3577.869739 42.4345
3578.466100 42.4345
3579.062561 42.4345
3579.659121 42.4345
3580.255781 42.4345
3580.852540 42.4345
3581.449398 42.4345
3582.046356 42.4345
3582.643414 42.4345
3583.240571 42.4345
3583.837827 42.4345
3584.435183 42.4345
3585.032639 42.4345
3585.630194 42.4345
3586.227849 42.4345
3586.825604 42.4345
3587.423458 42.4345
3588.021411 42.4345
3588.619465 42.4345
3589.217618 42.4345
3589.815871 42.4345
3590.414223 42.4345
3591.012675 42.4345
3591.611227 42.4345
3592.209879 42.4345
3592.808631 42.4345
3593.407482 42.4345
3594.006433 42.4345
3594.605484 42.4345
3595.204635 42.4345
3595.803886 42.4345
3596.403236 42.4345
3597.002687 42.4345
3597.602237 42.4345
3598.201888 42.4345
3598.801638 42.4345
3599.401488 42.4345
3600.001438 42.4345
3600.601489 42.4345
3601.201639 42.4345
3601.801889 42.4345
3602.402240 42.4345
3603.002690 42.4345
3603.603240 42.4345
3604.203891 42.4345
3604.804642 42.4345
3605.405493 42.4345
3606.006444 42.4345
3606.607495 42.4345
3607.208646 42.4345
3607.809898 42.4345
3608.411249 42.4345
3609.012701 42.4345
3609.614254 42.4345
3610.215906 42.4345
3610.817659 42.4345
3611.419512 42.4345
3612.021465 42.4345
3612.623519 42.4345
3613.225673 42.4345
3613.827928 42.4345
3614.430283 42.4345
3615.032738 42.4345
3615.635293 42.4345
3616.237950 42.4345
3616.840706 42.4345
3617.443563 42.4345
3618.046521 42.4345
3618.649579 42.4345
3619.252737 42.4345
3619.855996 42.4345
3620.459356 42.4345
3621.062816 42.4345
3621.666377 42.4345
3622.270038 42.4345
3622.873800 42.4345
3623.477663 42.4345
3624.081626 42.4345
3624.685690 42.4345
3625.289855 42.4345
3625.894120 42.4345
3626.498486 42.4345
3627.102953 42.4345
3627.707520 42.4345
3628.312189 42.4345
3628.916958 42.4345
3629.521828 42.4345
3630.126798 42.4345
3630.731870 42.4345
3631.337042 42.4345
3631.942316 42.4345
3632.547690 42.4345
3633.153165 42.4345
3633.758741 42.4345
3634.364418 42.4345
3634.970196 42.4345
3635.576074 42.4345
3636.182054 42.4345
3636.788135 42.4345
3637.394317 42.4345
3638.000600 42.4345
3638.606984 42.4345
3639.213469 42.4345
3639.820055 42.4345
3640.426742 42.4345
3641.033531 42.4345
3641.640420 42.4345
3642.247411 42.4345
3642.854503 42.4345
3643.461696 42.4345
3644.068990 42.4345
3644.676385 42.4345
3645.283882 42.4345
3645.891480 42.4345
3646.499179 42.4345
3647.106980 42.4345
3647.714882 42.4345
3648.322885 42.4345
3648.930989 42.4345
3649.539195 42.4345
3650.147502 42.4345
3650.755911 42.4345
3651.364421 42.4345
3651.973032 42.4345
3652.581745 42.4345
3653.190560 42.4345
3653.799475 42.4345
3654.408493 42.4345
3655.017612 42.4345
3655.626832 42.4345
3656.236154 42.4345
3656.845577 42.4345
3657.455102 42.4345
3658.064729 42.4345
3658.674457 42.4345
3659.284287 42.4345
3659.894219 42.4345
3660.504252 42.4345
3661.114387 42.4345
3661.724623 42.4345
3662.334962 42.4345
3662.945402 42.4345
3663.555944 42.4345
3664.166587 42.4345
3664.777332 42.4345
3665.388180 42.4345
3665.999128 42.4345
3666.610179 42.4345
3667.221332 42.4345
3667.832586 42.4345
3668.443943 42.4345
3669.055401 42.4345
3669.666961 42.4345
3670.278623 42.4345
3670.890387 42.4345
3671.502253 42.4345
3672.114221 42.4345
3672.726292 42.4345
3673.338464 42.4345
3673.950738 42.4345
3674.563114 42.4345
3675.175592 42.4345
3675.788172 42.4345
3676.400855 42.4345
3677.013639 42.4345
3677.626526 42.4345
3678.239515 42.4345
3678.852606 42.4345
3679.465799 42.4345
3680.079094 42.4345
3680.692492 42.4345
3681.305992 42.4345
3681.919594 42.4345
3682.533299 42.4345
3683.147105 42.4345
3683.761014 42.4345
3684.375026 42.4345
3684.989139 42.4345
3685.603355 42.4345
3686.217674 42.4345
3686.832095 42.4345
3687.446618 42.4345
3688.061243 42.4345
3688.675971 42.4345
3689.290802 42.4345
3689.905735 42.4345
3690.520771 42.4345
3691.135909 42.4345
3691.751149 42.4345
3692.366492 42.4345
3692.981938 42.4345
3693.597486 42.4345
3694.213137 42.4345
3694.828891 42.4345
3695.444747 42.4345
3696.060706 42.4345
3696.676767 42.4345
3697.292931 42.4345
3697.909198 42.4345
3698.525568 42.4345
3699.142040 42.4345
3699.758615 42.4345
3700.375293 42.4345
3700.992073 42.4345
3701.608957 42.4345
3702.225943 42.4345
3702.843032 42.4345
3703.460224 42.4345
3704.077519 42.4345
3704.694917 42.4345
3705.312417 42.4345
3705.930021 42.4345
3706.547727 42.4345
3707.165537 42.4345
3707.783449 42.4345
3708.401465 42.4345
3709.019583 42.4345
3709.637804 42.4345
3710.256129 42.4345
3710.874556 42.4345
3711.493087 42.4345
3712.111721 42.4345
3712.730458 42.4345
3713.349298 42.4345
3713.968241 42.4345
3714.587287 42.4345
3715.206437 42.4345
3715.825689 42.4345
3716.445045 42.4345
3717.064504 42.4345
3717.684067 42.4345
3718.303732 42.4345
3718.923501 42.4345
3719.543373 42.4345
3720.163349 42.4345
3720.783428 42.4345
3721.403610 42.4345
3722.023896 42.4345
3722.644285 42.4345
3723.264777 42.4345
3723.885373 42.4345
3724.506072 42.4345
3725.126875 42.4345
3725.747781 42.4345
3726.368791 42.4345
3726.989904 42.4345
3727.611121 42.4345
3728.232441 42.4345
3728.853865 42.4345
3729.475393 42.4345
3730.097024 42.4345
3730.718758 42.4345
3731.340597 42.4345
3731.962538 42.4345
3732.584584 42.4345
3733.206733 42.4345
3733.828986 42.4345
3734.451343 42.4345
3735.073803 42.4345
3735.696368 42.4345
3736.319036 42.4345
3736.941807 42.4345
3737.564683 42.4345
3738.187662 42.4345
3738.810745 42.4345
3739.433932 42.4345
3740.057223 42.4345
3740.680618 42.4345
3741.304117 42.4345
3741.927720 42.4345
3742.551426 42.4345
3743.175237 42.4345
3743.799151 42.4345
3744.423170 42.4345
3745.047292 42.4345
3745.671519 42.4345
3746.295849 42.4345
3746.920284 42.4345
3747.544823 42.4345
3748.169466 42.4345
3748.794213 42.4345
3749.419064 42.4345
3750.044019 42.4345
3750.669079 42.4345
3751.294242 42.4345
3751.919510 42.4345
3752.544882 42.4345
3753.170358 42.4345
3753.795939 42.4345
3754.421624 42.4345
3755.047413 42.4345
3755.673306 42.4345
3756.299304 42.4345
3756.925406 42.4345
3757.551612 42.4345
3758.177923 42.4345
3758.804338 42.4345
3759.430858 42.4345
3760.057482 42.4345
3760.684210 42.4345
3761.311043 42.4345
3761.937981 42.4345
3762.565023 42.4345
3763.192169 42.4345
3763.819420 42.4345
3764.446776 42.4345
3765.074236 42.4345
3765.701800 42.4345
3766.329470 42.4345
3766.957243 42.4345
3767.585122 42.4345
3768.213105 42.4345
3768.841193 42.4345
3769.469386 42.4345
3770.097683 42.4345
3770.726085 42.4345
3771.354591 42.4345
3771.983203 42.4345
3772.611919 42.4345
3773.240740 42.4345
3773.869666 42.4345
3774.498697 42.4345
3775.127832 42.4345
3775.757073 42.4345
3776.386418 42.4345
3777.015868 42.4345
3777.645423 42.4345
3778.275083 42.4345
3778.904848 42.4345
3779.534718 42.4345
3780.164693 42.4345
3780.794773 42.4345
3781.424958 42.4345
3782.055248 42.4345
3782.685643 42.4345
3783.316143 42.4345
3783.946749 42.4345
3784.577459 42.4345
3785.208275 42.4345
3785.839195 42.4345
3786.470221 42.4345
3787.101352 42.4345
3787.732588 42.4345
3788.363929 42.4345
3788.995376 42.4345
3789.626928 42.4345
3790.258585 42.4345
3790.890347 42.4345
3791.522215 42.4345
3792.154188 42.4345
3792.786267 42.4345
3793.418450 42.4345
3794.050739 42.4345
3794.683134 42.4345
3795.315634 42.4345
3795.948239 42.4345
3796.580950 42.4345
3797.213766 42.4345
3797.846688 42.4345
3798.479715 42.4345
3799.112848 42.4345
3799.746086 42.4345
3800.379430 42.4345
3801.012879 42.4345
3801.646434 42.4345
3802.280095 42.4345
3802.913861 42.4345
3803.547733 42.4345
3804.181710 42.4345
3804.815793 42.4345
3805.449982 42.4345
3806.084276 42.4345
3806.718677 42.4345
3807.353183 42.4345
3807.987794 42.4345
3808.622512 42.4345
3809.257335 42.4345
3809.892264 42.4345
3810.527299 42.4345
3811.162440 42.4345
3811.797687 42.4345
3812.433039 42.4345
3813.068498 42.4345
3813.704062 42.4345
3814.339733 42.4345
3814.975509 42.4345
3815.611391 42.4345
3816.247379 42.4345
3816.883474 42.4345
3817.519674 42.4345
3818.155980 42.4345
3818.792392 42.4345
3819.428911 42.4345
3820.065535 42.4345
3820.702266 42.4345
3821.339103 42.4345
3821.976046 42.4345
3822.613095 42.4345
3823.250250 42.4345
3823.887512 42.4345
3824.524879 42.4345
3825.162353 42.4345
3825.799933 42.4345
3826.437620 42.4345
3827.075413 42.4345
3827.713312 42.4345
3828.351317 42.4345
3828.989429 42.4345
3829.627647 42.4345
3830.265971 42.4345
3830.904402 42.4345
3831.542940 42.4345
3832.181583 42.4345
3832.820333 42.4345
3833.459190 42.4345
3834.098153 42.4345
3834.737223 42.4345
3835.376399 42.4345
3836.015682 42.4345
3836.655071 42.4345
3837.294567 42.4345
3837.934169 42.4345
3838.573878 42.4345
3839.213694 42.4345
3839.853616 42.4345
3840.493645 42.4345
3841.133780 42.4345
3841.774023 42.4345
3842.414372 42.4345
3843.054828 42.4345
3843.695390 42.4345
3844.336059 42.4345
3844.976835 42.4345
3845.617718 42.4345
3846.258708 42.4345
3846.899805 42.4345
3847.541008 42.4345
3848.182318 42.4345
3848.823735 42.4345
3849.465259 42.4345
3850.106890 42.4345
3850.748628 42.4345
3851.390473 42.4345
3852.032425 42.4345
3852.674484 42.4345
3853.316650 42.4345
3853.958923 42.4345
3854.601303 42.4345
3855.243790 42.4345
3855.886384 42.4345
3856.529086 42.4345
3857.171894 42.4345
3857.814810 42.4345
3858.457832 42.4345
3859.100962 42.4345
3859.744199 42.4345
3860.387544 42.4345
3861.030995 42.4345
3861.674554 42.4345
3862.318220 42.4345
3862.961993 42.4345
3863.605874 42.4345
3864.249862 42.4345
3864.893957 42.4345
3865.538160 42.4345
3866.182470 42.4345
3866.826888 42.4345
3867.471412 42.4345
3868.116045 42.4345
3868.760784 42.4345
3869.405632 42.4345
3870.050586 42.4345
3870.695648 42.4345
3871.340818 42.4345
3871.986095 42.4345
3872.631480 42.4345
3873.276973 42.4345
3873.922573 42.4345
3874.568280 42.4345
3875.214095 42.4345
3875.860018 42.4345
3876.506049 42.4345
3877.152187 42.4345
3877.798433 42.4345
3878.444786 42.4345
3879.091248 42.4345
3879.737817 42.4345
3880.384494 42.4345
3881.031278 42.4345
3881.678171 42.4345
3882.325171 42.4345
3882.972279 42.4345
3883.619495 42.4345
3884.266819 42.4345
3884.914251 42.4345
3885.561790 42.4345
3886.209438 42.4345
3886.857193 42.4345
3887.505057 42.4345
3888.153029 42.4345
3888.801108 42.4345
3889.449296 42.4345
3890.097591 42.4345
3890.745995 42.4345
3891.394506 42.4345
3892.043126 42.4345
3892.691854 42.4345
3893.340690 42.4345
3893.989634 42.4345
3894.638687 42.4345
3895.287847 42.4345
3895.937116 42.4345
3896.586493 42.4345
3897.235978 42.4345
3897.885572 42.4345
3898.535273 42.4345
3899.185083 42.4345
3899.835002 42.4345
3900.485028 42.4345
3901.135163 42.4345
3901.785407 42.4345
3902.435759 42.4345
3903.086219 42.4345
3903.736787 42.4345
3904.387464 42.4345
3905.038250 42.4345
3905.689144 42.4345
3906.340146 42.4345
3906.991257 42.4345
3907.642477 42.4345
3908.293805 42.4345
3908.945241 42.4345
3909.596786 42.4345
3910.248440 42.4345
3910.900203 42.4345
3911.552074 42.4345
3912.204053 42.4345
3912.856142 42.4345
3913.508339 42.4345
3914.160644 42.4345
3914.813059 42.4345
3915.465582 42.4345
3916.118214 42.4345
3916.770955 42.4345
3917.423804 42.4345
3918.076763 42.4345
3918.729830 42.4345
3919.383006 42.4345
3920.036291 42.4345
3920.689685 42.4345
3921.343188 42.4345
3921.996799 42.4345
3922.650520 42.4345
3923.304349 42.4345
3923.958288 42.4345
3924.612336 42.4345
3925.266492 42.4345
3925.920758 42.4345
3926.575132 42.4345
3927.229616 42.4345
3927.884209 42.4345
3928.538911 42.4345
3929.193722 42.4345
3929.848642 42.4345
3930.503671 42.4345
3931.158810 42.4345
3931.814058 42.4345
3932.469415 42.4345
3933.124881 42.4345
3933.780456 42.4345
3934.436141 42.4345
3935.091935 42.4345
3935.747838 42.4345
3936.403851 42.4345
3937.059973 42.4345
3937.716204 42.4345
3938.372545 42.4345
3939.028995 42.4345
3939.685555 42.4345
3940.342224 42.4345
3940.999002 42.4345
3941.655890 42.4345
3942.312887 42.4345
3942.969994 42.4345
3943.627211 42.4345
3944.284537 42.4345
3944.941972 42.4345
3945.599517 42.4345
3946.257172 42.4345
3946.914936 42.4345
3947.572810 42.4345
3948.230794 42.4345
3948.888887 42.4345
3949.547090 42.4345
3950.205403 42.4345
3950.863826 42.4345
3951.522358 42.4345
3952.181000 42.4345
3952.839751 42.4345
3953.498613 42.4345
3954.157584 42.4345
3954.816665 42.4345
3955.475856 42.4345
3956.135157 42.4345
3956.794568 42.4345
3957.454089 42.4345
3958.113720 42.4345
3958.773460 42.4345
3959.433311 42.4345
3960.093271 42.4345
3960.753342 42.4345
3961.413522 42.4345
3962.073813 42.4345
3962.734214 42.4345
3963.394724 42.4345
3964.055345 42.4345
3964.716076 42.4345
3965.376917 42.4345
3966.037869 42.4345
3966.698930 42.4345
3967.360102 42.4345
3968.021383 42.4345
3968.682775 42.4345
3969.344278 42.4345
3970.005890 42.4345
3970.667613 42.4345
3971.329446 42.4345
3971.991389 42.4345
3972.653443 42.4345
3973.315607 42.4345
3973.977882 42.4345
3974.640266 42.4345
3975.302762 42.4345
3975.965367 42.4345
3976.628084 42.4345
3977.290910 42.4345
3977.953847 42.4345
3978.616895 42.4345
3979.280053 42.4345
3979.943321 42.4345
3980.606701 42.4345
3981.270190 42.4345
3981.933791 42.4345
3982.597502 42.4345
3983.261323 42.4345
3983.925255 42.4345
3984.589298 42.4345
3985.253452 42.4345
3985.917716 42.4345
3986.582091 42.4345
3987.246577 42.4345
3987.911173 42.4345
3988.575881 42.4345
3989.240699 42.4345
3989.905627 42.4345
3990.570667 42.4345
3991.235818 42.4345
3991.901079 42.4345
3992.566451 42.4345
3993.231935 42.4345
3993.897529 42.4345
3994.563234 42.4345
3995.229050 42.4345
3995.894977 42.4345
3996.561015 42.4345
3997.227164 42.4345
3997.893424 42.4345
3998.559795 42.4345
3999.226277 42.4345
3999.892870 42.4345
4000.559575 42.4345
4001.226390 42.4345
4001.893317 42.4345
4002.560355 42.4345
4003.227504 42.4345
4003.894764 42.4345
4004.562135 42.4345
4005.229618 42.4345
4005.897212 42.4345
4006.564917 42.4345
4007.232733 42.4345
4007.900661 42.4345
4008.568700 42.4345
4009.236851 42.4345
4009.905113 42.4345
4010.573486 42.4345
4011.241970 42.4345
4011.910566 42.4345
4012.579274 42.4345
4013.248093 42.4345
4013.917023 42.4345
4014.586065 42.4345
4015.255219 42.4345
4015.924484 42.4345
4016.593860 42.4345
4017.263348 42.4345
4017.932948 42.4345
4018.602659 42.4345
4019.272482 42.4345
4019.942417 42.4345
4020.612463 42.4345
4021.282621 42.4345
4021.952891 42.4345
4022.623272 42.4345
4023.293765 42.4345
4023.964370 42.4345
4024.635086 42.4345
4025.305915 42.4345
4025.976855 42.4345
4026.647907 42.4345
4027.319071 42.4345
4027.990347 42.4345
4028.661735 42.4345
4029.333234 42.4345
4030.004846 42.4345
4030.676569 42.4345
4031.348404 42.4345
4032.020352 42.4345
4032.692411 42.4345
4033.364583 42.4345
4034.036866 42.4345
4034.709262 42.4345
4035.381769 42.4345
4036.054389 42.4345
4036.727121 42.4345
4037.399965 42.4345
4038.072921 42.4345
4038.745989 42.4345
4039.419169 42.4345
4040.092462 42.4345
4040.765867 42.4345
4041.439384 42.4345
4042.113013 42.4345
4042.786755 42.4345
4043.460609 42.4345
4044.134575 42.4345
4044.808654 42.4345
4045.482845 42.4345
4046.157148 42.4345
4046.831564 42.4345
4047.506092 42.4345
4048.180732 42.4345
4048.855486 42.4345
4049.530351 42.4345
4050.205329 42.4345
4050.880419 42.4345
4051.555622 42.4345
4052.230938 42.4345
4052.906366 42.4345
4053.581907 42.4345
4054.257560 42.4345
4054.933326 42.4345
4055.609205 42.4345
4056.285196 42.4345
4056.961300 42.4345
4057.637516 42.4345
4058.313845 42.4345
4058.990287 42.4345
4059.666842 42.4345
4060.343510 42.4345
4061.020290 42.4345
4061.697183 42.4345
4062.374189 42.4345
4063.051308 42.4345
4063.728540 42.4345
4064.405884 42.4345
4065.083342 42.4345
4065.760912 42.4345
4066.438595 42.4345
4067.116391 42.4345
4067.794301 42.4345
4068.472323 42.4345
4069.150458 42.4345
4069.828706 42.4345
4070.507068 42.4345
4071.185542 42.4345
4071.864130 42.4345
4072.542830 42.4345
4073.221644 42.4345
4073.900571 42.4345
4074.579611 42.4345
4075.258764 42.4345
4075.938030 42.4345
4076.617410 42.4345
4077.296903 42.4345
4077.976509 42.4345
4078.656228 42.4345
4079.336061 42.4345
4080.016007 42.4345
4080.696066 42.4345
4081.376239 42.4345
4082.056525 42.4345
4082.736924 42.4345
4083.417437 42.4345
4084.098064 42.4345
4084.778803 42.4345
4085.459657 42.4345
4086.140623 42.4345
4086.821703 42.4345
4087.502897 42.4345
4088.184204 42.4345
4088.865625 42.4345
4089.547160 42.4345
4090.228808 42.4345
4090.910569 42.4345
4091.592445 42.4345
4092.274433 42.4345
4092.956536 42.4345
4093.638752 42.4345
4094.321082 42.4345
4095.003526 42.4345
4095.686083 42.4345
4096.368755 42.4345
4097.051540 42.4345
4097.734439 42.4345
4098.417451 42.4345
4099.100578 42.4345
4099.783818 42.4345
4100.467172 42.4345
4101.150640 42.4345
4101.834223 42.4345
4102.517919 42.4345
4103.201728 42.4345
4103.885652 42.4345
4104.569690 42.4345
4105.253842 42.4345
4105.938108 42.4345
4106.622488 42.4345
4107.306983 42.4345
4107.991591 42.4345
4108.676313 42.4345
4109.361149 42.4345
4110.046100 42.4345
4110.731165 42.4345
4111.416344 42.4345
4112.101637 42.4345
4112.787044 42.4345
4113.472566 42.4345
4114.158202 42.4345
4114.843952 42.4345
4115.529817 42.4345
4116.215795 42.4345
4116.901888 42.4345
4117.588096 42.4345
4118.274418 42.4345
4118.960854 42.4345
4119.647405 42.4345
4120.334070 42.4345
4121.020850 42.4345
4121.707744 42.4345
4122.394752 42.4345
4123.081875 42.4345
4123.769113 42.4345
4124.456465 42.4345
4125.143932 42.4345
4125.831513 42.4345
4126.519209 42.4345
4127.207019 42.4345
4127.894944 42.4345
4128.582984 42.4345
4129.271139 42.4345
4129.959408 42.4345
4130.647792 42.4345
4131.336291 42.4345
4132.024904 42.4345
4132.713632 42.4345
4133.402475 42.4345
4134.091433 42.4345
4134.780506 42.4345
4135.469693 42.4345
4136.158996 42.4345
4136.848413 42.4345
4137.537945 42.4345
4138.227592 42.4345
4138.917354 42.4345
4139.607231 42.4345
4140.297223 42.4345
4140.987330 42.4345
4141.677552 42.4345
4142.367890 42.4345
4143.058342 42.4345
4143.748909 42.4345
4144.439591 42.4345
4145.130389 42.4345
4145.821302 42.4345
4146.512329 42.4345
4147.203472 42.4345
4147.894731 42.4345
4148.586104 42.4345
4149.277593 42.4345
4149.969196 42.4345
4150.660916 42.4345
4151.352750 42.4345
4152.044700 42.4345
4152.736765 42.4345
4153.428945 42.4345
4154.121241 42.4345
4154.813653 42.4345
4155.506179 42.4345
4156.198821 42.4345
4156.891579 42.4345
4157.584452 42.4345
4158.277440 42.4345
4158.970544 42.4345
4159.663764 42.4345
4160.357099 42.4345
4161.050550 42.4345
4161.744116 42.4345
4162.437798 42.4345
4163.131595 42.4345
4163.825508 42.4345
4164.519537 42.4345
4165.213681 42.4345
4165.907941 42.4345
4166.602317 42.4345
4167.296809 42.4345
4167.991416 42.4345
4168.686139 42.4345
4169.380978 42.4345
4170.075933 42.4345
4170.771004 42.4345
4171.466190 42.4345
4172.161492 42.4345
4172.856911 42.4345
4173.552445 42.4345
4174.248095 42.4345
4174.943861 42.4345
4175.639743 42.4345
4176.335741 42.4345
4177.031855 42.4345
4177.728085 42.4345
4178.424431 42.4345
4179.120893 42.4345
4179.817471 42.4345
4180.514165 42.4345
4181.210976 42.4345
4181.907902 42.4345
4182.604945 42.4345
4183.302104 42.4345
4183.999379 42.4345
4184.696770 42.4345
4185.394278 42.4345
4186.091902 42.4345
4186.789642 42.4345
4187.487498 42.4345
4188.185471 42.4345
4188.883560 42.4345
4189.581766 42.4345
4190.280087 42.4345
4190.978526 42.4345
4191.677080 42.4345
4192.375751 42.4345
4193.074539 42.4345
4193.773443 42.4345
4194.472463 42.4345
4195.171600 42.4345
4195.870854 42.4345
4196.570224 42.4345
4197.269711 42.4345
4197.969314 42.4345
4198.669034 42.4345
4199.368870 42.4345
4200.068823 42.4345
4200.768893 42.4345
4201.469080 42.4345
4202.169383 42.4345
4202.869803 42.4345
4203.570340 42.4345
4204.270993 42.4345
4204.971763 42.4345
4205.672650 42.4345
4206.373654 42.4345
4207.074775 42.4345
4207.776012 42.4345
4208.477367 42.4345
4209.178838 42.4345
4209.880426 42.4345
4210.582132 42.4345
4211.283954 42.4345
4211.985893 42.4345
4212.687949 42.4345
4213.390122 42.4345
4214.092412 42.4345
4214.794820 42.4345
4215.497344 42.4345
4216.199986 42.4345
4216.902744 42.4345
4217.605620 42.4345
4218.308613 42.4345
4219.011723 42.4345
4219.714950 42.4345
4220.418294 42.4345
4221.121756 42.4345
4221.825335 42.4345
4222.529031 42.4345
4223.232845 42.4345
4223.936775 42.4345
4224.640824 42.4345
4225.344989 42.4345
4226.049272 42.4345
4226.753672 42.4345
4227.458190 42.4345
4228.162825 42.4345
4228.867577 42.4345
4229.572447 42.4345
4230.277435 42.4345
4230.982540 42.4345
4231.687762 42.4345
4232.393102 42.4345
4233.098560 42.4345
4233.804135 42.4345
4234.509828 42.4345
4235.215639 42.4345
4235.921567 42.4345
4236.627612 42.4345
4237.333776 42.4345
4238.040057 42.4345
4238.746456 42.4345
4239.452973 42.4345
4240.159607 42.4345
4240.866359 42.4345
4241.573229 42.4345
4242.280217 42.4345
4242.987322 42.4345
4243.694546 42.4345
4244.401887 42.4345
4245.109347 42.4345
4245.816924 42.4345
4246.524619 42.4345
4247.232432 42.4345
4247.940363 42.4345
4248.648412 42.4345
4249.356579 42.4345
4250.064864 42.4345
4250.773267 42.4345
4251.481789 42.4345
4252.190428 42.4345
4252.899186 42.4345
4253.608061 42.4345
4254.317055 42.4345
4255.026167 42.4345
4255.735397 42.4345
4256.444745 42.4345
4257.154212 42.4345
4257.863797 42.4345
4258.573500 42.4345
4259.283321 42.4345
4259.993261 42.4345
4260.703319 42.4345
4261.413495 42.4345
4262.123790 42.4345
4262.834203 42.4345
4263.544735 42.4345
4264.255385 42.4345
4264.966153 42.4345
4265.677040 42.4345
4266.388046 42.4345
4267.099170 42.4345
4267.810412 42.4345
4268.521773 42.4345
4269.233253 42.4345
4269.944851 42.4345
4270.656568 42.4345
4271.368403 42.4345
4272.080357 42.4345
4272.792430 42.4345
4273.504621 42.4345
4274.216931 42.4345
4274.929360 42.4345
4275.641908 42.4345
4276.354574 42.4345
4277.067359 42.4345
4277.780263 42.4345
4278.493286 42.4345
4279.206428 42.4345
4279.919688 42.4345
4280.633068 42.4345
4281.346566 42.4345
4282.060183 42.4345
4282.773919 42.4345
4283.487775 42.4345
4284.201749 42.4345
4284.915842 42.4345
4285.630054 42.4345
4286.344385 42.4345
4287.058835 42.4345
4287.773405 42.4345
4288.488093 42.4345
4289.202901 42.4345
4289.917828 42.4345
4290.632873 42.4345
4291.348039 42.4345
4292.063323 42.4345
4292.778726 42.4345
4293.494249 42.4345
4294.209891 42.4345
4294.925652 42.4345
4295.641533 42.4345
4296.357533 42.4345
4297.073652 42.4345
4297.789891 42.4345
4298.506249 42.4345
4299.222726 42.4345
4299.939323 42.4345
4300.656039 42.4345
4301.372875 42.4345
4302.089830 42.4345
4302.806905 42.4345
4303.524099 42.4345
4304.241413 42.4345
4304.958846 42.4345
4305.676399 42.4345
4306.394072 42.4345
4307.111864 42.4345
4307.829776 42.4345
4308.547807 42.4345
4309.265958 42.4345
4309.984229 42.4345
4310.702620 42.4345
4311.421130 42.4345
4312.139760 42.4345
4312.858510 42.4345
4313.577380 42.4345
4314.296369 42.4345
4315.015479 42.4345
4315.734708 42.4345
4316.454057 42.4345
4317.173526 42.4345
4317.893115 42.4345
4318.612823 42.4345
4319.332652 42.4345
4320.052601 42.4345
4320.772670 42.4345
4321.492859 42.4345
4322.213167 42.4345
4322.933596 42.4345
4323.654145 42.4345
4324.374814 42.4345
4325.095604 42.4345
4325.816513 42.4345
4326.537542 42.4345
4327.258692 42.4345
4327.979962 42.4345
4328.701352 42.4345
4329.422862 42.4345
4330.144493 42.4345
4330.866244 42.4345
4331.588115 42.4345
4332.310107 42.4345
4333.032219 42.4345
4333.754451 42.4345
4334.476803 42.4345
4335.199276 42.4345
4335.921870 42.4345
4336.644584 42.4345
4337.367418 42.4345
4338.090373 42.4345
4338.813448 42.4345
4339.536644 42.4345
4340.259960 42.4345
4340.983397 42.4345
4341.706955 42.4345
4342.430633 42.4345
4343.154432 42.4345
4343.878351 42.4345
4344.602391 42.4345
4345.326552 42.4345
4346.050833 42.4345
4346.775236 42.4345
4347.499758 42.4345
4348.224402 42.4345
4348.949167 42.4345
4349.674052 42.4345
4350.399058 42.4345
4351.124185 42.4345
4351.849433 42.4345
4352.574801 42.4345
4353.300291 42.4345
4354.025901 42.4345
4354.751633 42.4345
4355.477485 42.4345
4356.203459 42.4345
4356.929553 42.4345
4357.655769 42.4345
4358.382105 42.4345
4359.108563 42.4345
4359.835141 42.4345
4360.561841 42.4345
4361.288662 42.4345
4362.015604 42.4345
4362.742667 42.4345
4363.469851 42.4345
4364.197157 42.4345
4364.924584 42.4345
4365.652132 42.4345
4366.379801 42.4345
4367.107592 42.4345
4367.835504 42.4345
4368.563537 42.4345
4369.291692 42.4345
4370.019968 42.4345
4370.748365 42.4345
4371.476884 42.4345
4372.205524 42.4345
4372.934286 42.4345
4373.663169 42.4345
4374.392173 42.4345
4375.121299 42.4345
4375.850547 42.4345
4376.579916 42.4345
4377.309407 42.4345
4378.039019 42.4345
4378.768753 42.4345
4379.498609 42.4345
4380.228586 42.4345
4380.958685 42.4345
4381.688906 42.4345
4382.419248 42.4345
4383.149712 42.4345
4383.880298 42.4345
4384.611006 42.4345
4385.341835 42.4345
4386.072786 42.4345
4386.803859 42.4345
4387.535054 42.4345
4388.266371 42.4345
4388.997810 42.4345
4389.729370 42.4345
4390.461053 42.4345
4391.192857 42.4345
4391.924784 42.4345
4392.656832 42.4345
4393.389003 42.4345
4394.121295 42.4345
4394.853710 42.4345
4395.586247 42.4345
4396.318905 42.4345
4397.051686 42.4345
4397.784589 42.4345
4398.517614 42.4345
4399.250762 42.4345
4399.984031 42.4345
4400.717423 42.4345
4401.450937 42.4345
4402.184573 42.4345
4402.918332 42.4345
4403.652213 42.4345
4404.386216 42.4345
4405.120342 42.4345
4405.854590 42.4345
4406.588960 42.4345
4407.323453 42.4345
4408.058068 42.4345
4408.792805 42.4345
4409.527665 42.4345
4410.262648 42.4345
4410.997753 42.4345
4411.732980 42.4345
4412.468331 42.4345
4413.203803 42.4345
4413.939398 42.4345
4414.675116 42.4345
4415.410957 42.4345
4416.146920 42.4345
4416.883006 42.4345
4417.619214 42.4345
4418.355546 42.4345
4419.092000 42.4345
4419.828576 42.4345
4420.565276 42.4345
4421.302098 42.4345
4422.039043 42.4345
4422.776111 42.4345
4423.513302 42.4345
4424.250615 42.4345
4424.988052 42.4345
4425.725611 42.4345
4426.463294 42.4345
4427.201099 42.4345
4427.939028 42.4345
4428.677079 42.4345
4429.415253 42.4345
4430.153551 42.4345
4430.891971 42.4345
4431.630515 42.4345
4432.369181 42.4345
4433.107971 42.4345
4433.846884 42.4345
4434.585920 42.4345
4435.325079 42.4345
4436.064362 42.4345
4436.803767 42.4345
4437.543296 42.4345
4438.282949 42.4345
4439.022724 42.4345
4439.762623 42.4345
4440.502645 42.4345
4441.242790 42.4345
4441.983059 42.4345
4442.723451 42.4345
4443.463967 42.4345
4444.204606 42.4345
4444.945369 42.4345
4445.686255 42.4345
4446.427264 42.4345
4447.168397 42.4345
4447.909653 42.4345
4448.651033 42.4345
4449.392537 42.4345
4450.134164 42.4345
4450.875915 42.4345
4451.617790 42.4345
4452.359788 42.4345
4453.101910 42.4345
4453.844155 42.4345
4454.586524 42.4345
4455.329017 42.4345
4456.071634 42.4345
4456.814374 42.4345
4457.557239 42.4345
4458.300227 42.4345
4459.043339 42.4345
4459.786575 42.4345
4460.529934 42.4345
4461.273418 42.4345
4462.017026 42.4345
4462.760757 42.4345
4463.504612 42.4345
4464.248592 42.4345
4464.992695 42.4345
4465.736923 42.4345
4466.481274 42.4345
4467.225750 42.4345
4467.970350 42.4345
4468.715073 42.4345
4469.459921 42.4345
4470.204893 42.4345
4470.949990 42.4345
4471.695210 42.4345
4472.440555 42.4345
4473.186024 42.4345
4473.931617 42.4345
4474.677334 42.4345
4475.423176 42.4345
4476.169142 42.4345
4476.915232 42.4345
4477.661447 42.4345
4478.407786 42.4345
4479.154250 42.4345
4479.900837 42.4345
4480.647550 42.4345
4481.394387 42.4345
4482.141348 42.4345
4482.888434 42.4345
4483.635644 42.4345
4484.382979 42.4345
4485.130438 42.4345
4485.878022 42.4345
4486.625731 42.4345
4487.373564 42.4345
4488.121522 42.4345
4488.869605 42.4345
4489.617812 42.4345
4490.366144 42.4345
4491.114601 42.4345
4491.863182 42.4345
4492.611889 42.4345
4493.360720 42.4345
4494.109676 42.4345
4494.858756 42.4345
4495.607962 42.4345
4496.357292 42.4345
4497.106748 42.4345
4497.856328 42.4345
4498.606033 42.4345
4499.355863 42.4345
4500.105818 42.4345
4500.855898 42.4345
4501.606104 42.4345
4502.356434 42.4345
4503.106889 42.4345
4503.857469 42.4345
4504.608175 42.4345
4505.359006 42.4345
4506.109961 42.4345
4506.861042 42.4345
4507.612248 42.4345
4508.363580 42.4345
4509.115036 42.4345
4509.866618 42.4345
4510.618325 42.4345
4511.370157 42.4345
4512.122115 42.4345
4512.874198 42.4345
4513.626406 42.4345
4514.378740 42.4345
4515.131199 42.4345
4515.883784 42.4345
4516.636494 42.4345
4517.389330 42.4345
4518.142290 42.4345
4518.895377 42.4345
4519.648589 42.4345
4520.401926 42.4345
4521.155390 42.4345
4521.908978 42.4345
4522.662693 42.4345
4523.416533 42.4345
4524.170498 42.4345
4524.924589 42.4345
4525.678806 42.4345
4526.433149 42.4345
4527.187617 42.4345
4527.942212 42.4345
4528.696931 42.4345
4529.451777 42.4345
4530.206749 42.4345
4530.961846 42.4345
4531.717069 42.4345
4532.472418 42.4345
4533.227893 42.4345
4533.983494 42.4345
4534.739221 42.4345
4535.495074 42.4345
4536.251053 42.4345
4537.007158 42.4345
4537.763389 42.4345
4538.519746 42.4345
4539.276229 42.4345
4540.032838 42.4345
4540.789573 42.4345
4541.546434 42.4345
4542.303422 42.4345
4543.060535 42.4345
4543.817775 42.4345
4544.575141 42.4345
4545.332634 42.4345
4546.090252 42.4345
4546.847997 42.4345
4547.605868 42.4345
4548.363866 42.4345
4549.121990 42.4345
4549.880240 42.4345
4550.638616 42.4345
4551.397119 42.4345
4552.155749 42.4345
4552.914505 42.4345
4553.673387 42.4345
4554.432396 42.4345
4555.191531 42.4345
4555.950793 42.4345
4556.710181 42.4345
4557.469696 42.4345
4558.229338 42.4345
4558.989106 42.4345
4559.749001 42.4345
4560.509022 42.4345
4561.269171 42.4345
4562.029445 42.4345
4562.789847 42.4345
4563.550375 42.4345
4564.311031 42.4345
4565.071812 42.4345
4565.832721 42.4345
4566.593757 42.4345
4567.354919 42.4345
4568.116208 42.4345
4568.877624 42.4345
4569.639168 42.4345
4570.400838 42.4345
4571.162634 42.4345
4571.924558 42.4345
4572.686609 42.4345
4573.448787 42.4345
4574.211092 42.4345
4574.973524 42.4345
4575.736083 42.4345
4576.498770 42.4345
4577.261583 42.4345
4578.024524 42.4345
4578.787591 42.4345
4579.550786 42.4345
4580.314108 42.4345
4581.077557 42.4345
4581.841134 42.4345
4582.604838 42.4345
4583.368669 42.4345
4584.132627 42.4345
4584.896713 42.4345
4585.660926 42.4345
4586.425267 42.4345
4587.189735 42.4345
4587.954330 42.4345
4588.719053 42.4345
4589.483903 42.4345
4590.248881 42.4345
4591.013986 42.4345
4591.779219 42.4345
4592.544579 42.4345
4593.310067 42.4345
4594.075683 42.4345
4594.841426 42.4345
4595.607296 42.4345
4596.373295 42.4345
4597.139421 42.4345
4597.905675 42.4345
4598.672056 42.4345
4599.438565 42.4345
4600.205202 42.4345
4600.971967 42.4345
4601.738860 42.4345
4602.505880 42.4345
4603.273028 42.4345
4604.040304 42.4345
4604.807708 42.4345
4605.575240 42.4345
4606.342900 42.4345
4607.110688 42.4345
4607.878604 42.4345
4608.646647 42.4345
4609.414819 42.4345
4610.183119 42.4345
4610.951547 42.4345
4611.720103 42.4345
4612.488787 42.4345
4613.257599 42.4345
4614.026539 42.4345
4614.795608 42.4345
4615.564805 42.4345
4616.334130 42.4345
4617.103583 42.4345
4617.873164 42.4345
4618.642874 42.4345
4619.412712 42.4345
4620.182678 42.4345
4620.952773 42.4345
4621.722996 42.4345
4622.493347 42.4345
4623.263827 42.4345
4624.034435 42.4345
4624.805172 42.4345
4625.576037 42.4345
4626.347030 42.4345
4627.118152 42.4345
4627.889403 42.4345
4628.660782 42.4345
4629.432290 42.4345
4630.203926 42.4345
4630.975691 42.4345
4631.747585 42.4345
4632.519607 42.4345
4633.291758 42.4345
4634.064038 42.4345
4634.836446 42.4345
4635.608983 42.4345
4636.381649 42.4345
4637.154444 42.4345
4637.927367 42.4345
4638.700420 42.4345
4639.473601 42.4345
4640.246911 42.4345
4641.020350 42.4345
4641.793918 42.4345
4642.567614 42.4345
4643.341440 42.4345
4644.115395 42.4345
4644.889479 42.4345
4645.663691 42.4345
4646.438033 42.4345
4647.212504 42.4345
4647.987104 42.4345
4648.761833 42.4345
4649.536691 42.4345
4650.311679 42.4345
4651.086795 42.4345
4651.862041 42.4345
4652.637416 42.4345
4653.412920 42.4345
4654.188553 42.4345
4654.964316 42.4345
4655.740208 42.4345
4656.516230 42.4345
4657.292380 42.4345
4658.068660 42.4345
4658.845070 42.4345
4659.621609 42.4345
4660.398277 42.4345
4661.175075 42.4345
4661.952002 42.4345
4662.729059 42.4345
4663.506245 42.4345
4664.283561 42.4345
4665.061006 42.4345
4665.838581 42.4345
4666.616286 42.4345
4667.394120 42.4345
4668.172084 42.4345
4668.950177 42.4345
4669.728401 42.4345
4670.506754 42.4345
4671.285236 42.4345
4672.063849 42.4345
4672.842591 42.4345
4673.621463 42.4345
4674.400465 42.4345
4675.179596 42.4345
4675.958858 42.4345
4676.738249 42.4345
4677.517771 42.4345
4678.297422 42.4345
4679.077203 42.4345
4679.857114 42.4345
4680.637156 42.4345
4681.417327 42.4345
4682.197628 42.4345
4682.978059 42.4345
4683.758621 42.4345
4684.539312 42.4345
4685.320134 42.4345
4686.101086 42.4345
4686.882168 42.4345
4687.663380 42.4345
4688.444722 42.4345
4689.226195 42.4345
4690.007797 42.4345
4690.789530 42.4345
4691.571394 42.4345
4692.353388 42.4345
4693.135512 42.4345
4693.917766 42.4345
4694.700151 42.4345
4695.482666 42.4345
4696.265312 42.4345
4697.048088 42.4345
4697.830995 42.4345
4698.614032 42.4345
4699.397199 42.4345
4700.180497 42.4345
4700.963926 42.4345
4701.747485 42.4345
4702.531175 42.4345
4703.314996 42.4345
4704.098947 42.4345
4704.883029 42.4345
4705.667241 42.4345
4706.451585 42.4345
4707.236058 42.4345
4708.020663 42.4345
4708.805399 42.4345
4709.590265 42.4345
4710.375262 42.4345
4711.160390 42.4345
4711.945649 42.4345
4712.731039 42.4345
4713.516559 42.4345
4714.302211 42.4345
4715.087993 42.4345
4715.873907 42.4345
4716.659951 42.4345
4717.446127 42.4345
4718.232433 42.4345
4719.018871 42.4345
4719.805440 42.4345
4720.592139 42.4345
4721.378970 42.4345
4722.165933 42.4345
4722.953026 42.4345
4723.740250 42.4345
4724.527606 42.4345
4725.315093 42.4345
4726.102711 42.4345
4726.890460 42.4345
4727.678341 42.4345
4728.466353 42.4345
4729.254496 42.4345
4730.042771 42.4345
4730.831177 42.4345
4731.619715 42.4345
4732.408384 42.4345
4733.197184 42.4345
4733.986116 42.4345
4734.775180 42.4345
4735.564375 42.4345
4736.353701 42.4345
4737.143159 42.4345
4737.932749 42.4345
4738.722470 42.4345
4739.512323 42.4345
4740.302308 42.4345
4741.092424 42.4345
4741.882672 42.4345
4742.673052 42.4345
4743.463563 42.4345
4744.254206 42.4345
4745.044981 42.4345
4745.835888 42.4345
4746.626926 42.4345
4747.418097 42.4345
4748.209399 42.4345
4749.000833 42.4345
4749.792399 42.4345
4750.584097 42.4345
4751.375927 42.4345
4752.167889 42.4345
4752.959983 42.4345
4753.752209 42.4345
4754.544567 42.4345
4755.337058 42.4345
4756.129680 42.4345
4756.922434 42.4345
4757.715321 42.4345
4758.508339 42.4345
4759.301490 42.4345
4760.094773 42.4345
4760.888188 42.4345
4761.681736 42.4345
4762.475416 42.4345
4763.269228 42.4345
4764.063172 42.4345
4764.857249 42.4345
4765.651458 42.4345
4766.445799 42.4345
4767.240273 42.4345
4768.034879 42.4345
4768.829618 42.4345
4769.624489 42.4345
4770.419493 42.4345
4771.214629 42.4345
4772.009898 42.4345
4772.805299 42.4345
4773.600833 42.4345
4774.396499 42.4345
4775.192298 42.4345
4775.988230 42.4345
4776.784294 42.4345
4777.580491 42.4345
4778.376821 42.4345
4779.173284 42.4345
4779.969879 42.4345
4780.766607 42.4345
4781.563468 42.4345
4782.360462 42.4345
4783.157588 42.4345
4783.954847 42.4345
4784.752240 42.4345
4785.549765 42.4345
4786.347423 42.4345
4787.145214 42.4345
4787.943138 42.4345
4788.741195 42.4345
4789.539385 42.4345
4790.337708 42.4345
4791.136164 42.4345
4791.934754 42.4345
4792.733476 42.4345
4793.532331 42.4345
4794.331320 42.4345
4795.130442 42.4345
4795.929697 42.4345
4796.729085 42.4345
4797.528607 42.4345
4798.328261 42.4345
4799.128049 42.4345
4799.927971 42.4345
4800.728025 42.4345
4801.528213 42.4345
4802.328535 42.4345
4803.128989 42.4345
4803.929578 42.4345
4804.730299 42.4345
4805.531154 42.4345
4806.332143 42.4345
4807.133265 42.4345
4807.934521 42.4345
4808.735910 42.4345
4809.537433 42.4345
4810.339089 42.4345
4811.140879 42.4345
4811.942803 42.4345
4812.744860 42.4345
4813.547051 42.4345
4814.349376 42.4345
4815.151834 42.4345
4815.954426 42.4345
4816.757152 42.4345
4817.560012 42.4345
4818.363006 42.4345
4819.166133 42.4345
4819.969394 42.4345
4820.772790 42.4345
4821.576319 42.4345
4822.379982 42.4345
4823.183779 42.4345
4823.987710 42.4345
4824.791775 42.4345
4825.595974 42.4345
4826.400307 42.4345
4827.204774 42.4345
4828.009375 42.4345
4828.814110 42.4345
4829.618980 42.4345
4830.423983 42.4345
4831.229121 42.4345
4832.034393 42.4345
4832.839799 42.4345
4833.645340 42.4345
4834.451014 42.4345
4835.256823 42.4345
4836.062767 42.4345
4836.868844 42.4345
4837.675056 42.4345
4838.481402 42.4345
4839.287883 42.4345
4840.094498 42.4345
4840.901248 42.4345
4841.708132 42.4345
4842.515151 42.4345
4843.322304 42.4345
4844.129592 42.4345
4844.937014 42.4345
4845.744571 42.4345
4846.552262 42.4345
4847.360088 42.4345
4848.168049 42.4345
4848.976144 42.4345
4849.784374 42.4345
4850.592739 42.4345
4851.401238 42.4345
4852.209873 42.4345
4853.018642 42.4345
4853.827546 42.4345
4854.636584 42.4345
4855.445758 42.4345
4856.255066 42.4345
4857.064509 42.4345
4857.874088 42.4345
4858.683801 42.4345
4859.493649 42.4345
4860.303632 42.4345
4861.113750 42.4345
4861.924003 42.4345
4862.734391 42.4345
4863.544915 42.4345
4864.355573 42.4345
4865.166367 42.4345
4865.977295 42.4345
4866.788359 42.4345
4867.599558 42.4345
4868.410892 42.4345
4869.222362 42.4345
4870.033966 42.4345
4870.845706 42.4345
4871.657582 42.4345
4872.469592 42.4345
4873.281738 42.4345
4874.094019 42.4345
4874.906436 42.4345
4875.718988 42.4345
4876.531676 42.4345
4877.344499 42.4345
4878.157457 42.4345
4878.970551 42.4345
4879.783781 42.4345
4880.597146 42.4345
4881.410647 42.4345
4882.224283 42.4345
4883.038055 42.4345
4883.851962 42.4345
4884.666005 42.4345
4885.480184 42.4345
4886.294499 42.4345
4887.108949 42.4345
4887.923535 42.4345
4888.738257 42.4345
4889.553114 42.4345
4890.368108 42.4345
4891.183237 42.4345
4891.998502 42.4345
4892.813903 42.4345
4893.629440 42.4345
4894.445113 42.4345
4895.260922 42.4345
4896.076867 42.4345
4896.892948 42.4345
4897.709164 42.4345
4898.525517 42.4345
4899.342006 42.4345
4900.158631 42.4345
4900.975393 42.4345
4901.792290 42.4345
4902.609323 42.4345
4903.426493 42.4345
4904.243799 42.4345
4905.061241 42.4345
4905.878819 42.4345
4906.696534 42.4345
4907.514385 42.4345
4908.332372 42.4345
4909.150496 42.4345
4909.968756 42.4345
4910.787152 42.4345
4911.605685 42.4345
4912.424354 42.4345
4913.243159 42.4345
4914.062101 42.4345
4914.881180 42.4345
4915.700395 42.4345
4916.519747 42.4345
4917.339235 42.4345
4918.158860 42.4345
4918.978621 42.4345
4919.798520 42.4345
4920.618554 42.4345
4921.438726 42.4345
4922.259034 42.4345
4923.079479 42.4345
4923.900060 42.4345
4924.720779 42.4345
4925.541634 42.4345
4926.362626 42.4345
4927.183755 42.4345
4928.005021 42.4345
4928.826423 42.4345
4929.647963 42.4345
4930.469639 42.4345
4931.291453 42.4345
4932.113403 42.4345
4932.935490 42.4345
4933.757715 42.4345
4934.580076 42.4345
4935.402575 42.4345
4936.225211 42.4345
4937.047983 42.4345
4937.870893 42.4345
4938.693940 42.4345
4939.517125 42.4345
4940.340446 42.4345
4941.163905 42.4345
4941.987501 42.4345
4942.811234 42.4345
4943.635104 42.4345
4944.459112 42.4345
4945.283257 42.4345
4946.107540 42.4345
4946.931960 42.4345
4947.756517 42.4345
4948.581212 42.4345
4949.406044 42.4345
4950.231014 42.4345
4951.056121 42.4345
4951.881366 42.4345
4952.706749 42.4345
4953.532268 42.4345
4954.357926 42.4345
4955.183721 42.4345
4956.009654 42.4345
4956.835724 42.4345
4957.661932 42.4345
4958.488278 42.4345
4959.314762 42.4345
4960.141383 42.4345
4960.968142 42.4345
4961.795039 42.4345
4962.622074 42.4345
4963.449247 42.4345
4964.276557 42.4345
4965.104006 42.4345
4965.931592 42.4345
4966.759316 42.4345
4967.587178 42.4345
4968.415178 42.4345
4969.243317 42.4345
4970.071593 42.4345
4970.900007 42.4345
4971.728560 42.4345
4972.557250 42.4345
4973.386079 42.4345
4974.215045 42.4345
4975.044150 42.4345
4975.873393 42.4345
4976.702775 42.4345
4977.532294 42.4345
4978.361952 42.4345
4979.191748 42.4345
4980.021683 42.4345
4980.851756 42.4345
4981.681967 42.4345
4982.512316 42.4345
4983.342804 42.4345
4984.173431 42.4345
4985.004195 42.4345
4985.835099 42.4345
4986.666140 42.4345
4987.497321 42.4345
4988.328640 42.4345
4989.160097 42.4345
4989.991693 42.4345
4990.823427 42.4345
4991.655301 42.4345
4992.487313 42.4345
4993.319463 42.4345
4994.151752 42.4345
4994.984180 42.4345
4995.816747 42.4345
4996.649453 42.4345
4997.482297 42.4345
4998.315280 42.4345
4999.148402 42.4345
4999.981663 42.4345
5000.815063 42.4345
5001.648601 42.4345
5002.482279 42.4345
5003.316095 42.4345
5004.150051 42.4345
5004.984145 42.4345
5005.818379 42.4345
5006.652752 42.4345
5007.487263 42.4345
5008.321914 42.4345
5009.156704 42.4345
5009.991633 42.4345
5010.826701 42.4345
5011.661908 42.4345
5012.497255 42.4345
5013.332741 42.4345
5014.168366 42.4345
5015.004130 42.4345
5015.840034 42.4345
5016.676077 42.4345
5017.512259 42.4345
5018.348581 42.4345
5019.185042 42.4345
5020.021643 42.4345
5020.858383 42.4345
5021.695262 42.4345
5022.532281 42.4345
5023.369440 42.4345
5024.206738 42.4345
5025.044175 42.4345
5025.881752 42.4345
5026.719469 42.4345
5027.557326 42.4345
5028.395322 42.4345
5029.233457 42.4345
5030.071733 42.4345
5030.910148 42.4345
5031.748703 42.4345
5032.587398 42.4345
5033.426232 42.4345
5034.265206 42.4345
5035.104320 42.4345
5035.943574 42.4345
5036.782968 42.4345
5037.622502 42.4345
5038.462176 42.4345
5039.301989 42.4345
5040.141943 42.4345
5040.982037 42.4345
5041.822271 42.4345
5042.662644 42.4345
5043.503158 42.4345
5044.343812 42.4345
5045.184606 42.4345
5046.025540 42.4345
5046.866615 42.4345
5047.707829 42.4345
5048.549184 42.4345
5049.390679 42.4345
5050.232314 42.4345
5051.074090 42.4345
5051.916005 42.4345
5052.758062 42.4345
5053.600258 42.4345
5054.442595 42.4345
5055.285072 42.4345
5056.127690 42.4345
5056.970448 42.4345
5057.813347 42.4345
5058.656386 42.4345
5059.499566 42.4345
5060.342886 42.4345
5061.186347 42.4345
5062.029948 42.4345
5062.873690 42.4345
5063.717573 42.4345
5064.561596 42.4345
5065.405760 42.4345
5066.250064 42.4345
5067.094510 42.4345
5067.939096 42.4345
5068.783823 42.4345
5069.628691 42.4345
5070.473699 42.4345
5071.318848 42.4345
5072.164139 42.4345
5073.009570 42.4345
5073.855142 42.4345
5074.700855 42.4345
5075.546709 42.4345
5076.392704 42.4345
5077.238840 42.4345
5078.085117 42.4345
5078.931535 42.4345
5079.778094 42.4345
5080.624794 42.4345
5081.471636 42.4345
5082.318618 42.4345
5083.165742 42.4345
5084.013007 42.4345
5084.860413 42.4345
5085.707960 42.4345
5086.555649 42.4345
5087.403479 42.4345
5088.251450 42.4345
5089.099563 42.4345
5089.947816 42.4345
5090.796212 42.4345
5091.644749 42.4345
5092.493427 42.4345
5093.342246 42.4345
5094.191208 42.4345
5095.040310 42.4345
5095.889554 42.4345
5096.738940 42.4345
5097.588467 42.4345
5098.438136 42.4345
5099.287947 42.4345
5100.137899 42.4345
5100.987993 42.4345
5101.838228 42.4345
5102.688605 42.4345
5103.539124 42.4345
5104.389785 42.4345
5105.240588 42.4345
5106.091532 42.4345
5106.942618 42.4345
5107.793846 42.4345
5108.645216 42.4345
5109.496728 42.4345
5110.348382 42.4345
5111.200177 42.4345
5112.052115 42.4345
5112.904195 42.4345
5113.756416 42.4345
5114.608780 42.4345
5115.461286 42.4345
5116.313934 42.4345
5117.166724 42.4345
5118.019656 42.4345
5118.872731 42.4345
5119.725947 42.4345
5120.579306 42.4345
5121.432807 42.4345
5122.286450 42.4345
5123.140236 42.4345
5123.994164 42.4345
5124.848234 42.4345
5125.702446 42.4345
5126.556801 42.4345
5127.411299 42.4345
5128.265938 42.4345
5129.120721 42.4345
5129.975645 42.4345
5130.830713 42.4345
5131.685922 42.4345
5132.541275 42.4345
5133.396769 42.4345
5134.252407 42.4345
5135.108187 42.4345
5135.964110 42.4345
5136.820175 42.4345
5137.676383 42.4345
5138.532734 42.4345
5139.389227 42.4345
5140.245863 42.4345
5141.102642 42.4345
5141.959564 42.4345
5142.816629 42.4345
5143.673837 42.4345
5144.531187 42.4345
5145.388680 42.4345
5146.246317 42.4345
5147.104096 42.4345
5147.962018 42.4345
5148.820083 42.4345
5149.678291 42.4345
5150.536643 42.4345
5151.395137 42.4345
5152.253774 42.4345
5153.112555 42.4345
5153.971478 42.4345
5154.830545 42.4345
5155.689755 42.4345
5156.549109 42.4345
5157.408605 42.4345
5158.268245 42.4345
5159.128028 42.4345
5159.987954 42.4345
5160.848024 42.4345
5161.708237 42.4345
5162.568593 42.4345
5163.429093 42.4345
5164.289736 42.4345
5165.150523 42.4345
5166.011453 42.4345
5166.872527 42.4345
5167.733744 42.4345
5168.595105 42.4345
5169.456609 42.4345
5170.318257 42.4345
5171.180048 42.4345
5172.041984 42.4345
5172.904062 42.4345
5173.766285 42.4345
5174.628651 42.4345
5175.491161 42.4345
5176.353815 42.4345
5177.216612 42.4345
5178.079554 42.4345
5178.942639 42.4345
5179.805868 42.4345
5180.669241 42.4345
5181.532758 42.4345
5182.396419 42.4345
5183.260223 42.4345
5184.124172 42.4345
5184.988265 42.4345
5185.852501 42.4345
5186.716882 42.4345
5187.581407 42.4345
5188.446076 42.4345
5189.310889 42.4345
5190.175846 42.4345
5191.040948 42.4345
5191.906193 42.4345
5192.771583 42.4345
5193.637117 42.4345
5194.502795 42.4345
5195.368618 42.4345
5196.234585 42.4345
5197.100696 42.4345
5197.966952 42.4345
5198.833352 42.4345
5199.699896 42.4345
5200.566585 42.4345
5201.433419 42.4345
5202.300396 42.4345
5203.167519 42.4345
5204.034786 42.4345
5204.902197 42.4345
5205.769753 42.4345
5206.637454 42.4345
5207.505299 42.4345
5208.373289 42.4345
5209.241423 42.4345
5210.109702 42.4345
5210.978126 42.4345
5211.846695 42.4345
5212.715409 42.4345
5213.584267 42.4345
5214.453270 42.4345
5215.322418 42.4345
5216.191711 42.4345
5217.061149 42.4345
5217.930731 42.4345
5218.800459 42.4345
5219.670331 42.4345
5220.540349 42.4345
5221.410512 42.4345
5222.280819 42.4345
5223.151272 42.4345
5224.021870 42.4345
5224.892613 42.4345
5225.763501 42.4345
5226.634534 42.4345
5227.505712 42.4345
5228.377036 42.4345
5229.248504 42.4345
5230.120118 42.4345
5230.991878 42.4345
5231.863782 42.4345
5232.735832 42.4345
5233.608028 42.4345
5234.480368 42.4345
5235.352854 42.4345
5236.225486 42.4345
5237.098263 42.4345
5237.971185 42.4345
5238.844253 42.4345
5239.717467 42.4345
5240.590826 42.4345
5241.464330 42.4345
5242.337981 42.4345
5243.211777 42.4345
5244.085718 42.4345
5244.959805 42.4345
5245.834038 42.4345
5246.708416 42.4345
5247.582941 42.4345
5248.457611 42.4345
5249.332427 42.4345
5250.207388 42.4345
5251.082496 42.4345
5251.957749 42.4345
5252.833148 42.4345
5253.708693 42.4345
5254.584385 42.4345
5255.460222 42.4345
5256.336205 42.4345
5257.212334 42.4345
5258.088609 42.4345
5258.965030 42.4345
5259.841597 42.4345
5260.718310 42.4345
5261.595170 42.4345
5262.472176 42.4345
5263.349327 42.4345
5264.226625 42.4345
5265.104070 42.4345
5265.981660 42.4345
5266.859397 42.4345
5267.737280 42.4345
5268.615309 42.4345
5269.493485 42.4345
5270.371807 42.4345
5271.250276 42.4345
5272.128890 42.4345
5273.007652 42.4345
5273.886560 42.4345
5274.765614 42.4345
5275.644815 42.4345
5276.524162 42.4345
5277.403656 42.4345
5278.283297 42.4345
5279.163084 42.4345
5280.043018 42.4345
5280.923098 42.4345
5281.803326 42.4345
5282.683700 42.4345
5283.564220 42.4345
5284.444888 42.4345
5285.325702 42.4345
5286.206663 42.4345
5287.087771 42.4345
5287.969025 42.4345
5288.850427 42.4345
5289.731976 42.4345
5290.613671 42.4345
5291.495513 42.4345
5292.377503 42.4345
5293.259639 42.4345
5294.141923 42.4345
5295.024353 42.4345
5295.906931 42.4345
5296.789656 42.4345
5297.672527 42.4345
5298.555546 42.4345
5299.438713 42.4345
5300.322026 42.4345
5301.205487 42.4345
5302.089095 42.4345
5302.972850 42.4345
5303.856752 42.4345
5304.740802 42.4345
5305.624999 42.4345
5306.509344 42.4345
5307.393836 42.4345
5308.278475 42.4345
5309.163262 42.4345
5310.048196 42.4345
5310.933278 42.4345
5311.818507 42.4345
5312.703884 42.4345
5313.589408 42.4345
5314.475080 42.4345
5315.360900 42.4345
5316.246867 42.4345
5317.132982 42.4345
5318.019245 42.4345
5318.905656 42.4345
5319.792214 42.4345
5320.678920 42.4345
5321.565773 42.4345
5322.452775 42.4345
5323.339924 42.4345
5324.227222 42.4345
5325.114667 42.4345
5326.002260 42.4345
5326.890001 42.4345
5327.777890 42.4345
5328.665927 42.4345
5329.554112 42.4345
5330.442445 42.4345
5331.330926 42.4345
5332.219555 42.4345
5333.108332 42.4345
5333.997258 42.4345
5334.886332 42.4345
5335.775553 42.4345
5336.664923 42.4345
5337.554442 42.4345
5338.444108 42.4345
5339.333923 42.4345
5340.223886 42.4345
5341.113998 42.4345
5342.004258 42.4345
5342.894666 42.4345
5343.785222 42.4345
5344.675928 42.4345
5345.566781 42.4345
5346.457783 42.4345
5347.348934 42.4345
5348.240233 42.4345
5349.131680 42.4345
5350.023277 42.4345
5350.915022 42.4345
5351.806915 42.4345
5352.698957 42.4345
5353.591148 42.4345
5354.483488 42.4345
5355.375976 42.4345
5356.268613 42.4345
5357.161399 42.4345
5358.054333 42.4345
5358.947417 42.4345
5359.840649 42.4345
5360.734030 42.4345
5361.627561 42.4345
5362.521240 42.4345
5363.415068 42.4345
5364.309045 42.4345
5365.203171 42.4345
5366.097446 42.4345
5366.991870 42.4345
5367.886443 42.4345
5368.781165 42.4345
5369.676037 42.4345
5370.571057 42.4345
5371.466227 42.4345
5372.361546 42.4345
5373.257014 42.4345
5374.152632 42.4345
5375.048399 42.4345
5375.944315 42.4345
5376.840380 42.4345
5377.736595 42.4345
5378.632959 42.4345
5379.529472 42.4345
5380.426135 42.4345
5381.322948 42.4345
5382.219910 42.4345
5383.117021 42.4345
5384.014282 42.4345
5384.911692 42.4345
5385.809253 42.4345
5386.706962 42.4345
5387.604822 42.4345
5388.502831 42.4345
5389.400989 42.4345
5390.299298 42.4345
5391.197756 42.4345
5392.096363 42.4345
5392.995121 42.4345
5393.894029 42.4345
5394.793086 42.4345
5395.692293 42.4345
5396.591650 42.4345
5397.491157 42.4345
5398.390814 42.4345
5399.290620 42.4345
5400.190577 42.4345
5401.090684 42.4345
5401.990941 42.4345
5402.891348 42.4345
5403.791905 42.4345
5404.692612 42.4345
5405.593469 42.4345
5406.494476 42.4345
5407.395634 42.4345
5408.296941 42.4345
5409.198399 42.4345
5410.100007 42.4345
5411.001766 42.4345
5411.903675 42.4345
5412.805734 42.4345
5413.707943 42.4345
5414.610303 42.4345
5415.512813 42.4345
5416.415474 42.4345
5417.318285 42.4345
5418.221247 42.4345
5419.124359 42.4345
5420.027622 42.4345
5420.931035 42.4345
5421.834599 42.4345
5422.738313 42.4345
5423.642178 42.4345
5424.546194 42.4345
5425.450360 42.4345
5426.354677 42.4345
5427.259145 42.4345
5428.163764 42.4345
5429.068533 42.4345
5429.973453 42.4345
5430.878524 42.4345
5431.783746 42.4345
5432.689119 42.4345
5433.594642 42.4345
5434.500317 42.4345
5435.406142 42.4345
5436.312119 42.4345
5437.218247 42.4345
5438.124525 42.4345
5439.030955 42.4345
5439.937535 42.4345
5440.844267 42.4345
5441.751150 42.4345
5442.658184 42.4345
5443.565370 42.4345
5444.472706 42.4345
5445.380194 42.4345
5446.287833 42.4345
5447.195623 42.4345
5448.103565 42.4345
5449.011658 42.4345
5449.919902 42.4345
5450.828298 42.4345
5451.736845 42.4345
5452.645543 42.4345
5453.554393 42.4345
5454.463395 42.4345
5455.372548 42.4345
5456.281852 42.4345
5457.191308 42.4345
5458.100916 42.4345
5459.010675 42.4345
5459.920586 42.4345
5460.830649 42.4345
5461.740863 42.4345
5462.651229 42.4345
5463.561747 42.4345
5464.472416 42.4345
5465.383238 42.4345
5466.294211 42.4345
5467.205336 42.4345
5468.116613 42.4345
5469.028041 42.4345
5469.939622 42.4345
5470.851355 42.4345
5471.763239 42.4345
5472.675276 42.4345
5473.587464 42.4345
5474.499805 42.4345
5475.412298 42.4345
5476.324942 42.4345
5477.237739 42.4345
5478.150688 42.4345
5479.063789 42.4345
5479.977043 42.4345
5480.890448 42.4345
5481.804006 42.4345
5482.717716 42.4345
5483.631579 42.4345
5484.545594 42.4345
5485.459761 42.4345
5486.374080 42.4345
5487.288552 42.4345
5488.203176 42.4345
5489.117953 42.4345
5490.032882 42.4345
5490.947964 42.4345
5491.863198 42.4345
5492.778585 42.4345
5493.694125 42.4345
5494.609817 42.4345
5495.525661 42.4345
5496.441658 42.4345
5497.357808 42.4345
5498.274111 42.4345
5499.190566 42.4345
5500.107175 42.4345
5501.023936 42.4345
5501.940849 42.4345
5502.857916 42.4345
5503.775135 42.4345
5504.692508 42.4345
5505.610033 42.4345
5506.527711 42.4345
5507.445542 42.4345
5508.363526 42.4345
5509.281663 42.4345
5510.199953 42.4345
5511.118397 42.4345
5512.036993 42.4345
5512.955742 42.4345
5513.874645 42.4345
5514.793700 42.4345
5515.712909 42.4345
5516.632271 42.4345
5517.551787 42.4345
5518.471455 42.4345
5519.391277 42.4345
5520.311252 42.4345
5521.231381 42.4345
5522.151663 42.4345
5523.072098 42.4345
5523.992687 42.4345
5524.913429 42.4345
5525.834325 42.4345
5526.755374 42.4345
5527.676577 42.4345
5528.597933 42.4345
5529.519443 42.4345
5530.441106 42.4345
5531.362923 42.4345
5532.284894 42.4345
5533.207018 42.4345
5534.129296 42.4345
5535.051728 42.4345
5535.974313 42.4345
5536.897052 42.4345
5537.819946 42.4345
5538.742992 42.4345
5539.666193 42.4345
5540.589548 42.4345
5541.513056 42.4345
5542.436719 42.4345
5543.360535 42.4345
5544.284506 42.4345
5545.208630 42.4345
5546.132909 42.4345
5547.057341 42.4345
5547.981928 42.4345
5548.906668 42.4345
5549.831563 42.4345
5550.756612 42.4345
5551.681816 42.4345
5552.607173 42.4345
5553.532685 42.4345
5554.458351 42.4345
5555.384171 42.4345
5556.310145 42.4345
5557.236274 42.4345
5558.162557 42.4345
5559.088995 42.4345
5560.015587 42.4345
5560.942334 42.4345
5561.869234 42.4345
5562.796290 42.4345
5563.723500 42.4345
5564.650864 42.4345
5565.578384 42.4345
5566.506057 42.4345
5567.433886 42.4345
5568.361869 42.4345
5569.290006 42.4345
5570.218299 42.4345
5571.146746 42.4345
5572.075347 42.4345
5573.004104 42.4345
5573.933016 42.4345
5574.862082 42.4345
5575.791303 42.4345
5576.720679 42.4345
5577.650210 42.4345
5578.579896 42.4345
5579.509736 42.4345
5580.439732 42.4345
5581.369883 42.4345
5582.300189 42.4345
5583.230650 42.4345
5584.161266 42.4345
5585.092037 42.4345
5586.022963 42.4345
5586.954045 42.4345
5587.885281 42.4345
5588.816673 42.4345
5589.748220 42.4345
5590.679922 42.4345
5591.611780 42.4345
5592.543793 42.4345
5593.475961 42.4345
5594.408285 42.4345
5595.340764 42.4345
5596.273399 42.4345
5597.206189 42.4345
5598.139134 42.4345
5599.072235 42.4345
5600.005491 42.4345
5600.938903 42.4345
5601.872471 42.4345
5602.806194 42.4345
5603.740073 42.4345
5604.674108 42.4345
5605.608298 42.4345
5606.542644 42.4345
5607.477145 42.4345
5608.411803 42.4345
5609.346616 42.4345
5610.281585 42.4345
5611.216710 42.4345
5612.151991 42.4345
5613.087427 42.4345
5614.023020 42.4345
5614.958768 42.4345
5615.894673 42.4345
5616.830733 42.4345
5617.766950 42.4345
5618.703322 42.4345
5619.639851 42.4345
5620.576535 42.4345
5621.513376 42.4345
5622.450373 42.4345
5623.387526 42.4345
5624.324836 42.4345
5625.262301 42.4345
5626.199923 42.4345
5627.137701 42.4345
5628.075636 42.4345
5629.013727 42.4345
5629.951974 42.4345
5630.890377 42.4345
5631.828937 42.4345
5632.767653 42.4345
5633.706526 42.4345
5634.645556 42.4345
5635.584742 42.4345
5636.524084 42.4345
5637.463583 42.4345
5638.403238 42.4345
5639.343051 42.4345
5640.283019 42.4345
5641.223145 42.4345
5642.163427 42.4345
5643.103866 42.4345
5644.044462 42.4345
5644.985214 42.4345
5645.926124 42.4345
5646.867190 42.4345
5647.808413 42.4345
5648.749793 42.4345
5649.691329 42.4345
5650.633023 42.4345
5651.574874 42.4345
5652.516881 42.4345
5653.459046 42.4345
5654.401368 42.4345
5655.343846 42.4345
5656.286482 42.4345
5657.229275 42.4345
5658.172225 42.4345
5659.115333 42.4345
5660.058597 42.4345
5661.002019 42.4345
5661.945598 42.4345
5662.889334 42.4345
5663.833228 42.4345
5664.777278 42.4345
5665.721487 42.4345
5666.665852 42.4345
5667.610375 42.4345
5668.555056 42.4345
5669.499894 42.4345
5670.444889 42.4345
5671.390042 42.4345
5672.335352 42.4345
5673.280820 42.4345
5674.226446 42.4345
5675.172229 42.4345
5676.118170 42.4345
5677.064269 42.4345
5678.010525 42.4345
5678.956939 42.4345
5679.903511 42.4345
5680.850240 42.4345
5681.797127 42.4345
5682.744172 42.4345
5683.691375 42.4345
5684.638736 42.4345
5685.586255 42.4345
5686.533932 42.4345
5687.481766 42.4345
5688.429759 42.4345
5689.377910 42.4345
5690.326218 42.4345
5691.274685 42.4345
5692.223310 42.4345
5693.172093 42.4345
5694.121034 42.4345
5695.070133 42.4345
5696.019391 42.4345
5696.968806 42.4345
5697.918380 42.4345
5698.868112 42.4345
5699.818003 42.4345
5700.768052 42.4345
5701.718259 42.4345
5702.668624 42.4345
5703.619148 42.4345
5704.569831 42.4345
5705.520672 42.4345
5706.471671 42.4345
5707.422829 42.4345
5708.374145 42.4345
5709.325620 42.4345
5710.277254 42.4345
5711.229046 42.4345
5712.180997 42.4345
5713.133106 42.4345
5714.085375 42.4345
5715.037802 42.4345
5715.990387 42.4345
5716.943132 42.4345
5717.896035 42.4345
5718.849097 42.4345
5719.802318 42.4345
5720.755698 42.4345
5721.709237 42.4345
5722.662934 42.4345
5723.616791 42.4345
5724.570807 42.4345
5725.524981 42.4345
5726.479315 42.4345
5727.433808 42.4345
5728.388460 42.4345
5729.343270 42.4345
5730.298241 42.4345
5731.253370 42.4345
5732.208658 42.4345
5733.164106 42.4345
5734.119713 42.4345
5735.075479 42.4345
5736.031405 42.4345
5736.987490 42.4345
5737.943734 42.4345
5738.900138 42.4345
5739.856701 42.4345
5740.813423 42.4345
5741.770305 42.4345
5742.727347 42.4345
5743.684548 42.4345
5744.641908 42.4345
5745.599428 42.4345
5746.557108 42.4345
5747.514947 42.4345
5748.472946 42.4345
5749.431105 42.4345
5750.389424 42.4345
5751.347902 42.4345
5752.306540 42.4345
5753.265337 42.4345
5754.224295 42.4345
5755.183412 42.4345
5756.142689 42.4345
5757.102126 42.4345
5758.061723 42.4345
5759.021480 42.4345
5759.981397 42.4345
5760.941474 42.4345
5761.901711 42.4345
5762.862108 42.4345
5763.822665 42.4345
5764.783382 42.4345
5765.744259 42.4345
5766.705297 42.4345
5767.666494 42.4345
5768.627852 42.4345
5769.589370 42.4345
5770.551049 42.4345
5771.512887 42.4345
5772.474886 42.4345
5773.437046 42.4345
5774.399365 42.4345
5775.361846 42.4345
5776.324486 42.4345
5777.287287 42.4345
5778.250248 42.4345
5779.213370 42.4345
5780.176653 42.4345
5781.140096 42.4345
5782.103700 42.4345
5783.067464 42.4345
5784.031389 42.4345
5784.995474 42.4345
5785.959721 42.4345
5786.924128 42.4345
5787.888695 42.4345
5788.853424 42.4345
5789.818313 42.4345
5790.783363 42.4345
5791.748574 42.4345
5792.713946 42.4345
5793.679479 42.4345
5794.645173 42.4345
5795.611027 42.4345
5796.577043 42.4345
5797.543220 42.4345
5798.509557 42.4345
5799.476056 42.4345
5800.442716 42.4345
5801.409537 42.4345
5802.376519 42.4345
5803.343663 42.4345
5804.310967 42.4345
5805.278433 42.4345
5806.246060 42.4345
5807.213848 42.4345
5808.181798 42.4345
5809.149909 42.4345
5810.118181 42.4345
5811.086615 42.4345
5812.055210 42.4345
5813.023967 42.4345
5813.992885 42.4345
5814.961964 42.4345
5815.931206 42.4345
5816.900608 42.4345
5817.870172 42.4345
5818.839898 42.4345
5819.809786 42.4345
5820.779835 42.4345
5821.750046 42.4345
5822.720418 42.4345
5823.690953 42.4345
5824.661649 42.4345
5825.632506 42.4345
5826.603526 42.4345
5827.574708 42.4345
5828.546051 42.4345
5829.517556 42.4345
5830.489223 42.4345
5831.461053 42.4345
5832.433044 42.4345
5833.405197 42.4345
5834.377512 42.4345
5835.349990 42.4345
5836.322629 42.4345
5837.295430 42.4345
5838.268394 42.4345
5839.241520 42.4345
5840.214808 42.4345
5841.188258 42.4345
5842.161871 42.4345
5843.135645 42.4345
5844.109583 42.4345
5845.083682 42.4345
5846.057944 42.4345
5847.032368 42.4345
5848.006955 42.4345
5848.981704 42.4345
5849.956615 42.4345
5850.931689 42.4345
5851.906926 42.4345
5852.882325 42.4345
5853.857887 42.4345
5854.833611 42.4345
5855.809498 42.4345
5856.785547 42.4345
5857.761760 42.4345
5858.738135 42.4345
5859.714672 42.4345
5860.691373 42.4345
5861.668236 42.4345
5862.645262 42.4345
5863.622451 42.4345
5864.599803 42.4345
5865.577318 42.4345
5866.554996 42.4345
5867.532836 42.4345
5868.510840 42.4345
5869.489006 42.4345
5870.467336 42.4345
5871.445829 42.4345
5872.424485 42.4345
5873.403304 42.4345
5874.382286 42.4345
5875.361431 42.4345
5876.340740 42.4345
5877.320211 42.4345
5878.299846 42.4345
5879.279645 42.4345
5880.259606 42.4345
5881.239731 42.4345
5882.220020 42.4345
5883.200471 42.4345
5884.181086 42.4345
5885.161865 42.4345
5886.142807 42.4345
5887.123913 42.4345
5888.105182 42.4345
5889.086614 42.4345
5890.068211 42.4345
5891.049970 42.4345
5892.031894 42.4345
5893.013981 42.4345
5893.996232 42.4345
5894.978647 42.4345
5895.961225 42.4345
5896.943967 42.4345
5897.926873 42.4345
5898.909943 42.4345
5899.893176 42.4345
5900.876574 42.4345
5901.860135 42.4345
5902.843860 42.4345
5903.827750 42.4345
5904.811803 42.4345
5905.796020 42.4345
5906.780402 42.4345
5907.764947 42.4345
5908.749657 42.4345
5909.734530 42.4345
5910.719568 42.4345
5911.704770 42.4345
5912.690136 42.4345
5913.675667 42.4345
5914.661362 42.4345
5915.647221 42.4345
5916.633244 42.4345
5917.619432 42.4345
5918.605784 42.4345
5919.592300 42.4345
5920.578981 42.4345
5921.565827 42.4345
5922.552837 42.4345
5923.540011 42.4345
5924.527350 42.4345
5925.514853 42.4345
5926.502522 42.4345
5927.490354 42.4345
5928.478352 42.4345
5929.466514 42.4345
5930.454841 42.4345
5931.443332 42.4345
5932.431988 42.4345
5933.420809 42.4345
5934.409795 42.4345
5935.398946 42.4345
5936.388262 42.4345
5937.377742 42.4345
5938.367388 42.4345
5939.357198 42.4345
5940.347173 42.4345
5941.337314 42.4345
5942.327619 42.4345
5943.318090 42.4345
5944.308725 42.4345
5945.299526 42.4345
5946.290492 42.4345
5947.281623 42.4345
5948.272919 42.4345
5949.264380 42.4345
5950.256007 42.4345
5951.247799 42.4345
5952.239756 42.4345
5953.231879 42.4345
5954.224167 42.4345
5955.216620 42.4345
5956.209239 42.4345
5957.202023 42.4345
5958.194973 42.4345
5959.188088 42.4345
5960.181369 42.4345
5961.174815 42.4345
5962.168427 42.4345
5963.162205 42.4345
5964.156148 42.4345
5965.150257 42.4345
5966.144532 42.4345
5967.138972 42.4345
5968.133578 42.4345
5969.128350 42.4345
5970.123287 42.4345
5971.118391 42.4345
5972.113660 42.4345
5973.109095 42.4345
5974.104697 42.4345
5975.100464 42.4345
5976.096397 42.4345
5977.092496 42.4345
5978.088761 42.4345
5979.085192 42.4345
5980.081789 42.4345
5981.078553 42.4345
5982.075482 42.4345
5983.072578 42.4345
5984.069840 42.4345
5985.067268 42.4345
5986.064862 42.4345
5987.062623 42.4345
5988.060550 42.4345
5989.058643 42.4345
5990.056903 42.4345
5991.055329 42.4345
5992.053921 42.4345
5993.052680 42.4345
5994.051605 42.4345
5995.050697 42.4345
5996.049956 42.4345
5997.049380 42.4345
5998.048972 42.4345
5999.048730 42.4345
6000.048655 42.4345
6001.048746 42.4345
6002.049004 42.4345
6003.049429 42.4345
6004.050021 42.4345
6005.050779 42.4345
6006.051705 42.4345
6007.052797 42.4345
6008.054056 42.4345
6009.055481 42.4345
6010.057074 42.4345
6011.058834 42.4345
6012.060760 42.4345
6013.062854 42.4345
6014.065115 42.4345
6015.067542 42.4345
6016.070137 42.4345
6017.072899 42.4345
6018.075828 42.4345
6019.078924 42.4345
6020.082188 42.4345
6021.085618 42.4345
6022.089216 42.4345
6023.092981 42.4345
6024.096914 42.4345
6025.101014 42.4345
6026.105281 42.4345
6027.109716 42.4345
6028.114318 42.4345
6029.119087 42.4345
6030.124024 42.4345
6031.129128 42.4345
6032.134400 42.4345
6033.139840 42.4345
6034.145447 42.4345
6035.151222 42.4345
6036.157164 42.4345
6037.163274 42.4345
6038.169552 42.4345
6039.175997 42.4345
6040.182610 42.4345
6041.189391 42.4345
6042.196340 42.4345
6043.203457 42.4345
6044.210741 42.4345
6045.218194 42.4345
6046.225814 42.4345
6047.233602 42.4345
6048.241559 42.4345
6049.249683 42.4345
6050.257975 42.4345
6051.266436 42.4345
6052.275064 42.4345
6053.283861 42.4345
6054.292825 42.4345
6055.301958 42.4345
6056.311259 42.4345
6057.320729 42.4345
6058.330366 42.4345
6059.340172 42.4345
6060.350146 42.4345
6061.360289 42.4345
6062.370600 42.4345
6063.381079 42.4345
6064.391727 42.4345
6065.402543 42.4345
6066.413528 42.4345
6067.424681 42.4345
6068.436003 42.4345
6069.447493 42.4345
6070.459152 42.4345
6071.470979 42.4345
6072.482975 42.4345
6073.495140 42.4345
6074.507474 42.4345
6075.519976 42.4345
6076.532647 42.4345
6077.545487 42.4345
6078.558496 42.4345
6079.571673 42.4345
6080.585020 42.4345
6081.598535 42.4345
6082.612219 42.4345
6083.626072 42.4345
6084.640094 42.4345
6085.654286 42.4345
6086.668646 42.4345
6087.683175 42.4345
6088.697874 42.4345
6089.712741 42.4345
6090.727778 42.4345
6091.742984 42.4345
6092.758359 42.4345
6093.773903 42.4345
6094.789617 42.4345
6095.805500 42.4345
6096.821552 42.4345
6097.837774 42.4345
6098.854165 42.4345
6099.870725 42.4345
6100.887455 42.4345
6101.904354 42.4345
6102.921423 42.4345
6103.938661 42.4345
6104.956069 42.4345
6105.973647 42.4345
6106.991394 42.4345
6108.009311 42.4345
6109.027397 42.4345
6110.045653 42.4345
6111.064079 42.4345
6112.082674 42.4345
6113.101440 42.4345
6114.120375 42.4345
6115.139480 42.4345
6116.158755 42.4345
6117.178199 42.4345
6118.197814 42.4345
6119.217599 42.4345
6120.237553 42.4345
6121.257678 42.4345
6122.277973 42.4345
6123.298437 42.4345
6124.319072 42.4345
6125.339877 42.4345
6126.360852 42.4345
6127.381997 42.4345
6128.403313 42.4345
6129.424798 42.4345
6130.446454 42.4345
6131.468281 42.4345
6132.490277 42.4345
6133.512444 42.4345
6134.534781 42.4345
6135.557289 42.4345
6136.579967 42.4345
6137.602816 42.4345
6138.625835 42.4345
6139.649024 42.4345
6140.672384 42.4345
6141.695915 42.4345
6142.719616 42.4345
6143.743488 42.4345
6144.767531 42.4345
6145.791744 42.4345
6146.816128 42.4345
6147.840683 42.4345
6148.865408 42.4345
6149.890305 42.4345
6150.915372 42.4345
6151.940610 42.4345
6152.966019 42.4345
6153.991598 42.4345
6155.017349 42.4345
6156.043271 42.4345
6157.069364 42.4345
6158.095627 42.4345
6159.122062 42.4345
6160.148668 42.4345
6161.175445 42.4345
6162.202393 42.4345
6163.229513 42.4345
6164.256803 42.4345
6165.284265 42.4345
6166.311898 42.4345
6167.339702 42.4345
6168.367678 42.4345
6169.395825 42.4345
6170.424143 42.4345
6171.452633 42.4345
6172.481294 42.4345
6173.510127 42.4345
6174.539131 42.4345
6175.568306 42.4345
6176.597653 42.4345
6177.627172 42.4345
6178.656862 42.4345
6179.686724 42.4345
6180.716758 42.4345
6181.746963 42.4345
6182.777340 42.4345
6183.807889 42.4345
6184.838610 42.4345
6185.869502 42.4345
6186.900566 42.4345
6187.931802 42.4345
6188.963210 42.4345
6189.994790 42.4345
6191.026542 42.4345
6192.058466 42.4345
6193.090561 42.4345
6194.122829 42.4345
6195.155269 42.4345
6196.187881 42.4345
6197.220665 42.4345
6198.253621 42.4345
6199.286749 42.4345
6200.320050 42.4345
6201.353523 42.4345
6202.387168 42.4345
6203.420985 42.4345
6204.454975 42.4345
6205.489137 42.4345
6206.523471 42.4345
6207.557978 42.4345
6208.592657 42.4345
6209.627509 42.4345
6210.662533 42.4345
6211.697730 42.4345
6212.733099 42.4345
6213.768641 42.4345
6214.804355 42.4345
6215.840242 42.4345
6216.876302 42.4345
6217.912534 42.4345
6218.948939 42.4345
6219.985517 42.4345
6221.022268 42.4345
6222.059191 42.4345
6223.096288 42.4345
6224.133557 42.4345
6225.170999 42.4345
6226.208614 42.4345
6227.246402 42.4345
6228.284363 42.4345
6229.322497 42.4345
6230.360804 42.4345
6231.399284 42.4345
6232.437937 42.4345
6233.476763 42.4345
6234.515762 42.4345
6235.554935 42.4345
6236.594281 42.4345
6237.633800 42.4345
6238.673492 42.4345
6239.713357 42.4345
6240.753396 42.4345
6241.793609 42.4345
6242.833994 42.4345
6243.874553 42.4345
6244.915286 42.4345
6245.956192 42.4345
6246.997271 42.4345
6248.038524 42.4345
6249.079951 42.4345
6250.121551 42.4345
6251.163324 42.4345
6252.205272 42.4345
6253.247393 42.4345
6254.289688 42.4345
6255.332156 42.4345
6256.374798 42.4345
6257.417614 42.4345
6258.460604 42.4345
6259.503768 42.4345
6260.547106 42.4345
6261.590617 42.4345
6262.634302 42.4345
6263.678162 42.4345
6264.722195 42.4345
6265.766403 42.4345
6266.810784 42.4345
6267.855339 42.4345
6268.900069 42.4345
6269.944973 42.4345
6270.990051 42.4345
6272.035303 42.4345
6273.080729 42.4345
6274.126330 42.4345
6275.172105 42.4345
6276.218054 42.4345
6277.264177 42.4345
6278.310475 42.4345
6279.356948 42.4345
6280.403594 42.4345
6281.450415 42.4345
6282.497411 42.4345
6283.544581 42.4345
6284.591926 42.4345
6285.639445 42.4345
6286.687139 42.4345
6287.735008 42.4345
6288.783051 42.4345
6289.831269 42.4345
6290.879661 42.4345
6291.928229 42.4345
6292.976971 42.4345
6294.025888 42.4345
6295.074979 42.4345
6296.124246 42.4345
6297.173687 42.4345
6298.223304 42.4345
6299.273095 42.4345
6300.323061 42.4345
6301.373203 42.4345
6302.423519 42.4345
6303.474011 42.4345
6304.524677 42.4345
6305.575519 42.4345
6306.626536 42.4345
6307.677728 42.4345
6308.729095 42.4345
6309.780637 42.4345
6310.832355 42.4345
6311.884248 42.4345
6312.936317 42.4345
6313.988560 42.4345
6315.040979 42.4345
6316.093574 42.4345
6317.146344 42.4345
6318.199290 42.4345
6319.252410 42.4345
6320.305707 42.4345
6321.359179 42.4345
6322.412827 42.4345
6323.466650 42.4345
6324.520649 42.4345
6325.574824 42.4345
6326.629174 42.4345
6327.683700 42.4345
6328.738402 42.4345
6329.793279 42.4345
6330.848333 42.4345
6331.903562 42.4345
6332.958967 42.4345
6334.014549 42.4345
6335.070306 42.4345
6336.126239 42.4345
6337.182348 42.4345
6338.238633 42.4345
6339.295094 42.4345
6340.351731 42.4345
6341.408545 42.4345
6342.465534 42.4345
6343.522700 42.4345
6344.580042 42.4345
6345.637560 42.4345
6346.695254 42.4345
6347.753125 42.4345
6348.811172 42.4345
6349.869395 42.4345
6350.927795 42.4345
6351.986371 42.4345
6353.045124 42.4345
6354.104053 42.4345
6355.163158 42.4345
6356.222441 42.4345
6357.281899 42.4345
6358.341535 42.4345
6359.401346 42.4345
6360.461335 42.4345
6361.521500 42.4345
6362.581842 42.4345
6363.642361 42.4345
6364.703056 42.4345
6365.763929 42.4345
6366.824978 42.4345
6367.886204 42.4345
6368.947606 42.4345
6370.009186 42.4345
6371.070943 42.4345
6372.132876 42.4345
6373.194987 42.4345
6374.257275 42.4345
6375.319740 42.4345
6376.382381 42.4345
6377.445200 42.4345
6378.508196 42.4345
6379.571370 42.4345
6380.634720 42.4345
6381.698248 42.4345
6382.761953 42.4345
6383.825835 42.4345
6384.889895 42.4345
6385.954132 42.4345
6387.018546 42.4345
6388.083138 42.4345
6389.147907 42.4345
6390.212854 42.4345
6391.277978 42.4345
6392.343280 42.4345
6393.408760 42.4345
6394.474416 42.4345
6395.540251 42.4345
6396.606263 42.4345
6397.672453 42.4345
6398.738821 42.4345
6399.805366 42.4345
6400.872089 42.4345
6401.938990 42.4345
6403.006069 42.4345
6404.073325 42.4345
6405.140760 42.4345
6406.208372 42.4345
6407.276163 42.4345
6408.344131 42.4345
6409.412277 42.4345
6410.480602 42.4345
6411.549104 42.4345
6412.617785 42.4345
6413.686644 42.4345
6414.755680 42.4345
6415.824896 42.4345
6416.894289 42.4345
6417.963860 42.4345
6419.033610 42.4345
6420.103538 42.4345
6421.173645 42.4345
6422.243929 42.4345
6423.314393 42.4345
6424.385034 42.4345
6425.455854 42.4345
6426.526853 42.4345
6427.598030 42.4345
6428.669386 42.4345
6429.740920 42.4345
6430.812633 42.4345
6431.884524 42.4345
6432.956594 42.4345
6434.028843 42.4345
6435.101270 42.4345
6436.173877 42.4345
6437.246662 42.4345
6438.319625 42.4345
6439.392768 42.4345
6440.466090 42.4345
6441.539590 42.4345
6442.613270 42.4345
6443.687128 42.4345
6444.761165 42.4345
6445.835382 42.4345
6446.909777 42.4345
6447.984352 42.4345
6449.059105 42.4345
6450.134038 42.4345
6451.209150 42.4345
6452.284441 42.4345
6453.359911 42.4345
6454.435561 42.4345
6455.511390 42.4345
6456.587398 42.4345
6457.663586 42.4345
6458.739953 42.4345
6459.816499 42.4345
6460.893225 42.4345
6461.970130 42.4345
6463.047215 42.4345
6464.124479 42.4345
6465.201923 42.4345
6466.279547 42.4345
6467.357350 42.4345
6468.435332 42.4345
6469.513495 42.4345
6470.591837 42.4345
6471.670359 42.4345
6472.749060 42.4345
6473.827942 42.4345
6474.907003 42.4345
6475.986244 42.4345
6477.065665 42.4345
6478.145266 42.4345
6479.225047 42.4345
6480.305008 42.4345
6481.385149 42.4345
6482.465469 42.4345
6483.545970 42.4345
6484.626651 42.4345
6485.707513 42.4345
6486.788554 42.4345
6487.869775 42.4345
6488.951177 42.4345
6490.032759 42.4345
6491.114521 42.4345
6492.196464 42.4345
6493.278587 42.4345
6494.360890 42.4345
6495.443374 42.4345
6496.526038 42.4345
6497.608883 42.4345
6498.691908 42.4345
6499.775113 42.4345
6500.858499 42.4345
6501.942066 42.4345
6503.025813 42.4345
6504.109741 42.4345
6505.193850 42.4345
6506.278139 42.4345
6507.362609 42.4345
6508.447260 42.4345
6509.532092 42.4345
6510.617104 42.4345
6511.702298 42.4345
6512.787672 42.4345
6513.873227 42.4345
6514.958963 42.4345
6516.044880 42.4345
6517.130978 42.4345
6518.217257 42.4345
6519.303717 42.4345
6520.390358 42.4345
6521.477180 42.4345
6522.564184 42.4345
6523.651368 42.4345
6524.738734 42.4345
6525.826281 42.4345
6526.914010 42.4345
6528.001919 42.4345
6529.090010 42.4345
6530.178283 42.4345
6531.266736 42.4345
6532.355372 42.4345
6533.444188 42.4345
6534.533186 42.4345
6535.622366 42.4345
6536.711727 42.4345
6537.801270 42.4345
6538.890994 42.4345
6539.980900 42.4345
6541.070988 42.4345
6542.161257 42.4345
6543.251708 42.4345
6544.342341 42.4345
6545.433156 42.4345
6546.524152 42.4345
6547.615331 42.4345
6548.706691 42.4345
6549.798233 42.4345
6550.889957 42.4345
6551.981863 42.4345
6553.073951 42.4345
6554.166221 42.4345
6555.258673 42.4345
6556.351307 42.4345
6557.444123 42.4345
6558.537122 42.4345
6559.630302 42.4345
6560.723665 42.4345
6561.817210 42.4345
6562.910938 42.4345
6564.004847 42.4345
6565.098939 42.4345
6566.193214 42.4345
6567.287670 42.4345
6568.382309 42.4345
6569.477131 42.4345
6570.572135 42.4345
6571.667322 42.4345
6572.762691 42.4345
6573.858243 42.4345
6574.953977 42.4345
6576.049894 42.4345
6577.145994 42.4345
6578.242276 42.4345
6579.338741 42.4345
6580.435389 42.4345
6581.532220 42.4345
6582.629233 42.4345
6583.726429 42.4345
6584.823809 42.4345
6585.921371 42.4345
6587.019116 42.4345
6588.117044 42.4345
6589.215155 42.4345
6590.313449 42.4345
6591.411926 42.4345
6592.510586 42.4345
6593.609429 42.4345
6594.708456 42.4345
6595.807666 42.4345
6596.907058 42.4345
6598.006635 42.4345
6599.106394 42.4345
6600.206337 42.4345
6601.306463 42.4345
6602.406772 42.4345
6603.507265 42.4345
6604.607941 42.4345
6605.708801 42.4345
6606.809844 42.4345
6607.911071 42.4345
6609.012481 42.4345
6610.114075 42.4345
6611.215853 42.4345
6612.317814 42.4345
6613.419959 42.4345
6614.522287 42.4345
6615.624799 42.4345
6616.727495 42.4345
6617.830375 42.4345
6618.933439 42.4345
6620.036686 42.4345
6621.140118 42.4345
6622.243733 42.4345
6623.347532 42.4345
6624.451516 42.4345
6625.555683 42.4345
6626.660034 42.4345
6627.764570 42.4345
6628.869289 42.4345
6629.974193 42.4345
6631.079280 42.4345
6632.184552 42.4345
6633.290009 42.4345
6634.395649 42.4345
6635.501474 42.4345
6636.607483 42.4345
6637.713676 42.4345
6638.820054 42.4345
6639.926616 42.4345
6641.033363 42.4345
6642.140294 42.4345
6643.247410 42.4345
6644.354710 42.4345
6645.462195 42.4345
6646.569864 42.4345
6647.677718 42.4345
6648.785757 42.4345
6649.893980 42.4345
6651.002388 42.4345
6652.110981 42.4345
6653.219758 42.4345
6654.328721 42.4345
6655.437868 42.4345
6656.547200 42.4345
6657.656717 42.4345
6658.766419 42.4345
6659.876306 42.4345
6660.986378 42.4345
6662.096635 42.4345
6663.207077 42.4345
6664.317704 42.4345
6665.428516 42.4345
6666.539513 42.4345
6667.650696 42.4345
6668.762063 42.4345
6669.873616 42.4345
6670.985355 42.4345
6672.097278 42.4345
6673.209387 42.4345
6674.321681 42.4345
6675.434161 42.4345
6676.546826 42.4345
6677.659677 42.4345
6678.772713 42.4345
6679.885934 42.4345
6680.999341 42.4345
6682.112934 42.4345
6683.226712 42.4345
6684.340676 42.4345
6685.454826 42.4345
6686.569161 42.4345
6687.683682 42.4345
6688.798389 42.4345
6689.913282 42.4345
6691.028360 42.4345
6692.143625 42.4345
6693.259075 42.4345
6694.374711 42.4345
6695.490533 42.4345
6696.606541 42.4345
6697.722735 42.4345
6698.839115 42.4345
6699.955682 42.4345
6701.072434 42.4345
6702.189372 42.4345
6703.306497 42.4345
6704.423808 42.4345
6705.541305 42.4345
6706.658988 42.4345
6707.776858 42.4345
6708.894914 42.4345
6710.013156 42.4345
6711.131585 42.4345
6712.250200 42.4345
6713.369002 42.4345
6714.487990 42.4345
6715.607164 42.4345
6716.726526 42.4345
6717.846073 42.4345
6718.965808 42.4345
6720.085729 42.4345
6721.205836 42.4345
6722.326131 42.4345
6723.446612 42.4345
6724.567279 42.4345
6725.688134 42.4345
6726.809175 42.4345
6727.930404 42.4345
6729.051819 42.4345
6730.173421 42.4345
6731.295210 42.4345
6732.417186 42.4345
6733.539349 42.4345
6734.661699 42.4345
6735.784236 42.4345
6736.906961 42.4345
6738.029872 42.4345
6739.152971 42.4345
6740.276256 42.4345
6741.399729 42.4345
6742.523390 42.4345
6743.647237 42.4345
6744.771272 42.4345
6745.895494 42.4345
6747.019904 42.4345
6748.144501 42.4345
6749.269285 42.4345
6750.394257 42.4345
6751.519417 42.4345
6752.644764 42.4345
6753.770298 42.4345
6754.896021 42.4345
6756.021930 42.4345
6757.148028 42.4345
6758.274313 42.4345
6759.400786 42.4345
6760.527447 42.4345
6761.654295 42.4345
6762.781332 42.4345
6763.908556 42.4345
6765.035968 42.4345
6766.163568 42.4345
6767.291356 42.4345
6768.419331 42.4345
6769.547495 42.4345
6770.675847 42.4345
6771.804387 42.4345
6772.933115 42.4345
6774.062032 42.4345
6775.191136 42.4345
6776.320429 42.4345
6777.449910 42.4345
6778.579579 42.4345
6779.709436 42.4345
6780.839482 42.4345
6781.969716 42.4345
6783.100138 42.4345
6784.230749 42.4345
6785.361549 42.4345
6786.492537 42.4345
6787.623713 42.4345
6788.755078 42.4345
6789.886631 42.4345
6791.018373 42.4345
6792.150304 42.4345
6793.282424 42.4345
6794.414732 42.4345
6795.547228 42.4345
6796.679914 42.4345
6797.812788 42.4345
6798.945852 42.4345
6800.079104 42.4345
6801.212545 42.4345
6802.346175 42.4345
6803.479993 42.4345
6804.614001 42.4345
6805.748198 42.4345
6806.882584 42.4345
6808.017159 42.4345
6809.151923 42.4345
6810.286876 42.4345
6811.422019 42.4345
6812.557350 42.4345
6813.692871 42.4345
6814.828581 42.4345
6815.964481 42.4345
6817.100569 42.4345
6818.236848 42.4345
6819.373315 42.4345
6820.509972 42.4345
6821.646818 42.4345
6822.783854 42.4345
6823.921080 42.4345
6825.058495 42.4345
6826.196099 42.4345
6827.333893 42.4345
6828.471877 42.4345
6829.610051 42.4345
6830.748414 42.4345
6831.886967 42.4345
6833.025710 42.4345
6834.164642 42.4345
6835.303764 42.4345
6836.443077 42.4345
6837.582579 42.4345
6838.722271 42.4345
6839.862153 42.4345
6841.002225 42.4345
6842.142487 42.4345
6843.282939 42.4345
6844.423581 42.4345
6845.564414 42.4345
6846.705436 42.4345
6847.846649 42.4345
6848.988052 42.4345
6850.129645 42.4345
6851.271428 42.4345
6852.413402 42.4345
6853.555566 42.4345
6854.697921 42.4345
6855.840465 42.4345
6856.983201 42.4345
6858.126126 42.4345
6859.269243 42.4345
6860.412550 42.4345
6861.556047 42.4345
6862.699735 42.4345
6863.843614 42.4345
6864.987683 42.4345
6866.131943 42.4345
6867.276393 42.4345
6868.421035 42.4345
6869.565867 42.4345
6870.710890 42.4345
6871.856104 42.4345
6873.001509 42.4345
6874.147105 42.4345
6875.292891 42.4345
6876.438869 42.4345
6877.585038 42.4345
6878.731397 42.4345
6879.877948 42.4345
6881.024690 42.4345
6882.171623 42.4345
6883.318747 42.4345
6884.466063 42.4345
6885.613569 42.4345
6886.761267 42.4345
6887.909156 42.4345
6889.057237 42.4345
6890.205509 42.4345
6891.353972 42.4345
6892.502627 42.4345
6893.651473 42.4345
6894.800511 42.4345
6895.949740 42.4345
6897.099160 42.4345
6898.248773 42.4345
6899.398577 42.4345
6900.548572 42.4345
6901.698760 42.4345
6902.849139 42.4345
6903.999709 42.4345
6905.150472 42.4345
6906.301426 42.4345
6907.452572 42.4345
6908.603910 42.4345
6909.755440 42.4345
6910.907162 42.4345
6912.059076 42.4345
6913.211182 42.4345
6914.363480 42.4345
6915.515970 42.4345
6916.668652 42.4345
6917.821526 42.4345
6918.974592 42.4345
6920.127851 42.4345
6921.281302 42.4345
6922.434945 42.4345
6923.588780 42.4345
6924.742808 42.4345
6925.897028 42.4345
6927.051440 42.4345
6928.206045 42.4345
6929.360842 42.4345
6930.515832 42.4345
6931.671014 42.4345
6932.826389 42.4345
6933.981956 42.4345
6935.137716 42.4345
6936.293669 42.4345
6937.449814 42.4345
6938.606152 42.4345
6939.762683 42.4345
6940.919406 42.4345
6942.076322 42.4345
6943.233432 42.4345
6944.390734 42.4345
6945.548228 42.4345
6946.705916 42.4345
6947.863797 42.4345
6949.021871 42.4345
6950.180138 42.4345
6951.338598 42.4345
6952.497251 42.4345
6953.656097 42.4345
6954.815136 42.4345
6955.974368 42.4345
6957.133794 42.4345
6958.293413 42.4345
6959.453225 42.4345
6960.613231 42.4345
6961.773430 42.4345
6962.933822 42.4345
6964.094408 42.4345
6965.255187 42.4345
6966.416159 42.4345
6967.577326 42.4345
6968.738685 42.4345
6969.900238 42.4345
6971.061985 42.4345
6972.223926 42.4345
6973.386060 42.4345
6974.548388 42.4345
6975.710909 42.4345
6976.873625 42.4345
6978.036534 42.4345
6979.199637 42.4345
6980.362934 42.4345
6981.526425 42.4345
6982.690109 42.4345
6983.853988 42.4345
6985.018061 42.4345
6986.182327 42.4345
6987.346788 42.4345
6988.511443 42.4345
6989.676292 42.4345
6990.841335 42.4345
6992.006572 42.4345
6993.172004 42.4345
6994.337630 42.4345
6995.503450 42.4345
6996.669464 42.4345
6997.835673 42.4345
6999.002076 42.4345
7000.168674 42.4345
7001.335466 42.4345
7002.502452 42.4345
7003.669633 42.4345
7004.837009 42.4345
7006.004579 42.4345
7007.172344 42.4345
7008.340303 42.4345
7009.508457 42.4345
7010.676806 42.4345
7011.845349 42.4345
7013.014088 42.4345
7014.183021 42.4345
7015.352149 42.4345
7016.521471 42.4345
7017.690989 42.4345
7018.860702 42.4345
7020.030609 42.4345
7021.200712 42.4345
7022.371010 42.4345
7023.541502 42.4345
7024.712190 42.4345
7025.883073 42.4345
7027.054151 42.4345
7028.225425 42.4345
7029.396893 42.4345
7030.568557 42.4345
7031.740416 42.4345
7032.912470 42.4345
7034.084720 42.4345
7035.257165 42.4345
7036.429806 42.4345
7037.602642 42.4345
7038.775673 42.4345
7039.948900 42.4345
7041.122323 42.4345
7042.295941 42.4345
7043.469755 42.4345
7044.643764 42.4345
7045.817970 42.4345
7046.992370 42.4345
7048.166967 42.4345
7049.341759 42.4345
7050.516748 42.4345
7051.691932 42.4345
7052.867312 42.4345
7054.042887 42.4345
7055.218659 42.4345
7056.394627 42.4345
7057.570791 42.4345
7058.747151 42.4345
7059.923707 42.4345
7061.100459 42.4345
7062.277407 42.4345
7063.454551 42.4345
7064.631892 42.4345
7065.809428 42.4345
7066.987161 42.4345
7068.165091 42.4345
7069.343216 42.4345
7070.521539 42.4345
7071.700057 42.4345
7072.878772 42.4345
7074.057683 42.4345
7075.236791 42.4345
7076.416096 42.4345
7077.595597 42.4345
7078.775294 42.4345
7079.955188 42.4345
7081.135279 42.4345
7082.315567 42.4345
7083.496051 42.4345
7084.676732 42.4345
7085.857610 42.4345
7087.038685 42.4345
7088.219956 42.4345
7089.401425 42.4345
7090.583090 42.4345
7091.764952 42.4345
7092.947012 42.4345
7094.129268 42.4345
7095.311721 42.4345
7096.494372 42.4345
7097.677220 42.4345
7098.860264 42.4345
7100.043506 42.4345
7101.226946 42.4345
7102.410582 42.4345
7103.594416 42.4345
7104.778447 42.4345
7105.962675 42.4345
7107.147101 42.4345
7108.331724 42.4345
7109.516545 42.4345
7110.701563 42.4345
7111.886779 42.4345
7113.072192 42.4345
7114.257803 42.4345
7115.443611 42.4345
7116.629617 42.4345
7117.815821 42.4345
7119.002223 42.4345
7120.188822 42.4345
7121.375619 42.4345
7122.562614 42.4345
7123.749807 42.4345
7124.937197 42.4345
7126.124786 42.4345
7127.312572 42.4345
7128.500557 42.4345
7129.688739 42.4345
7130.877119 42.4345
7132.065698 42.4345
7133.254475 42.4345
7134.443449 42.4345
7135.632623 42.4345
7136.821994 42.4345
7138.011563 42.4345
7139.201331 42.4345
7140.391297 42.4345
7141.581461 42.4345
7142.771824 42.4345
7143.962385 42.4345
7145.153145 42.4345
7146.344103 42.4345
7147.535260 42.4345
7148.726615 42.4345
7149.918169 42.4345
7151.109921 42.4345
7152.301872 42.4345
7153.494021 42.4345
7154.686370 42.4345
7155.878917 42.4345
7157.071663 42.4345
7158.264608 42.4345
7159.457751 42.4345
7160.651093 42.4345
7161.844635 42.4345
7163.038375 42.4345
7164.232314 42.4345
7165.426452 42.4345
7166.620790 42.4345
7167.815326 42.4345
7169.010062 42.4345
7170.204996 42.4345
7171.400130 42.4345
7172.595463 42.4345
7173.790995 42.4345
7174.986727 42.4345
7176.182657 42.4345
7177.378787 42.4345
7178.575117 42.4345
7179.771646 42.4345
7180.968374 42.4345
7182.165302 42.4345
7183.362429 42.4345
7184.559756 42.4345
7185.757282 42.4345
7186.955009 42.4345
7188.152934 42.4345
7189.351059 42.4345
7190.549385 42.4345
7191.747909 42.4345
7192.946634 42.4345
7194.145558 42.4345
7195.344682 42.4345
7196.544006 42.4345
7197.743530 42.4345
7198.943254 42.4345
7200.143178 42.4345
7201.343302 42.4345
7202.543626 42.4345
7203.744150 42.4345
7204.944874 42.4345
7206.145798 42.4345
7207.346923 42.4345
7208.548247 42.4345
7209.749772 42.4345
7210.951497 42.4345
7212.153423 42.4345
7213.355548 42.4345
7214.557874 42.4345
7215.760401 42.4345
7216.963128 42.4345
7218.166055 42.4345
7219.369183 42.4345
7220.572512 42.4345
7221.776041 42.4345
7222.979770 42.4345
7224.183701 42.4345
7225.387832 42.4345
7226.592163 42.4345
7227.796696 42.4345
7229.001429 42.4345
7230.206363 42.4345
7231.411498 42.4345
7232.616833 42.4345
7233.822370 42.4345
7235.028108 42.4345
7236.234046 42.4345
7237.440186 42.4345
7238.646526 42.4345
7239.853068 42.4345
7241.059810 42.4345
7242.266754 42.4345
7243.473899 42.4345
7244.681246 42.4345
7245.888793 42.4345
7247.096542 42.4345
7248.304492 42.4345
7249.512643 42.4345
7250.720996 42.4345
7251.929550 42.4345
7253.138306 42.4345
7254.347263 42.4345
7255.556422 42.4345
7256.765782 42.4345
7257.975344 42.4345
7259.185107 42.4345
7260.395072 42.4345
7261.605239 42.4345
7262.815607 42.4345
7264.026177 42.4345
7265.236949 42.4345
7266.447923 42.4345
7267.659099 42.4345
7268.870476 42.4345
7270.082056 42.4345
7271.293837 42.4345
7272.505820 42.4345
7273.718005 42.4345
7274.930393 42.4345
7276.142982 42.4345
7277.355774 42.4345
7278.568768 42.4345
7279.781963 42.4345
7280.995362 42.4345
7282.208962 42.4345
7283.422765 42.4345
7284.636769 42.4345
7285.850977 42.4345
7287.065386 42.4345
7288.279999 42.4345
7289.494813 42.4345
7290.709830 42.4345
7291.925050 42.4345
7293.140472 42.4345
7294.356097 42.4345
7295.571924 42.4345
7296.787954 42.4345
7298.004187 42.4345
7299.220622 42.4345
7300.437260 42.4345
7301.654101 42.4345
7302.871145 42.4345
7304.088392 42.4345
7305.305841 42.4345
7306.523493 42.4345
7307.741349 42.4345
7308.959407 42.4345
7310.177669 42.4345
7311.396133 42.4345
7312.614801 42.4345
7313.833671 42.4345
7315.052745 42.4345
7316.272022 42.4345
7317.491503 42.4345
7318.711186 42.4345
7319.931073 42.4345
7321.151163 42.4345
7322.371457 42.4345
7323.591954 42.4345
7324.812654 42.4345
7326.033558 42.4345
7327.254665 42.4345
7328.475976 42.4345
7329.697491 42.4345
7330.919209 42.4345
7332.141130 42.4345
7333.363256 42.4345
7334.585585 42.4345
7335.808118 42.4345
7337.030854 42.4345
7338.253795 42.4345
7339.476939 42.4345
7340.700287 42.4345
7341.923839 42.4345
7343.147595 42.4345
7344.371555 42.4345
7345.595719 42.4345
7346.820087 42.4345
7348.044659 42.4345
7349.269435 42.4345
7350.494415 42.4345
7351.719600 42.4345
7352.944988 42.4345
7354.170581 42.4345
7355.396379 42.4345
7356.622380 42.4345
7357.848586 42.4345
7359.074996 42.4345
7360.301611 42.4345
7361.528430 42.4345
7362.755454 42.4345
7363.982682 42.4345
7365.210115 42.4345
7366.437752 42.4345
7367.665594 42.4345
7368.893641 42.4345
7370.121892 42.4345
7371.350348 42.4345
7372.579009 42.4345
7373.807874 42.4345
7375.036945 42.4345
7376.266220 42.4345
7377.495700 42.4345
7378.725385 42.4345
7379.955275 42.4345
7381.185370 42.4345
7382.415671 42.4345
7383.646176 42.4345
7384.876886 42.4345
7386.107801 42.4345
7387.338922 42.4345
7388.570248 42.4345
7389.801779 42.4345
7391.033515 42.4345
7392.265456 42.4345
7393.497603 42.4345
7394.729956 42.4345
7395.962513 42.4345
7397.195277 42.4345
7398.428245 42.4345
7399.661419 42.4345
7400.894799 42.4345
7402.128384 42.4345
7403.362175 42.4345
7404.596172 42.4345
7405.830374 42.4345
7407.064782 42.4345
7408.299395 42.4345
7409.534215 42.4345
7410.769240 42.4345
7412.004471 42.4345
7413.239908 42.4345
7414.475551 42.4345
7415.711400 42.4345
7416.947455 42.4345
7418.183716 42.4345
7419.420183 42.4345
7420.656856 42.4345
7421.893735 42.4345
7423.130821 42.4345
7424.368112 42.4345
7425.605610 42.4345
7426.843314 42.4345
7428.081225 42.4345
7429.319341 42.4345
7430.557664 42.4345
7431.796194 42.4345
7433.034930 42.4345
7434.273872 42.4345
7435.513021 42.4345
7436.752376 42.4345
7437.991939 42.4345
7439.231707 42.4345
7440.471682 42.4345
7441.711864 42.4345
7442.952253 42.4345
7444.192848 42.4345
7445.433651 42.4345
7446.674660 42.4345
7447.915876 42.4345
7449.157298 42.4345
7450.398928 42.4345
7451.640765 42.4345
7452.882808 42.4345
7454.125059 42.4345
7455.367517 42.4345
7456.610181 42.4345
7457.853053 42.4345
7459.096133 42.4345
7460.339419 42.4345
7461.582912 42.4345
7462.826613 42.4345
7464.070521 42.4345
7465.314637 42.4345
7466.558959 42.4345
7467.803490 42.4345
7469.048227 42.4345
7470.293172 42.4345
7471.538325 42.4345
7472.783685 42.4345
7474.029253 42.4345
7475.275028 42.4345
7476.521011 42.4345
7477.767202 42.4345
7479.013600 42.4345
7480.260207 42.4345
7481.507020 42.4345
7482.754042 42.4345
7484.001272 42.4345
7485.248709 42.4345
7486.496355 42.4345
7487.744208 42.4345
7488.992269 42.4345
7490.240539 42.4345
7491.489016 42.4345
7492.737702 42.4345
7493.986596 42.4345
7495.235697 42.4345
7496.485007 42.4345
7497.734526 42.4345
7498.984252 42.4345
7500.234187 42.4345
7501.484330 42.4345
7502.734682 42.4345
7503.985242 42.4345
7505.236010 42.4345
7506.486987 42.4345
7507.738173 42.4345
7508.989567 42.4345
7510.241169 42.4345
7511.492980 42.4345
7512.745000 42.4345
7513.997229 42.4345
7515.249666 42.4345
7516.502312 42.4345
7517.755167 42.4345
7519.008230 42.4345
7520.261503 42.4345
7521.514984 42.4345
7522.768675 42.4345
7524.022574 42.4345
7525.276682 42.4345
7526.530999 42.4345
7527.785526 42.4345
7529.040261 42.4345
7530.295206 42.4345
7531.550360 42.4345
7532.805723 42.4345
7534.061295 42.4345
7535.317076 42.4345
7536.573067 42.4345
7537.829268 42.4345
7539.085677 42.4345
7540.342296 42.4345
7541.599125 42.4345
7542.856162 42.4345
7544.113410 42.4345
7545.370867 42.4345
7546.628534 42.4345
7547.886410 42.4345
7549.144496 42.4345
7550.402791 42.4345
7551.661297 42.4345
7552.920012 42.4345
7554.178937 42.4345
7555.438071 42.4345
7556.697416 42.4345
7557.956971 42.4345
7559.216735 42.4345
7560.476709 42.4345
7561.736894 42.4345
7562.997288 42.4345
7564.257893 42.4345
7565.518708 42.4345
7566.779733 42.4345
7568.040968 42.4345
7569.302413 42.4345
7570.564068 42.4345
7571.825934 42.4345
7573.088010 42.4345
7574.350297 42.4345
7575.612794 42.4345
7576.875501 42.4345
7578.138419 42.4345
7579.401547 42.4345
7580.664886 42.4345
7581.928436 42.4345
7583.192196 42.4345
7584.456167 42.4345
7585.720348 42.4345
7586.984740 42.4345
7588.249343 42.4345
7589.514156 42.4345
7590.779181 42.4345
7592.044416 42.4345
7593.309862 42.4345
7594.575519 42.4345
7595.841388 42.4345
7597.107467 42.4345
7598.373757 42.4345
7599.640258 42.4345
7600.906970 42.4345
7602.173894 42.4345
7603.441028 42.4345
7604.708374 42.4345
7605.975931 42.4345
7607.243699 42.4345
7608.511679 42.4345
7609.779870 42.4345
7611.048272 42.4345
7612.316886 42.4345
7613.585711 42.4345
7614.854748 42.4345
7616.123996 42.4345
7617.393456 42.4345
7618.663127 42.4345
7619.933010 42.4345
7621.203105 42.4345
7622.473411 42.4345
7623.743929 42.4345
7625.014659 42.4345
7626.285601 42.4345
7627.556754 42.4345
7628.828120 42.4345
7630.099697 42.4345
7631.371486 42.4345
7632.643488 42.4345
7633.915701 42.4345
7635.188126 42.4345
7636.460764 42.4345
7637.733613 42.4345
7639.006675 42.4345
7640.279949 42.4345
7641.553435 42.4345
7642.827133 42.4345
7644.101044 42.4345
7645.375167 42.4345
7646.649502 42.4345
7647.924050 42.4345
7649.198810 42.4345
7650.473783 42.4345
7651.748968 42.4345
7653.024366 42.4345
7654.299976 42.4345
7655.575799 42.4345
7656.851835 42.4345
7658.128083 42.4345
7659.404544 42.4345
7660.681218 42.4345
7661.958105 42.4345
7663.235204 42.4345
7664.512517 42.4345
7665.790042 42.4345
7667.067780 42.4345
7668.345731 42.4345
7669.623895 42.4345
7670.902272 42.4345
7672.180863 42.4345
7673.459666 42.4345
7674.738683 42.4345
7676.017912 42.4345
7677.297355 42.4345
7678.577011 42.4345
7679.856881 42.4345
7681.136964 42.4345
7682.417260 42.4345
7683.697769 42.4345
7684.978492 42.4345
7686.259429 42.4345
7687.540579 42.4345
7688.821942 42.4345
7690.103520 42.4345
7691.385310 42.4345
7692.667315 42.4345
7693.949533 42.4345
7695.231965 42.4345
7696.514610 42.4345
7697.797469 42.4345
7699.080543 42.4345
7700.363830 42.4345
7701.647331 42.4345
7702.931045 42.4345
7704.214974 42.4345
7705.499117 42.4345
7706.783474 42.4345
7708.068045 42.4345
7709.352830 42.4345
7710.637829 42.4345
7711.923043 42.4345
7713.208470 42.4345
7714.494112 42.4345
7715.779968 42.4345
7717.066039 42.4345
7718.352324 42.4345
7719.638823 42.4345
7720.925537 42.4345
7722.212465 42.4345
7723.499607 42.4345
7724.786965 42.4345
7726.074536 42.4345
7727.362323 42.4345
7728.650324 42.4345
7729.938540 42.4345
7731.226970 42.4345
7732.515615 42.4345
7733.804475 42.4345
7735.093550 42.4345
7736.382840 42.4345
7737.672344 42.4345
7738.962064 42.4345
7740.251998 42.4345
7741.542148 42.4345
7742.832513 42.4345
7744.123092 42.4345
7745.413887 42.4345
7746.704897 42.4345
7747.996122 42.4345
7749.287562 42.4345
7750.579218 42.4345
7751.871089 42.4345
7753.163175 42.4345
7754.455476 42.4345
7755.747993 42.4345
7757.040726 42.4345
7758.333674 42.4345
7759.626837 42.4345
7760.920216 42.4345
7762.213810 42.4345
7763.507620 42.4345
7764.801646 42.4345
7766.095888 42.4345
7767.390345 42.4345
7768.685018 42.4345
7769.979907 42.4345
7771.275011 42.4345
7772.570332 42.4345
7773.865868 42.4345
7775.161620 42.4345
7776.457588 42.4345
7777.753773 42.4345
7779.050173 42.4345
7780.346789 42.4345
7781.643622 42.4345
7782.940671 42.4345
7784.237936 42.4345
7785.535417 42.4345
7786.833114 42.4345
7788.131028 42.4345
7789.429158 42.4345
7790.727504 42.4345
7792.026067 42.4345
7793.324846 42.4345
7794.623842 42.4345
7795.923054 42.4345
7797.222483 42.4345
7798.522128 42.4345
7799.821990 42.4345
7801.122069 42.4345
7802.422364 42.4345
7803.722876 42.4345
7805.023605 42.4345
7806.324551 42.4345
7807.625714 42.4345
7808.927093 42.4345
7810.228689 42.4345
7811.530502 42.4345
7812.832533 42.4345
7814.134780 42.4345
7815.437244 42.4345
7816.739926 42.4345
7818.042824 42.4345
7819.345940 42.4345
7820.649273 42.4345
7821.952823 42.4345
7823.256591 42.4345
7824.560575 42.4345
7825.864777 42.4345
7827.169197 42.4345
7828.473834 42.4345
7829.778688 42.4345
7831.083760 42.4345
7832.389050 42.4345
7833.694556 42.4345
7835.000281 42.4345
7836.306223 42.4345
7837.612383 42.4345
7838.918761 42.4345
7840.225356 42.4345
7841.532169 42.4345
7842.839200 42.4345
7844.146449 42.4345
7845.453916 42.4345
7846.761600 42.4345
7848.069503 42.4345
7849.377623 42.4345
7850.685962 42.4345
7851.994519 42.4345
7853.303294 42.4345
7854.612287 42.4345
7855.921498 42.4345
7857.230927 42.4345
7858.540575 42.4345
7859.850441 42.4345
7861.160525 42.4345
7862.470827 42.4345
7863.781348 42.4345
7865.092088 42.4345
7866.403046 42.4345
7867.714222 42.4345
7869.025617 42.4345
7870.337231 42.4345
7871.649063 42.4345
7872.961114 42.4345
7874.273383 42.4345
7875.585872 42.4345
7876.898579 42.4345
7878.211505 42.4345
7879.524649 42.4345
7880.838013 42.4345
7882.151595 42.4345
7883.465397 42.4345
7884.779417 42.4345
7886.093656 42.4345
7887.408115 42.4345
7888.722793 42.4345
7890.037689 42.4345
7891.352805 42.4345
7892.668140 42.4345
7893.983694 42.4345
7895.299468 42.4345
7896.615461 42.4345
7897.931673 42.4345
7899.248105 42.4345
7900.564756 42.4345
7901.881626 42.4345
7903.198717 42.4345
7904.516026 42.4345
7905.833555 42.4345
7907.151304 42.4345
7908.469272 42.4345
7909.787460 42.4345
7911.105868 42.4345
7912.424496 42.4345
7913.743343 42.4345
7915.062410 42.4345
7916.381697 42.4345
7917.701204 42.4345
7919.020931 42.4345
7920.340878 42.4345
7921.661045 42.4345
7922.981431 42.4345
7924.302038 42.4345
7925.622865 42.4345
7926.943913 42.4345
7928.265180 42.4345
7929.586668 42.4345
7930.908376 42.4345
7932.230304 42.4345
7933.552452 42.4345
7934.874821 42.4345
7936.197411 42.4345
7937.520220 42.4345
7938.843251 42.4345
7940.166502 42.4345
7941.489973 42.4345
7942.813665 42.4345
7944.137578 42.4345
7945.461711 42.4345
7946.786065 42.4345
7948.110639 42.4345
7949.435435 42.4345
7950.760451 42.4345
7952.085689 42.4345
7953.411147 42.4345
7954.736826 42.4345
7956.062726 42.4345
7957.388846 42.4345
7958.715188 42.4345
7960.041752 42.4345
7961.368536 42.4345
7962.695541 42.4345
7964.022768 42.4345
7965.350215 42.4345
7966.677884 42.4345
7968.005775 42.4345
7969.333886 42.4345
7970.662219 42.4345
7971.990774 42.4345
7973.319550 42.4345
7974.648547 42.4345
7975.977766 42.4345
7977.307206 42.4345
7978.636868 42.4345
7979.966752 42.4345
7981.296857 42.4345
7982.627184 42.4345
7983.957733 42.4345
7985.288503 42.4345
7986.619496 42.4345
7987.950710 42.4345
7989.282146 42.4345
7990.613804 42.4345
7991.945684 42.4345
7993.277786 42.4345
7994.610110 42.4345
7995.942656 42.4345
7997.275424 42.4345
7998.608414 42.4345
7999.941627 42.4345
8001.275062 42.4345
8002.608719 42.4345
8003.942598 42.4345
8005.276699 42.4345
8006.611023 42.4345
8007.945570 42.4345
8009.280339 42.4345
8010.615330 42.4345
8011.950544 42.4345
8013.285980 42.4345
8014.621639 42.4345
8015.957521 42.4345
8017.293625 42.4345
8018.629952 42.4345
8019.966502 42.4345
8021.303274 42.4345
8022.640269 42.4345
8023.977488 42.4345
8025.314929 42.4345
8026.652593 42.4345
8027.990479 42.4345
8029.328589 42.4345
8030.666922 42.4345
8032.005478 42.4345
8033.344257 42.4345
8034.683260 42.4345
8036.022485 42.4345
8037.361934 42.4345
8038.701606 42.4345
8040.041501 42.4345
8041.381620 42.4345
8042.721962 42.4345
8044.062527 42.4345
8045.403316 42.4345
8046.744328 42.4345
8048.085564 42.4345
8049.427023 42.4345
8050.768706 42.4345
8052.110613 42.4345
8053.452743 42.4345
8054.795097 42.4345
8056.137675 42.4345
8057.480476 42.4345
8058.823502 42.4345
8060.166751 42.4345
8061.510224 42.4345
8062.853921 42.4345
8064.197842 42.4345
8065.541987 42.4345
8066.886356 42.4345
8068.230949 42.4345
8069.575766 42.4345
8070.920808 42.4345
8072.266073 42.4345
8073.611563 42.4345
8074.957277 42.4345
8076.303216 42.4345
8077.649378 42.4345
8078.995765 42.4345
8080.342377 42.4345
8081.689213 42.4345
8083.036273 42.4345
8084.383558 42.4345
8085.731068 42.4345
8087.078802 42.4345
8088.426761 42.4345
8089.774944 42.4345
8091.123352 42.4345
8092.471985 42.4345
8093.820843 42.4345
8095.169926 42.4345
8096.519233 42.4345
8097.868765 42.4345
8099.218523 42.4345
8100.568505 42.4345
8101.918712 42.4345
8103.269145 42.4345
8104.619802 42.4345
8105.970684 42.4345
8107.321792 42.4345
8108.673125 42.4345
8110.024683 42.4345
8111.376467 42.4345
8112.728475 42.4345
8114.080710 42.4345
8115.433169 42.4345
8116.785854 42.4345
8118.138764 42.4345
8119.491900 42.4345
8120.845262 42.4345
8122.198849 42.4345
8123.552661 42.4345
8124.906700 42.4345
8126.260963 42.4345
8127.615453 42.4345
8128.970169 42.4345
8130.325110 42.4345
8131.680277 42.4345
8133.035670 42.4345
8134.391289 42.4345
8135.747134 42.4345
8137.103205 42.4345
8138.459502 42.4345
8139.816024 42.4345
8141.172774 42.4345
8142.529749 42.4345
8143.886950 42.4345
8145.244378 42.4345
8146.602032 42.4345
8147.959912 42.4345
8149.318018 42.4345
8150.676351 42.4345
8152.034910 42.4345
8153.393696 42.4345
8154.752708 42.4345
8156.111947 42.4345
8157.471412 42.4345
8158.831104 42.4345
8160.191023 42.4345
8161.551168 42.4345
8162.911540 42.4345
8164.272138 42.4345
8165.632964 42.4345
8166.994016 42.4345
8168.355295 42.4345
8169.716801 42.4345
8171.078534 42.4345
8172.440494 42.4345
8173.802681 42.4345
8175.165095 42.4345
8176.527736 42.4345
8177.890604 42.4345
8179.253700 42.4345
8180.617022 42.4345
8181.980572 42.4345
8183.344349 42.4345
8184.708353 42.4345
8186.072585 42.4345
8187.437044 42.4345
8188.801731 42.4345
8190.166645 42.4345
8191.531786 42.4345
8192.897155 42.4345
8194.262752 42.4345
8195.628576 42.4345
8196.994628 42.4345
8198.360908 42.4345
8199.727415 42.4345
8201.094150 42.4345
8202.461113 42.4345
8203.828304 42.4345
8205.195723 42.4345
8206.563369 42.4345
8207.931244 42.4345
8209.299346 42.4345
8210.667677 42.4345
8212.036236 42.4345
8213.405022 42.4345
8214.774037 42.4345
8216.143281 42.4345
8217.512752 42.4345
8218.882451 42.4345
8220.252379 42.4345
8221.622536 42.4345
8222.992920 42.4345
8224.363533 42.4345
8225.734375 42.4345
8227.105445 42.4345
8228.476743 42.4345
8229.848270 42.4345
8231.220026 42.4345
8232.592010 42.4345
8233.964223 42.4345
8235.336665 42.4345
8236.709336 42.4345
8238.082235 42.4345
8239.455363 42.4345
8240.828720 42.4345
8242.202306 42.4345
8243.576121 42.4345
8244.950165 42.4345
8246.324438 42.4345
8247.698939 42.4345
8249.073671 42.4345
8250.448631 42.4345
8251.823820 42.4345
8253.199239 42.4345
8254.574886 42.4345
8255.950764 42.4345
8257.326870 42.4345
8258.703206 42.4345
8260.079771 42.4345
8261.456566 42.4345
8262.833590 42.4345
8264.210844 42.4345
8265.588327 42.4345
8266.966040 42.4345
8268.343982 42.4345
8269.722155 42.4345
8271.100556 42.4345
8272.479188 42.4345
8273.858050 42.4345
8275.237141 42.4345
8276.616462 42.4345
8277.996013 42.4345
8279.375794 42.4345
8280.755805 42.4345
8282.136046 42.4345
8283.516517 42.4345
8284.897218 42.4345
8286.278149 42.4345
8287.659311 42.4345
8289.040702 42.4345
8290.422324 42.4345
8291.804177 42.4345
8293.186259 42.4345
8294.568572 42.4345
8295.951115 42.4345
8297.333889 42.4345
8298.716893 42.4345
8300.100128 42.4345
8301.483593 42.4345
8302.867289 42.4345
8304.251216 42.4345
8305.635373 42.4345
8307.019761 42.4345
8308.404380 42.4345
8309.789229 42.4345
8311.174309 42.4345
8312.559620 42.4345
8313.945163 42.4345
8315.330936 42.4345
8316.716940 42.4345
8318.103175 42.4345
8319.489641 42.4345
8320.876338 42.4345
8322.263266 42.4345
8323.650426 42.4345
8325.037816 42.4345
8326.425438 42.4345
8327.813291 42.4345
8329.201376 42.4345
8330.589692 42.4345
8331.978239 42.4345
8333.367018 42.4345
8334.756028 42.4345
8336.145270 42.4345
8337.534743 42.4345
8338.924448 42.4345
8340.314385 42.4345
8341.704553 42.4345
8343.094953 42.4345
8344.485585 42.4345
8345.876448 42.4345
8347.267544 42.4345
8348.658871 42.4345
8350.050430 42.4345
8351.442221 42.4345
8352.834244 42.4345
8354.226499 42.4345
8355.618986 42.4345
8357.011705 42.4345
8358.404657 42.4345
8359.797840 42.4345
8361.191256 42.4345
8362.584904 42.4345
8363.978784 42.4345
8365.372897 42.4345
8366.767242 42.4345
8368.161819 42.4345
8369.556629 42.4345
8370.951672 42.4345
8372.346946 42.4345
8373.742454 42.4345
8375.138194 42.4345
8376.534167 42.4345
8377.930372 42.4345
8379.326810 42.4345
8380.723481 42.4345
8382.120385 42.4345
8383.517521 42.4345
8384.914890 42.4345
8386.312493 42.4345
8387.710328 42.4345
8389.108396 42.4345
8390.506697 42.4345
8391.905232 42.4345
8393.303999 42.4345
8394.703000 42.4345
8396.102234 42.4345
8397.501701 42.4345
8398.901401 42.4345
8400.301334 42.4345
8401.701501 42.4345
8403.101902 42.4345
8404.502535 42.4345
8405.903402 42.4345
8407.304503 42.4345
8408.705837 42.4345
8410.107405 42.4345
8411.509206 42.4345
8412.911241 42.4345
8414.313510 42.4345
8415.716013 42.4345
8417.118749 42.4345
8418.521719 42.4345
8419.924923 42.4345
8421.328361 42.4345
8422.732032 42.4345
8424.135938 42.4345
8425.540078 42.4345
8426.944451 42.4345
8428.349059 42.4345
8429.753901 42.4345
8431.158977 42.4345
8432.564287 42.4345
8433.969832 42.4345
8435.375611 42.4345
8436.781624 42.4345
8438.187871 42.4345
8439.594353 42.4345
8441.001069 42.4345
8442.408020 42.4345
8443.815205 42.4345
8445.222625 42.4345
8446.630280 42.4345
8448.038169 42.4345
8449.446292 42.4345
8450.854651 42.4345
8452.263244 42.4345
8453.672072 42.4345
8455.081135 42.4345
8456.490432 42.4345
8457.899965 42.4345
8459.309732 42.4345
8460.719735 42.4345
8462.129972 42.4345
8463.540445 42.4345
8464.951152 42.4345
8466.362095 42.4345
8467.773273 42.4345
8469.184686 42.4345
8470.596335 42.4345
8472.008218 42.4345
8473.420337 42.4345
8474.832692 42.4345
8476.245282 42.4345
8477.658107 42.4345
8479.071168 42.4345
8480.484464 42.4345
8481.897996 42.4345
8483.311763 42.4345
8484.725766 42.4345
8486.140005 42.4345
8487.554480 42.4345
8488.969190 42.4345
8490.384136 42.4345
8491.799318 42.4345
8493.214736 42.4345
8494.630390 42.4345
8496.046279 42.4345
8497.462405 42.4345
8498.878767 42.4345
8500.295365 42.4345
8501.712199 42.4345
8503.129269 42.4345
8504.546575 42.4345
8505.964118 42.4345
8507.381896 42.4345
8508.799912 42.4345
8510.218163 42.4345
8511.636651 42.4345
8513.055375 42.4345
8514.474336 42.4345
8515.893533 42.4345
8517.312967 42.4345
8518.732638 42.4345
8520.152545 42.4345
8521.572689 42.4345
8522.993069 42.4345
8524.413686 42.4345
8525.834540 42.4345
8527.255631 42.4345
8528.676959 42.4345
8530.098524 42.4345
8531.520325 42.4345
8532.942364 42.4345
8534.364639 42.4345
8535.787152 42.4345
8537.209902 42.4345
8538.632889 42.4345
8540.056113 42.4345
8541.479574 42.4345
8542.903273 42.4345
8544.327208 42.4345
8545.751382 42.4345
8547.175792 42.4345
8548.600440 42.4345
8550.025326 42.4345
8551.450449 42.4345
8552.875809 42.4345
8554.301407 42.4345
8555.727243 42.4345
8557.153316 42.4345
8558.579627 42.4345
8560.006176 42.4345
8561.432963 42.4345
8562.859987 42.4345
8564.287250 42.4345
8565.714750 42.4345
8567.142488 42.4345
8568.570464 42.4345
8569.998678 42.4345
8571.427130 42.4345
8572.855820 42.4345
8574.284749 42.4345
8575.713915 42.4345
8577.143320 42.4345
8578.572963 42.4345
8580.002844 42.4345
8581.432964 42.4345
8582.863322 42.4345
8584.293918 42.4345
8585.724753 42.4345
8587.155827 42.4345
8588.587139 42.4345
8590.018689 42.4345
8591.450478 42.4345
8592.882506 42.4345
8594.314772 42.4345
8595.747278 42.4345
8597.180022 42.4345
8598.613004 42.4345
8600.046226 42.4345
8601.479686 42.4345
8602.913386 42.4345
8604.347324 42.4345
8605.781502 42.4345
8607.215918 42.4345
8608.650574 42.4345
8610.085468 42.4345
8611.520602 42.4345
8612.955975 42.4345
8614.391587 42.4345
8615.827439 42.4345
8617.263530 42.4345
8618.699860 42.4345
8620.136430 42.4345
8621.573239 42.4345
8623.010288 42.4345
8624.447576 42.4345
8625.885103 42.4345
8627.322871 42.4345
8628.760878 42.4345
8630.199124 42.4345
8631.637611 42.4345
8633.076337 42.4345
8634.515303 42.4345
8635.954509 42.4345
8637.393954 42.4345
8638.833640 42.4345
8640.273566 42.4345
8641.713731 42.4345
8643.154137 42.4345
8644.594783 42.4345
8646.035669 42.4345
8647.476795 42.4345
8648.918161 42.4345
8650.359767 42.4345
8651.801614 42.4345
8653.243701 42.4345
8654.686029 42.4345
8656.128597 42.4345
8657.571405 42.4345
8659.014454 42.4345
8660.457743 42.4345
8661.901273 42.4345
8663.345044 42.4345
8664.789055 42.4345
8666.233307 42.4345
8667.677799 42.4345
8669.122532 42.4345
8670.567507 42.4345
8672.012722 42.4345
8673.458178 42.4345
8674.903874 42.4345
8676.349812 42.4345
8677.795991 42.4345
8679.242411 42.4345
8680.689072 42.4345
8682.135974 42.4345
8683.583117 42.4345
8685.030502 42.4345
8686.478127 42.4345
8687.925994 42.4345
8689.374103 42.4345
8690.822452 42.4345
8692.271044 42.4345
8693.719876 42.4345
8695.168950 42.4345
8696.618266 42.4345
8698.067823 42.4345
8699.517622 42.4345
8700.967662 42.4345
8702.417944 42.4345
8703.868468 42.4345
8705.319234 42.4345
8706.770241 42.4345
8708.221491 42.4345
8709.672982 42.4345
8711.124715 42.4345
8712.576690 42.4345
8714.028907 42.4345
8715.481366 42.4345
8716.934068 42.4345
8718.387011 42.4345
8719.840197 42.4345
8721.293624 42.4345
8722.747295 42.4345
8724.201207 42.4345
8725.655362 42.4345
8727.109759 42.4345
8728.564398 42.4345
8730.019280 42.4345
8731.474405 42.4345
8732.929772 42.4345
8734.385381 42.4345
8735.841233 42.4345
8737.297328 42.4345
8738.753666 42.4345
8740.210246 42.4345
8741.667069 42.4345
8743.124135 42.4345
8744.581444 42.4345
8746.038996 42.4345
8747.496790 42.4345
8748.954828 42.4345
8750.413109 42.4345
8751.871632 42.4345
8753.330399 42.4345
8754.789409 42.4345
8756.248662 42.4345
8757.708159 42.4345
8759.167898 42.4345
8760.627881 42.4345
8762.088108 42.4345
8763.548578 42.4345
8765.009291 42.4345
8766.470247 42.4345
8767.931447 42.4345
8769.392891 42.4345
8770.854578 42.4345
8772.316509 42.4345
8773.778684 42.4345
8775.241102 42.4345
8776.703764 42.4345
8778.166670 42.4345
8779.629820 42.4345
8781.093213 42.4345
8782.556851 42.4345
8784.020732 42.4345
8785.484858 42.4345
8786.949227 42.4345
8788.413841 42.4345
8789.878699 42.4345
8791.343801 42.4345
8792.809147 42.4345
8794.274737 42.4345
8795.740572 42.4345
8797.206650 42.4345
8798.672974 42.4345
8800.139542 42.4345
8801.606354 42.4345
8803.073410 42.4345
8804.540711 42.4345
8806.008257 42.4345
8807.476048 42.4345
8808.944083 42.4345
8810.412362 42.4345
8811.880887 42.4345
8813.349656 42.4345
8814.818670 42.4345
8816.287929 42.4345
8817.757433 42.4345
8819.227181 42.4345
8820.697175 42.4345
8822.167414 42.4345
8823.637897 42.4345
8825.108626 42.4345
8826.579600 42.4345
8828.050820 42.4345
8829.522284 42.4345
8830.993994 42.4345
8832.465949 42.4345
8833.938149 42.4345
8835.410595 42.4345
8836.883286 42.4345
8838.356223 42.4345
8839.829405 42.4345
8841.302832 42.4345
8842.776506 42.4345
8844.250425 42.4345
8845.724589 42.4345
8847.198999 42.4345
8848.673655 42.4345
8850.148557 42.4345
8851.623705 42.4345
8853.099099 42.4345
8854.574738 42.4345
8856.050623 42.4345
8857.526755 42.4345
8859.003132 42.4345
8860.479756 42.4345
8861.956626 42.4345
8863.433742 42.4345
8864.911104 42.4345
8866.388712 42.4345
8867.866567 42.4345
8869.344667 42.4345
8870.823015 42.4345
8872.301608 42.4345
8873.780449 42.4345
8875.259535 42.4345
8876.738868 42.4345
8878.218448 42.4345
8879.698275 42.4345
8881.178348 42.4345
8882.658667 42.4345
8884.139234 42.4345
8885.620047 42.4345
8887.101107 42.4345
8888.582414 42.4345
8890.063968 42.4345
8891.545769 42.4345
8893.027817 42.4345
8894.510112 42.4345
8895.992653 42.4345
8897.475442 42.4345
8898.958479 42.4345
8900.441762 42.4345
8901.925293 42.4345
8903.409070 42.4345
8904.893096 42.4345
8906.377368 42.4345
8907.861888 42.4345
8909.346655 42.4345
8910.831670 42.4345
8912.316933 42.4345
8913.802443 42.4345
8915.288200 42.4345
8916.774205 42.4345
8918.260458 42.4345
8919.746959 42.4345
8921.233707 42.4345
8922.720703 42.4345
8924.207947 42.4345
8925.695439 42.4345
8927.183179 42.4345
8928.671167 42.4345
8930.159403 42.4345
8931.647887 42.4345
8933.136619 42.4345
8934.625599 42.4345
8936.114828 42.4345
8937.604304 42.4345
8939.094029 42.4345
8940.584002 42.4345
8942.074224 42.4345
8943.564694 42.4345
8945.055412 42.4345
8946.546379 42.4345
8948.037594 42.4345
8949.529058 42.4345
8951.020770 42.4345
8952.512732 42.4345
8954.004941 42.4345
8955.497400 42.4345
8956.990107 42.4345
8958.483063 42.4345
8959.976268 42.4345
8961.469722 42.4345
8962.963425 42.4345
8964.457377 42.4345
8965.951577 42.4345
8967.446027 42.4345
8968.940726 42.4345
8970.435674 42.4345
8971.930871 42.4345
8973.426318 42.4345
8974.922013 42.4345
8976.417958 42.4345
8977.914153 42.4345
8979.410596 42.4345
8980.907290 42.4345
8982.404232 42.4345
8983.901424 42.4345
8985.398866 42.4345
8986.896557 42.4345
8988.394498 42.4345
8989.892689 42.4345
8991.391129 42.4345
8992.889819 42.4345
8994.388759 42.4345
8995.887949 42.4345
8997.387388 42.4345
8998.887078 42.4345
9000.387017 42.4345
9001.887207 42.4345
9003.387646 42.4345
9004.888336 42.4345
9006.389276 42.4345
9007.890466 42.4345
9009.391906 42.4345
9010.893597 42.4345
9012.395537 42.4345
9013.897728 42.4345
9015.400170 42.4345
9016.902862 42.4345
9018.405804 42.4345
9019.908997 42.4345
9021.412441 42.4345
9022.916135 42.4345
9024.420079 42.4345
9025.924275 42.4345
9027.428721 42.4345
9028.933418 42.4345
9030.438365 42.4345
9031.943564 42.4345
9033.449013 42.4345
9034.954713 42.4345
9036.460665 42.4345
9037.966867 42.4345
9039.473320 42.4345
9040.980025 42.4345
9042.486980 42.4345
9043.994187 42.4345
9045.501645 42.4345
9047.009354 42.4345
9048.517315 42.4345
9050.025527 42.4345
9051.533990 42.4345
9053.042705 42.4345
9054.551671 42.4345
9056.060889 42.4345
9057.570358 42.4345
9059.080079 42.4345
9060.590051 42.4345
9062.100276 42.4345
9063.610751 42.4345
9065.121479 42.4345
9066.632459 42.4345
9068.143690 42.4345
9069.655173 42.4345
9071.166908 42.4345
9072.678896 42.4345
9074.191135 42.4345
9075.703626 42.4345
9077.216369 42.4345
9078.729365 42.4345
9080.242612 42.4345
9081.756112 42.4345
9083.269864 42.4345
9084.783869 42.4345
9086.298126 42.4345
9087.812635 42.4345
9089.327397 42.4345
9090.842411 42.4345
9092.357677 42.4345
9093.873197 42.4345
9095.388969 42.4345
9096.904993 42.4345
9098.421270 42.4345
9099.937800 42.4345
9100.000000 254.6072
9109.104552 254.6072
9118.218212 254.6072
9127.340991 254.6072
9136.472897 254.6072
9145.613940 254.6072
9154.764128 254.6072
9163.923471 254.6072
9173.091978 254.6072
9182.269658 254.6072
9191.456520 254.6072
9200.652574 254.6072
9209.857829 254.6072
9219.072293 254.6072
9228.295976 254.6072
9237.528888 254.6072
9246.771037 254.6072
9256.022433 254.6072
9265.283085 254.6072
9274.553002 254.6072
9283.832194 254.6072
9293.120670 254.6072
9302.418439 254.6072
9311.725510 254.6072
9321.041893 254.6072
9330.367597 254.6072
9339.702631 254.6072
9349.047005 254.6072
9358.400728 254.6072
9367.763810 254.6072
9377.136259 254.6072
9386.518085 254.6072
9395.909298 254.6072
9405.309907 254.6072
9414.719921 254.6072
9424.139350 254.6072
9433.568203 254.6072
9443.006490 254.6072
9452.454219 254.6072
9461.911401 254.6072
9471.378045 254.6072
9480.854160 254.6072
9490.339757 254.6072
9499.834843 254.6072
9509.339429 254.6072
9518.853525 254.6072
9528.377140 254.6072
9537.910283 254.6072
9547.452963 254.6072
9557.005192 254.6072
9566.566977 254.6072
9576.138329 254.6072
9585.719257 254.6072
9595.309771 254.6072
9604.909880 254.6072
9614.519594 254.6072
9624.138922 254.6072
9633.767875 254.6072
9643.406461 254.6072
9653.054691 254.6072
9662.712574 254.6072
9672.380119 254.6072
9682.057337 254.6072
9691.744237 254.6072
9701.440829 254.6072
9711.147122 254.6072
9720.863126 254.6072
9730.588851 254.6072
9740.324307 254.6072
9750.069503 254.6072
9759.824449 254.6072
9769.589155 254.6072
9779.363631 254.6072
9789.147886 254.6072
9798.941930 254.6072
9808.745773 254.6072
9818.559425 254.6072
9828.382895 254.6072
9838.216194 254.6072
9848.059331 254.6072
9857.912316 254.6072
9867.775159 254.6072
9877.647869 254.6072
9887.530458 254.6072
9897.422934 254.6072
9907.325307 254.6072
9917.237588 254.6072
9927.159785 254.6072
9937.091910 254.6072
9947.033973 254.6072
9956.985982 254.6072
9966.947948 254.6072
9976.919881 254.6072
9986.901791 254.6072
9996.893688 254.6072
10006.895582 254.6072
10016.907482 254.6072
10026.929400 254.6072
10036.961344 254.6072
10047.003326 254.6072
10057.055355 254.6072
10067.117440 254.6072
10077.189593 254.6072
10087.271823 254.6072
10097.364140 254.6072
10107.466554 254.6072
10117.579076 254.6072
10127.701716 254.6072
10137.834483 254.6072
10147.977388 254.6072
10158.130441 254.6072
10168.293652 254.6072
10178.467032 254.6072
10188.650590 254.6072
10198.844336 254.6072
10209.048282 254.6072
10219.262436 254.6072
10229.486810 254.6072
10239.721413 254.6072
10249.966256 254.6072
10260.221349 254.6072
10270.486703 254.6072
10280.762326 254.6072
10291.048231 254.6072
10301.344426 254.6072
10311.650923 254.6072
10321.967731 254.6072
10332.294862 254.6072
10342.632325 254.6072
10352.980130 254.6072
10363.338288 254.6072
10373.706810 254.6072
10384.085705 254.6072
10394.474985 254.6072
10404.874659 254.6072
10415.284738 254.6072
10425.705232 254.6072
10436.136152 254.6072
10446.577508 254.6072
10457.029310 254.6072
10467.491570 254.6072
10477.964297 254.6072
10488.447502 254.6072
10498.941195 254.6072
10509.445388 254.6072
10519.960089 254.6072
10530.485311 254.6072
10541.021064 254.6072
10551.567357 254.6072
10562.124202 254.6072
10572.691609 254.6072
10583.269588 254.6072
10593.858152 254.6072
10604.457308 254.6072
10615.067070 254.6072
10625.687446 254.6072
10636.318448 254.6072
10646.960086 254.6072
10657.612372 254.6072
10668.275315 254.6072
10678.948926 254.6072
10689.633216 254.6072
10700.328196 254.6072
10711.033876 254.6072
10721.750267 254.6072
10732.477380 254.6072
10743.215226 254.6072
10753.963814 254.6072
10764.723157 254.6072
10775.493264 254.6072
10786.274147 254.6072
10797.065816 254.6072
10807.868282 254.6072
10818.681556 254.6072
10829.505649 254.6072
10840.340571 254.6072
10851.186334 254.6072
10862.042948 254.6072
10872.910423 254.6072
10883.788772 254.6072
10894.678004 254.6072
10905.578132 254.6072
10916.489164 254.6072
10927.411114 254.6072
10938.343990 254.6072
10949.287805 254.6072
10960.242569 254.6072
10971.208294 254.6072
10982.184990 254.6072
10993.172668 254.6072
11004.171339 254.6072
11015.181014 254.6072
11026.201704 254.6072
11037.233421 254.6072
11048.276175 254.6072
11059.329977 254.6072
11070.394839 254.6072
11081.470770 254.6072
11092.557784 254.6072
11103.655890 254.6072
11114.765099 254.6072
11125.885424 254.6072
11137.016874 254.6072
11148.159461 254.6072
11159.313196 254.6072
11170.478091 254.6072
11181.654156 254.6072
11192.841403 254.6072
11204.039843 254.6072
11215.249487 254.6072
11226.470346 254.6072
11237.702431 254.6072
11248.945754 254.6072
11260.200326 254.6072
11271.466159 254.6072
11282.743262 254.6072
11294.031649 254.6072
11305.331330 254.6072
11316.642315 254.6072
11327.964618 254.6072
11339.298248 254.6072
11350.643218 254.6072
11361.999539 254.6072
11373.367221 254.6072
11384.746277 254.6072
11396.136717 254.6072
11407.538554 254.6072
11418.951798 254.6072
11430.376461 254.6072
11441.812555 254.6072
11453.260090 254.6072
11464.719079 254.6072
11476.189532 254.6072
11487.671462 254.6072
11499.164879 254.6072
11510.669795 254.6072
11522.186223 254.6072
11533.714172 254.6072
11545.253655 254.6072
11556.804683 254.6072
11568.367268 254.6072
11579.941421 254.6072
11591.527155 254.6072
11603.124480 254.6072
11614.733407 254.6072
11626.353950 254.6072
11637.986119 254.6072
11649.629926 254.6072
11661.285383 254.6072
11672.952501 254.6072
11684.631292 254.6072
11696.321767 254.6072
11708.023939 254.6072
11719.737819 254.6072
11731.463419 254.6072
11743.200750 254.6072
11754.949824 254.6072
11766.710654 254.6072
11778.483249 254.6072
11790.267624 254.6072
11802.063789 254.6072
11813.871755 254.6072
11825.691536 254.6072
11837.523143 254.6072
11849.366586 254.6072
11861.221880 254.6072
11873.089034 254.6072
11884.968062 254.6072
11896.858974 254.6072
11908.761784 254.6072
11920.676502 254.6072
11932.603140 254.6072
11944.541712 254.6072
11956.492228 254.6072
11968.454700 254.6072
11980.429141 254.6072
11992.415563 254.6072
12004.413976 254.6072
12016.424395 254.6072
12028.446829 254.6072
12040.481292 254.6072
12052.527796 254.6072
12064.586352 254.6072
12076.656973 254.6072
12088.739670 254.6072
12100.834456 254.6072
12112.941343 254.6072
12125.060343 254.6072
12137.191468 254.6072
12149.334730 254.6072
12161.490141 254.6072
12173.657714 254.6072
12185.837461 254.6072
12198.029393 254.6072
12210.233523 254.6072
12222.449864 254.6072
12234.678427 254.6072
12246.919225 254.6072
12259.172270 254.6072
12271.437574 254.6072
12283.715149 254.6072
12296.005008 254.6072
12308.307163 254.6072
12320.621626 254.6072
12332.948410 254.6072
12345.287527 254.6072
12357.638990 254.6072
12370.002809 254.6072
12382.378999 254.6072
12394.767572 254.6072
12407.168539 254.6072
12419.581913 254.6072
12432.007707 254.6072
12444.445932 254.6072
12456.896603 254.6072
12469.359730 254.6072
12481.835326 254.6072
12494.323405 254.6072
12506.823977 254.6072
12519.337057 254.6072
12531.862655 254.6072
12544.400786 254.6072
12556.951461 254.6072
12569.514693 254.6072
12582.090495 254.6072
12594.678878 254.6072
12607.279857 254.6072
12619.893442 254.6072
12632.519648 254.6072
12645.158486 254.6072
12657.809969 254.6072
12670.474110 254.6072
12683.150922 254.6072
12695.840416 254.6072
12708.542606 254.6072
12721.257505 254.6072
12733.985126 254.6072
12746.725480 254.6072
12759.478581 254.6072
12772.244441 254.6072
12785.023074 254.6072
12797.814492 254.6072
12810.618707 254.6072
12823.435734 254.6072
12836.265583 254.6072
12849.108269 254.6072
12861.963804 254.6072
12874.832201 254.6072
12887.713473 254.6072
12900.607632 254.6072
12913.514692 254.6072
12926.434666 254.6072
12939.367566 254.6072
12952.313405 254.6072
12965.272197 254.6072
12978.243954 254.6072
12991.228689 254.6072
13004.226416 254.6072
13017.237146 254.6072
13030.260894 254.6072
13043.297673 254.6072
13056.347494 254.6072
13069.410372 254.6072
13082.486319 254.6072
13095.575349 254.6072
13108.677474 254.6072
13121.792708 254.6072
13134.921064 254.6072
13148.062555 254.6072
13161.217193 254.6072
13174.384993 254.6072
13187.565968 254.6072
13200.760130 254.6072
13213.967492 254.6072
13227.188069 254.6072
13240.421873 254.6072
13253.668917 254.6072
13266.929215 254.6072
13280.202780 254.6072
13293.489625 254.6072
13306.789764 254.6072
13320.103209 254.6072
13333.429975 254.6072
13346.770074 254.6072
13360.123519 254.6072
13373.490325 254.6072
13386.870504 254.6072
13400.264071 254.6072
13413.671037 254.6072
13427.091417 254.6072
13440.525224 254.6072
13453.972472 254.6072
13467.433174 254.6072
13480.907343 254.6072
13494.394993 254.6072
13507.896137 254.6072
13521.410790 254.6072
13534.938964 254.6072
13548.480672 254.6072
13562.035929 254.6072
13575.604748 254.6072
13589.187143 254.6072
13602.783127 254.6072
13616.392714 254.6072
13630.015917 254.6072
13643.652750 254.6072
13657.303227 254.6072
13670.967361 254.6072
13684.645167 254.6072
13698.336656 254.6072
13712.041844 254.6072
13725.760745 254.6072
13739.493371 254.6072
13753.239736 254.6072
13766.999855 254.6072
13780.773740 254.6072
13794.561407 254.6072
13808.362868 254.6072
13822.178137 254.6072
13836.007229 254.6072
13849.850156 254.6072
13863.706933 254.6072
13877.577575 254.6072
13891.462093 254.6072
13905.360503 254.6072
13919.272819 254.6072
13933.199054 254.6072
13947.139222 254.6072
13961.093337 254.6072
13975.061413 254.6072
13989.043464 254.6072
14003.039505 254.6072
14017.049548 254.6072
14031.073608 254.6072
14045.111700 254.6072
14059.163836 254.6072
14073.230032 254.6072
14087.310301 254.6072
14101.404657 254.6072
14115.513115 254.6072
14129.635688 254.6072
14143.772391 254.6072
14157.923238 254.6072
14172.088242 254.6072
14186.267419 254.6072
14200.460782 254.6072
14214.668346 254.6072
14228.890123 254.6072
14243.126130 254.6072
14257.376380 254.6072
14271.640888 254.6072
14285.919667 254.6072
14300.212732 254.6072
14314.520097 254.6072
14328.841777 254.6072
14343.177786 254.6072
14357.528137 254.6072
14371.892847 254.6072
14386.271928 254.6072
14400.665395 254.6072
14415.073263 254.6072
14429.495547 254.6072
14443.932259 254.6072
14458.383416 254.6072
14472.849031 254.6072
14487.329119 254.6072
14501.823694 254.6072
14516.332771 254.6072
14530.856364 254.6072
14545.394489 254.6072
14559.947158 254.6072
14574.514388 254.6072
14589.096192 254.6072
14603.692585 254.6072
14618.303582 254.6072
14632.929197 254.6072
14647.569445 254.6072
14662.224341 254.6072
14676.893899 254.6072
14691.578134 254.6072
14706.277060 254.6072
14720.990693 254.6072
14735.719046 254.6072
14750.462136 254.6072
14765.219975 254.6072
14779.992581 254.6072
14794.779965 254.6072
14809.582145 254.6072
14824.399135 254.6072
14839.230949 254.6072
14854.077602 254.6072
14868.939109 254.6072
14883.815485 254.6072
14898.706745 254.6072
14913.612903 254.6072
14928.533975 254.6072
14943.469976 254.6072
14958.420920 254.6072
14973.386823 254.6072
14988.367699 254.6072
15003.363563 254.6072
15018.374431 254.6072
15033.400317 254.6072
15048.441237 254.6072
15063.497205 254.6072
15078.568236 254.6072
15093.654346 254.6072
15108.755550 254.6072
15123.871862 254.6072
15139.003299 254.6072
15154.149874 254.6072
15169.311604 254.6072
15184.488502 254.6072
15199.680586 254.6072
15214.887868 254.6072
15230.110366 254.6072
15245.348094 254.6072
15260.601068 254.6072
15275.869302 254.6072
15291.152811 254.6072
15306.451612 254.6072
15321.765720 254.6072
15337.095149 254.6072
15352.439915 254.6072
15367.800034 254.6072
15383.175520 254.6072
15398.566390 254.6072
15413.972658 254.6072
15429.394340 254.6072
15444.831452 254.6072
15460.284008 254.6072
15475.752025 254.6072
15491.235518 254.6072
15506.734501 254.6072
15522.248992 254.6072
15537.779005 254.6072
15553.324555 254.6072
15568.885659 254.6072
15584.462332 254.6072
15600.054589 254.6072
15615.662446 254.6072
15631.285919 254.6072
15646.925023 254.6072
15662.579774 254.6072
15678.250188 254.6072
15693.936280 254.6072
15709.638065 254.6072
15725.355561 254.6072
15741.088782 254.6072
15756.837744 254.6072
15772.602463 254.6072
15788.382954 254.6072
15804.179234 254.6072
15819.991318 254.6072
15835.819222 254.6072
15851.662961 254.6072
15867.522553 254.6072
15883.398012 254.6072
15899.289354 254.6072
15915.196596 254.6072
15931.119753 254.6072
15947.058841 254.6072
15963.013876 254.6072
15978.984874 254.6072
15994.971851 254.6072
16010.974823 254.6072
16026.993806 254.6072
16043.028816 254.6072
16059.079869 254.6072
16075.146981 254.6072
16091.230168 254.6072
16107.329446 254.6072
16123.444832 254.6072
16139.576342 254.6072
16155.723990 254.6072
16171.887795 254.6072
16188.067771 254.6072
16204.263936 254.6072
16220.476305 254.6072
16236.704894 254.6072
16252.949720 254.6072
16269.210799 254.6072
16285.488147 254.6072
16301.781780 254.6072
16318.091716 254.6072
16334.417969 254.6072
16350.760557 254.6072
16367.119496 254.6072
16383.494802 254.6072
16399.886491 254.6072
16416.294580 254.6072
16432.719086 254.6072
16449.160024 254.6072
16465.617411 254.6072
16482.091264 254.6072
16498.581599 254.6072
16515.088433 254.6072
16531.611781 254.6072
16548.151662 254.6072
16564.708090 254.6072
16581.281083 254.6072
16597.870658 254.6072
16614.476830 254.6072
16631.099617 254.6072
16647.739035 254.6072
16664.395101 254.6072
16681.067831 254.6072
16697.757242 254.6072
16714.463351 254.6072
16731.186174 254.6072
16747.925729 254.6072
16764.682031 254.6072
16781.455099 254.6072
16798.244947 254.6072
16815.051594 254.6072
16831.875056 254.6072
16848.715350 254.6072
16865.572492 254.6072
16882.446500 254.6072
16899.337391 254.6072
16916.245181 254.6072
16933.169887 254.6072
16950.111526 254.6072
16967.070116 254.6072
16984.045672 254.6072
17001.038213 254.6072
17018.047754 254.6072
17035.074314 254.6072
17052.117909 254.6072
17069.178555 254.6072
17086.256271 254.6072
17103.351074 254.6072
17120.462979 254.6072
17137.592005 254.6072
17154.738169 254.6072
17171.901487 254.6072
17189.081978 254.6072
17206.279657 254.6072
17223.494543 254.6072
17240.726652 254.6072
17257.976002 254.6072
17275.242610 254.6072
17292.526493 254.6072
17309.827668 254.6072
17327.146154 254.6072
17344.481966 254.6072
17361.835124 254.6072
17379.205642 254.6072
17396.593540 254.6072
17413.998835 254.6072
17431.421544 254.6072
17448.861684 254.6072
17466.319273 254.6072
17483.794329 254.6072
17501.286868 254.6072
17518.796908 254.6072
17536.324467 254.6072
17553.869563 254.6072
17571.432212 254.6072
17589.012433 254.6072
17606.610243 254.6072
17624.225659 254.6072
17641.858700 254.6072
17659.509383 254.6072
17677.177725 254.6072
17694.863744 254.6072
17712.567458 254.6072
17730.288885 254.6072
17748.028042 254.6072
17765.784947 254.6072
17783.559618 254.6072
17801.352072 254.6072
17819.162328 254.6072
17836.990403 254.6072
17854.836315 254.6072
17872.700081 254.6072
17890.581721 254.6072
17908.481251 254.6072
17926.398689 254.6072
17944.334054 254.6072
17962.287363 254.6072
17980.258635 254.6072
17998.247887 254.6072
18016.255137 254.6072
18034.280403 254.6072
18052.323703 254.6072
18070.385056 254.6072
18088.464479 254.6072
18106.561991 254.6072
18124.677609 254.6072
18142.811353 254.6072
18160.963238 254.6072
18179.133285 254.6072
18197.321511 254.6072
18215.527934 254.6072
18233.752573 254.6072
18251.995445 254.6072
18270.256570 254.6072
18288.535965 254.6072
18306.833648 254.6072
18325.149638 254.6072
18343.483953 254.6072
18361.836612 254.6072
18380.207633 254.6072
18398.597033 254.6072
18417.004833 254.6072
18435.431049 254.6072
18453.875701 254.6072
18472.338807 254.6072
18490.820385 254.6072
18509.320454 254.6072
18527.839032 254.6072
18546.376138 254.6072
18564.931790 254.6072
18583.506008 254.6072
18602.098808 254.6072
18620.710212 254.6072
18639.340235 254.6072
18657.988898 254.6072
18676.656219 254.6072
18695.342217 254.6072
18714.046910 254.6072
18732.770317 254.6072
18751.512457 254.6072
18770.273348 254.6072
18789.053010 254.6072
18807.851460 254.6072
18826.668719 254.6072
18845.504804 254.6072
18864.359735 254.6072
18883.233530 254.6072
18902.126208 254.6072
18921.037789 254.6072
18939.968290 254.6072
18958.917731 254.6072
18977.886132 254.6072
18996.873510 254.6072
19015.879885 254.6072
19034.905276 254.6072
19053.949702 254.6072
19073.013182 254.6072
19092.095735 254.6072
19111.197380 254.6072
19130.318136 254.6072
19149.458022 254.6072
19168.617058 254.6072
19187.795263 254.6072
19206.992655 254.6072
19226.209255 254.6072
19245.445080 254.6072
19264.700151 254.6072
19283.974487 254.6072
19303.268107 254.6072
19322.581030 254.6072
19341.913275 254.6072
19361.264863 254.6072
19380.635811 254.6072
19400.026141 254.6072
19419.435870 254.6072
19438.865019 254.6072
19458.313606 254.6072
19477.781653 254.6072
19497.269176 254.6072
19516.776197 254.6072
19536.302735 254.6072
19555.848809 254.6072
19575.414439 254.6072
19594.999645 254.6072
19614.604445 254.6072
19634.228860 254.6072
19653.872909 254.6072
19673.536613 254.6072
19693.219989 254.6072
19712.923059 254.6072
19732.645842 254.6072
19752.388357 254.6072
19772.150625 254.6072
19791.932665 254.6072
19811.734497 254.6072
19831.556141 254.6072
19851.397616 254.6072
19871.258943 254.6072
19891.140140 254.6072
19911.041230 254.6072
19930.962230 254.6072
19950.903161 254.6072
19970.864043 254.6072
19990.844895 254.6072
20010.845739 254.6072
20030.866594 254.6072
20050.907479 254.6072
20070.968415 254.6072
20091.049422 254.6072
20111.150521 254.6072
20131.271730 254.6072
20151.413071 254.6072
20171.574563 254.6072
20191.756227 254.6072
20211.958082 254.6072
20232.180150 254.6072
20252.422449 254.6072
20272.685001 254.6072
20292.967826 254.6072
20313.270944 254.6072
20333.594375 254.6072
20353.938139 254.6072
20374.302258 254.6072
20394.686751 254.6072
20415.091638 254.6072
20435.516941 254.6072
20455.962679 254.6072
20476.428873 254.6072
20496.915543 254.6072
20517.422711 254.6072
20537.950396 254.6072
20558.498618 254.6072
20579.067400 254.6072
20599.656760 254.6072
20620.266720 254.6072
20640.897300 254.6072
20661.548522 254.6072
20682.220404 254.6072
20702.912969 254.6072
20723.626237 254.6072
20744.360229 254.6072
20765.114965 254.6072
20785.890466 254.6072
20806.686752 254.6072
20827.503846 254.6072
20848.341767 254.6072
20869.200536 254.6072
20890.080175 254.6072
20910.980704 254.6072
20931.902143 254.6072
20952.844515 254.6072
20973.807839 254.6072
20994.792138 254.6072
21015.797431 254.6072
21036.823739 254.6072
21057.871085 254.6072
21078.939489 254.6072
21100.028971 254.6072
21121.139554 254.6072
21142.271257 254.6072
21163.424103 254.6072
21184.598113 254.6072
21205.793306 254.6072
21227.009706 254.6072
21248.247333 254.6072
21269.506208 254.6072
21290.786352 254.6072
21312.087788 254.6072
21333.410535 254.6072
21354.754616 254.6072
21376.120051 254.6072
21397.506863 254.6072
21418.915072 254.6072
21440.344701 254.6072
21461.795769 254.6072
21483.268299 254.6072
21504.762313 254.6072
21526.277831 254.6072
21547.814876 254.6072
21569.373468 254.6072
21590.953630 254.6072
21612.555382 254.6072
21634.178748 254.6072
21655.823747 254.6072
21677.490402 254.6072
21699.178735 254.6072
21720.888767 254.6072
21742.620520 254.6072
21764.374015 254.6072
21786.149275 254.6072
21807.946321 254.6072
21829.765175 254.6072
21851.605859 254.6072
21873.468394 254.6072
21895.352803 254.6072
21917.259107 254.6072
21939.187328 254.6072
21961.137489 254.6072
21983.109611 254.6072
22005.103716 254.6072
22027.119826 254.6072
22049.157963 254.6072
22071.218149 254.6072
22093.300406 254.6072
22115.404757 254.6072
22137.531223 254.6072
22159.679827 254.6072
22181.850590 254.6072
22204.043535 254.6072
22226.258685 254.6072
22248.496060 254.6072
22270.755684 254.6072
22293.037579 254.6072
22315.341767 254.6072
22337.668270 254.6072
22360.017111 254.6072
22382.388311 254.6072
22404.781895 254.6072
22427.197883 254.6072
22449.636298 254.6072
22472.097163 254.6072
22494.580500 254.6072
22517.086331 254.6072
22539.614680 254.6072
22562.165568 254.6072
22584.739019 254.6072
22607.335054 254.6072
22629.953696 254.6072
22652.594969 254.6072
22675.258894 254.6072
22697.945494 254.6072
22720.654792 254.6072
22743.386811 254.6072
22766.141574 254.6072
22788.919102 254.6072
22811.719419 254.6072
22834.542548 254.6072
22857.388512 254.6072
22880.257333 254.6072
22903.149034 254.6072
22926.063639 254.6072
22949.001169 254.6072
22971.961649 254.6072
22994.945100 254.6072
23017.951547 254.6072
23040.981011 254.6072
23064.033516 254.6072
23087.109086 254.6072
23110.207742 254.6072
23133.329509 254.6072
23156.474409 254.6072
23179.642465 254.6072
23202.833702 254.6072
23226.048141 254.6072
23249.285806 254.6072
23272.546720 254.6072
23295.830907 254.6072
23319.138389 254.6072
23342.469191 254.6072
23365.823336 254.6072
23389.200846 254.6072
23412.601745 254.6072
23436.026057 254.6072
23459.473805 254.6072
23482.945013 254.6072
23506.439703 254.6072
23529.957900 254.6072
23553.499627 254.6072
23577.064907 254.6072
23600.653764 254.6072
23624.266222 254.6072
23647.902305 254.6072
23671.562035 254.6072
23695.245437 254.6072
23718.952533 254.6072
23742.683349 254.6072
23766.437908 254.6072
23790.216233 254.6072
23814.018349 254.6072
23837.844278 254.6072
23861.694045 254.6072
23885.567674 254.6072
23909.465188 254.6072
23933.386612 254.6072
23957.331969 254.6072
23981.301284 254.6072
24000.000000 -1378.6065
24241.204010 -2546.1146
24484.832161 -2546.1146
24730.908815 -2546.1146
24979.458581 -2546.1146
25230.506313 -2546.1146
25484.077117 -2546.1146
25740.196350 -2546.1146
25998.889624 -2546.1146
26260.182809 -2546.1146
26524.102034 -2546.1146
26790.673691 -2546.1146
27059.924438 -2546.1146
27331.881200 -2546.1146
27606.571173 -2546.1146
27884.021825 -2546.1146
28164.260904 -2546.1146
28447.316432 -2546.1146
28733.216715 -2546.1146
29021.990344 -2546.1146
29313.666196 -2546.1146
29608.273439 -2546.1146
29905.841534 -2546.1146
30206.400238 -2546.1146
30509.979608 -2546.1146
30816.610001 -2546.1146
31126.322080 -2546.1146
31439.146818 -2546.1146
31755.115496 -2546.1146
32074.259713 -2546.1146
32396.611382 -2546.1146
32722.202739 -2546.1146
33051.066344 -2546.1146
33383.235083 -2546.1146
33718.742174 -2546.1146
34057.621166 -2546.1146
34399.905949 -2546.1146
34745.630752 -2546.1146
35094.830146 -2546.1146
35447.539053 -2546.1146
35803.792743 -2546.1146
36163.626843 -2546.1146
36527.077335 -2546.1146
36894.180565 -2546.1146
37264.973244 -2546.1146
37639.492452 -2546.1146
38017.775640 -2546.1146
38399.860637 -2546.1146
38785.785653 -2546.1146
39175.589279 -2546.1146
39569.310497 -2546.1146
39966.988679 -2546.1146
40368.663593 -2546.1146
40774.375407 -2546.1146
41184.164692 -2546.1146
41598.072429 -2546.1146
42016.140007 -2546.1146
42438.409234 -2546.1146
42864.922338 -2546.1146
43295.721970 -2546.1146
43730.851209 -2546.1146
44170.353571 -2546.1146
44614.273004 -2546.1146
45062.653902 -2546.1146
45515.541103 -2546.1146
45972.979896 -2546.1146
46435.016026 -2546.1146
46901.695695 -2546.1146
47373.065573 -2546.1146
47849.172798 -2546.1146
48330.064979 -2546.1146
48815.790208 -2546.1146
49306.397055 -2546.1146
49801.934584 -2546.1146
50302.452348 -2546.1146
50808.000399 -2546.1146
51318.629292 -2546.1146
51834.390091 -2546.1146
52355.334372 -2546.1146
52881.514230 -2546.1146
53412.982284 -2546.1146
53949.791680 -2546.1146
54491.996101 -2546.1146
55039.649766 -2546.1146
55592.807443 -2546.1146
56151.524446 -2546.1146
56715.856649 -2546.1146
57285.860485 -2546.1146
57861.592954 -2546.1146
58443.111631 -2546.1146
59030.474668 -2546.1146
59623.740801 -2546.1146
60222.969358 -2546.1146
60828.220263 -2546.1146
61439.554040 -2546.1146
62057.031824 -2546.1146
62680.715362 -2546.1146
63310.667024 -2546.1146
63946.949806 -2546.1146
64589.627336 -2546.1146
65238.763883 -2546.1146
65894.424360 -2546.1146
66556.674335 -2546.1146
67225.580033 -2546.1146
67901.208344 -2546.1146
68583.626834 -2546.1146
69272.903742 -2546.1146
69969.107999 -2546.1146
70672.309226 -2546.1146
71382.577742 -2546.1146
72099.984575 -2546.1146
72824.601466 -2546.1146
73556.500879 -2546.1146
74295.756003 -2546.1146
75042.440765 -2546.1146
75796.629833 -2546.1146
76558.398627 -2546.1146
77327.823325 -2546.1146
78104.980869 -2546.1146
78889.948977 -2546.1146
79682.806146 -2546.1146
80483.631661 -2546.1146
81292.505607 -2546.1146
82109.508871 -2546.1146
82934.723154 -2546.1146
83768.230979 -2546.1146
84610.115697 -2546.1146
85460.461496 -2546.1146
86319.353414 -2546.1146
87186.877338 -2546.1146
88063.120023 -2546.1146
88948.169093 -2546.1146
89842.113054 -2546.1146
90745.041302 -2546.1146
91657.044129 -2546.1146
92578.212737 -2546.1146
93508.639243 -2546.1146
94448.416691 -2546.1146
95397.639060 -2546.1146
96356.401272 -2546.1146
97324.799204 -2546.1146
98302.929698 -2546.1146
99290.890566 -2546.1146
100288.780606 -2546.1146
101296.699608 -2546.1146
102314.748364 -2546.1146
103343.028680 -2546.1146
104381.643386 -2546.1146
105430.696342 -2546.1146
106490.292456 -2546.1146
107560.537688 -2546.1146
108641.539064 -2546.1146
109733.404683 -2546.1146
110836.243735 -2546.1146
111950.166504 -2546.1146
113075.284382 -2546.1146
114211.709883 -2546.1146
115359.556651 -2546.1146
116518.939470 -2546.1146
117689.974280 -2546.1146
118872.778185 -2546.1146
120067.469468 -2546.1146
121274.167598 -2546.1146
122492.993245 -2546.1146
123724.068294 -2546.1146
124967.515852 -2546.1146
126223.460267 -2546.1146
127492.027132 -2546.1146
128773.343307 -2546.1146
130067.536923 -2546.1146
131374.737401 -2546.1146
132695.075463 -2546.1146
134028.683143 -2546.1146
135375.693802 -2546.1146
136736.242144 -2546.1146
138110.464224 -2546.1146
139498.497466 -2546.1146
140900.480673 -2546.1146
142316.554046 -2546.1146
143746.859193 -2546.1146
145191.539146 -2546.1146
146650.738374 -2546.1146
148124.602797 -2546.1146
149613.279805 -2546.1146
151116.918265 -2546.1146
152635.668542 -2546.1146
154169.682514 -2546.1146
155719.113583 -2546.1146
157284.116693 -2546.1146
158864.848345 -2546.1146
160461.466615 -2546.1146
162074.131165 -2546.1146
163703.003263 -2546.1146
165348.245798 -2546.1146
167010.023295 -2546.1146
168688.501934 -2546.1146
170383.849564 -2546.1146
172096.235720 -2546.1146
173825.831644 -2546.1146
175572.810295 -2546.1146
177337.346374 -2546.1146
179119.616336 -2546.1146
180919.798408 -2546.1146
182738.072611 -2546.1146
184574.620773 -2546.1146
186429.626551 -2546.1146
188303.275448 -2546.1146
190195.754828 -2546.1146
192107.253943 -2546.1146
194037.963943 -2546.1146
195988.077902 -2546.1146
197957.790831 -2546.1146
199947.299704 -2546.1146
201956.803475 -2546.1146
203986.503093 -2546.1146
206036.601532 -2546.1146
208107.303803 -2546.1146
210198.816978 -2546.1146
212311.350209 -2546.1146
214445.114753 -2546.1146
216600.323986 -2546.1146
218777.193433 -2546.1146
220975.940781 -2546.1146
223196.785908 -2546.1146
225439.950899 -2546.1146
227705.660073 -2546.1146
229994.140002 -2546.1146
232305.619538 -2546.1146
234640.329829 -2546.1146
236998.504348 -2546.1146
239380.378916 -2546.1146
241786.191720 2546.0722
244216.183346 2546.0722
246670.596793 2546.0722
249149.677506 2546.0722
251653.673393 2546.0722
254182.834858 2546.0722
256737.414819 2546.0722
259317.668734 2546.0722
261923.854633 2546.0722
264556.233135 2546.0722
267215.067482 2546.0722
269900.623557 2546.0722
272613.169920 2546.0722
275352.977827 2546.0722
278120.321261 2546.0722
280915.476960 2546.0722
283738.724439 2546.0722
286590.346028 2546.0722
289470.626891 2546.0722
292379.855057 2546.0722
295318.321452 2546.0722
298286.319926 2546.0722
301284.147280 2546.0722
304312.103300 2546.0722
307370.490784 2546.0722
310459.615573 2546.0722
313579.786582 2546.0722
316731.315832 2546.0722
319914.518477 2546.0722
323129.712840 2546.0722
326377.220444 2546.0722
329657.366042 2546.0722
332970.477651 2546.0722
336316.886586 2546.0722
339696.927489 2546.0722
343110.938368 2546.0722
346559.260627 2546.0722
350042.239101 2546.0722
353560.222091 2546.0722
357113.561397 2546.0722
360702.612357 2546.0722
364327.733879 2546.0722
367989.288478 2546.0722
371687.642312 2546.0722
375423.165220 2546.0722
379196.230758 2546.0722
383007.216235 2546.0722
386856.502753 2546.0722
390744.475243 2546.0722
394671.522506 2546.0722
398638.037251 2546.0722
402644.416131 2546.0722
406691.059789 2546.0722
410778.372891 2546.0722
414906.764174 2546.0722
419076.646478 2546.0722
423288.436796 2546.0722
427542.556311 2546.0722
431839.430437 2546.0722
436179.488867 2546.0722
440563.165608 2546.0722
444990.899034 2546.0722
449463.131920 2546.0722
453980.311494 2546.0722
458542.889478 2546.0722
463151.322132 2546.0722
467806.070305 2546.0722
472507.599474 2546.0722
477256.379798 2546.0722
482052.886156 2546.0722
486897.598206 2546.0722
491791.000421 2546.0722
496733.582145 2546.0722
501725.837642 2546.0722
506768.266141 2546.0722
511861.371889 2546.0722
517005.664200 2546.0722
522201.657509 2546.0722
527449.871418 2546.0722
532750.830755 2546.0722
538105.065618 2546.0722
543513.111436 2546.0722
548975.509019 2546.0722
554492.804609 2546.0722
560065.549943 2546.0722
565694.302298 2546.0722
571379.624554 2546.0722
577122.085250 2546.0722
582922.258634 2546.0722
588780.724731 2546.0722
594698.069390 2546.0722
600674.884352 2546.0722
606711.767303 2546.0722
612809.321936 2546.0722
618968.158013 2546.0722
625188.891420 2546.0722
631472.144238 2546.0722
637818.544797 2546.0722
644228.727742 2546.0722
650703.334096 2546.0722
657243.011326 2546.0722
663848.413404 2546.0722
670520.200878 2546.0722
677259.040930 2546.0722
684065.607450 2546.0722
690940.581102 2546.0722
697884.649387 2546.0722
704898.506719 2546.0722
711982.854489 2546.0722
719138.401137 2546.0722
726365.862226 2546.0722
733665.960505 2546.0722
741039.425992 2546.0722
748486.996039 2546.0722
756009.415410 2546.0722
763607.436352 2546.0722
771281.818674 2546.0722
779033.329821 2546.0722
786862.744950 2546.0722
794770.847009 2546.0722
802758.426815 2546.0722
810826.283132 2546.0722
818975.222754 2546.0722
827206.060581 2546.0722
835519.619702 2546.0722
843916.731482 2546.0722
852398.235639 2546.0722
860964.980329 2546.0722
869617.822235 2546.0722
878357.626648 2546.0722
887185.267556 2546.0722
896101.627729 2546.0722
905107.598812 2546.0722
914204.081410 2546.0722
923391.985177 2546.0722
932672.228912 2546.0722
942045.740647 2546.0722
951513.457742 2546.0722
961076.326975 2546.0722
970735.304642 2546.0722
980491.356648 2546.0722
990345.458607 2546.0722
1000298.595940 2546.0722
1010351.763960 2546.0722
1020505.968000 2546.0722
1030762.223490 2546.0722
1041121.556060 2546.0722
1051585.001650 2546.0722
1062153.606620 2546.0722
1072828.427840 2546.0722
1083610.532790 2546.0722
1094500.999700 2546.0722
1105500.917620 2546.0722
1116611.386550 2546.0722
1127833.517560 2546.0722
1139168.432850 2546.0722
1150617.265940 2546.0722
1162181.161710 2546.0722
1173861.276570 2546.0722
1185658.778530 2546.0722
1197574.847360 2546.0722
1209610.674670 2546.0722
1221767.464060 2546.0722
1234046.431210 2546.0722
1246448.804040 2546.0722
1258975.822780 2546.0722
1271628.740150 2546.0722
1284408.821460 2546.0722
1297317.344720 2546.0722
1310355.600800 2546.0722
1323524.893520 2546.0722
1336826.539840 2546.0722
1350261.869930 2546.0722
1363832.227330 2546.0722
1377538.969090 2546.0722
1391383.465890 2546.0722
1405367.102210 2546.0722
1419491.276400 2546.0722
1433757.400900 2546.0722
1448166.902340 2546.0722
1462721.221670 2546.0722
1477421.814350 2546.0722
1492270.150430 2546.0722
1507267.714780 2546.0722
1522416.007150 2546.0722
1537716.542400 2546.0722
1553170.850580 2546.0722
1568780.477140 2546.0722
1584546.983050 2546.0722
1600471.944980 2546.0722
1616556.955440 2546.0722
1632803.622950 2546.0722
1649213.572170 2546.0722
1665788.444130 2546.0722
1682529.896320 2546.0722
1699439.602900 2546.0722
1716519.254860 2546.0722
1733770.560180 2546.0722
1751195.243990 2546.0722
1768795.048790 2546.0722
1786571.734570 2546.0722
1804527.079010 2546.0722
1822662.877660 2546.0722
1840980.944120 2546.0722
1859483.110210 2546.0722
1878171.226150 2546.0722
1897047.160790 2546.0722
1916112.801720 2546.0722
1935370.055530 2546.0722
1954820.847960 2546.0722
1974467.124100 2546.0722
1994310.848600 2546.0722
2014354.005850 2546.0722
2034598.600170 2546.0722
2055046.656050 2546.0722
2075700.218310 2546.0722
2096561.352320 2546.0722
2117632.144220 2546.0722
2138914.701090 2546.0722
2160411.151210 2546.0722
2182123.644250 2546.0722
2204054.351480 2546.0722
2226205.465970 2546.0722
2248579.202870 2546.0722
2271177.799560 2546.0722
2294003.515920 2546.0722
2317058.634550 2546.0722
2340345.460970 2546.0722
2363866.323890 2546.0722
2387623.575410 2546.0722
2411619.591270 2546.0722
2435856.771110 2546.0722
2460337.538650 2546.0722
2485064.342000 2546.0722
2510039.653850 2546.0722
2535265.971760 2546.0722
2560745.818380 2546.0722
2586481.741710 2546.0722
2612476.315380 2546.0722
2638732.138850 2546.0722
2665251.837740 2546.0722
2692038.064030 2546.0722
2719093.496370 2546.0722
2746420.840320 2546.0722
2774022.828650 2546.0722
2801902.221580 2546.0722
2830061.807060 2546.0722
2858504.401080 2546.0722
2887232.847920 2546.0722
2916250.020450 2546.0722
2945558.820410 2546.0722
2975162.178720 2546.0722
3005063.055710 2546.0722
3035264.441520 2546.0722
3065769.356300 2546.0722
3096580.850580 2546.0722
3127702.005510 2546.0722
3159135.933260 2546.0722
3190885.777230 2546.0722
3222954.712440 2546.0722
3255345.945800 2546.0722
3288062.716470 2546.0722
3321108.296160 2546.0722
3354485.989440 2546.0722
3388199.134120 2546.0722
3422251.101530 2546.0722
3456645.296900 2546.0722
3491385.159690 2546.0722
3526474.163900 2546.0722
3561915.818460 2546.0722
3597713.667580 2546.0722
3633871.291060 2546.0722
3670392.304690 2546.0722
3707280.360620 2546.0722
3744539.147670 2546.0722
3782172.391760 2546.0722
3820183.856240 2546.0722
3858577.342290 2546.0722
3897356.689280 2546.0722
3936525.775200 2546.0722
3976088.516970 2546.0722
4016048.870910 2546.0722
4056410.833080 2546.0722
4097178.439710 2546.0722
4138355.767600 2546.0722
4179946.934520 2546.0722
4221956.099620 2546.0722
4264387.463840 2546.0722
4307245.270360 2546.0722
4350533.805000 2546.0722
4394257.396650 2546.0722
4438420.417700 2546.0722
4483027.284480 2546.0722
4528082.457740 2546.0722
4573590.443010 2546.0722
4619555.791130 2546.0722
4665983.098690 2546.0722
4712877.008440 2546.0722
4760242.209820 2546.0722
4808083.439390 2546.0722
4856405.481310 2546.0722
4905213.167830 2546.0722
4954511.379750 2546.0722
5004305.046940 2546.0722
5054599.148800 2546.0722
5105398.714790 2546.0722
5156708.824900 2546.0722
5208534.610200 2546.0722
5260881.253290 2546.0722
5313753.988900 2546.0722
5367158.104330 2546.0722
5421098.940050 2546.0722
5475581.890180 2546.0722
5530612.403050 2546.0722
5586195.981780 2546.0722
5642338.184770 2546.0722
5699044.626270 2546.0722
5756320.976980 2546.0722
5814172.964590 2546.0722
5872606.374340 2546.0722
5931627.049620 2546.0722
5991240.892550 2546.0722
6051453.864560 2546.0722
6112271.987000 2546.0722
6173701.341740 2546.0722
6235748.071750 2546.0722
6298418.381770 2546.0722
6361718.538870 2546.0722
6425654.873130 2546.0722
6490233.778230 2546.0722
6555461.712110 2546.0722
6621345.197630 2546.0722
6687890.823190 2546.0722
6755105.243410 2546.0722
6822995.179770 2546.0722
6891567.421340 2546.0722
6960828.825400 2546.0722
7030786.318140 2546.0722
7101446.895370 2546.0722
7172817.623210 2546.0722
7244905.638790 2546.0722
7317718.150960 2546.0722
7391262.441060 2546.0722
7465545.863550 2546.0722
7540575.846860 2546.0722
7616359.894030 2546.0722
7692905.583540 2546.0722
7770220.570010 2546.0722
7848312.585020 2546.0722
7927189.437830 2546.0722
8006859.016190 2546.0722
8087329.287120 2546.0722
8168608.297720 2546.0722
8250704.175960 2546.0722
8333625.131490 2546.0722
8417379.456480 2546.0722
8501975.526430 2546.0722
8587421.801010 2546.0722
8673726.824930 2546.0722
8760899.228770 2546.0722
8848947.729820 2546.0722
8937881.133030 2546.0722
9027708.331790 2546.0722
9118438.308910 2546.0722
9210080.137470 2546.0722
9302642.981710 2546.0722
9396136.098000 2546.0722
9490568.835730 2546.0722
9585950.638250 2546.0722
9682291.043820 2546.0722
9779599.686570 2546.0722
9877886.297440 2546.0722
9977160.705170 2546.0722
10077432.837300 2546.0722
10178712.721100 2546.0722
10281010.484600 2546.0722
10384336.357800 2546.0722
10488700.673200 2546.0722
10594113.867500 2546.0722
10700586.482000 2546.0722
10808129.164000 2546.0722
10916752.668000 2546.0722
11026467.856300 2546.0722
11137285.700600 2546.0722
11249217.282800 2546.0722
11362273.796000 2546.0722
11476466.546100 2546.0722
11591806.952500 2546.0722
11708306.549100 2546.0722
11825976.986200 2546.0722
11944830.030900 2546.0722
12064877.568500 2546.0722
12186131.603900 2546.0722
12308604.262600 2546.0722
12432307.792000 2546.0722
12557254.562600 2546.0722
12683457.069100 2546.0722
12810927.931800 2546.0722
12939679.898000 2546.0722
13069725.843000 2546.0722
13201078.771500 2546.0722
13333751.818800 2546.0722
13467758.252500 2546.0722
13603111.473200 2546.0722
13739825.016300 2546.0722
13877912.553400 2546.0722
14017387.893400 2546.0722
14158264.983800 2546.0722
14300557.912500 2546.0722
14444280.908900 2546.0722
14589448.345500 2546.0722
14736074.739000 2546.0722
14884174.752300 2546.0722
15033763.195500 2546.0722
15184855.027500 2546.0722
15337465.357700 2546.0722
15491609.447200 2546.0722
15647302.710500 2546.0722
15804560.717200 2546.0722
15963399.193100 2546.0722
16123834.022200 2546.0722
16285881.248100 2546.0722
16449557.075800 2546.0722
16614877.872900 2546.0722
16781860.171600 2546.0722
16950520.670300 2546.0722
17120876.235200 2546.0722
17292943.902000 2546.0722
17466740.877600 2546.0722
17642284.541800 2546.0722
17819592.449200 2546.0722
17998682.330700 2546.0722
18179572.095400 2546.0722
18362279.832500 2546.0722
18546823.812800 2546.0722
18733222.491000 2546.0722
18921494.507100 2546.0722
19111658.688400 2546.0722
19303734.051500 2546.0722
19497739.804000 2546.0722
19693695.346800 2546.0722
19891620.275600 2546.0722
20091534.382900 2546.0722
20293457.660400 2546.0722
20497410.300600 2546.0722
20703412.698900 2546.0722
20911485.455800 2546.0722
21121649.378600 2546.0722
21333925.483900 2546.0722
21548334.999600 2546.0722
21764899.366700 2546.0722
21983640.241900 2546.0722
22204579.499500 2546.0722
22427739.233500 2546.0722
22653141.760100 2546.0722
22880809.619800 2546.0722
23110765.579500 2546.0722
23343032.635000 2546.0722
23577634.013200 2546.0722
23814593.174500 2546.0722
24053933.815000 2546.0722
24295679.868800 2546.0722
24539855.510900 2546.0722
24786485.159000 2546.0722
25035593.476300 2546.0722
25287205.373800 2546.0722
25541346.012900 2546.0722
25798040.807900 2546.0722
26057315.428500 2546.0722
26319195.802300 2546.0722
26583708.117600 2546.0722
26850878.825900 2546.0722
27120734.644500 2546.0722
27393302.559100 2546.0722
27668609.826800 2546.0722
27946683.978500 2546.0722
28227552.822000 2546.0722
28511244.444200 2546.0722
28797787.214700 2546.0722
29087209.787800 2546.0722
29379541.106200 2546.0722
29674810.403200 2546.0722
29973047.205900 2546.0722
30274281.338400 2546.0722
30578542.924200 2546.0722
30885862.389700 2546.0722
31196270.467300 2546.0722
31509798.197900 2546.0722
31826476.934600 2546.0722
32146338.345500 2546.0722
32469414.417000 2546.0722
32795737.457000 2546.0722
33125340.098100 2546.0722
33458255.300800 2546.0722
33794516.356900 2546.0722
34134156.892800 2546.0722
34477210.872900 2546.0722
34823712.602700 2546.0722
35173696.732900 2546.0722
35527198.262000 2546.0722
35884252.540600 2546.0722
36244895.274300 2546.0722
36609162.527800 2546.0722
36977090.728000 2546.0722
37348716.668100 2546.0722
37724077.511000 2546.0722
38103210.793100 2546.0722
38486154.428000 2546.0722
38872946.710400 2546.0722
39263626.319900 2546.0722
39658232.324700 2546.0722
40056804.185900 2546.0722
40459381.760800 2546.0722
40866005.307600 2546.0722
41276715.489000 2546.0722
41691553.376400 2546.0722
42110560.453800 2546.0722
42533778.622400 2546.0722
42961250.204200 2546.0722
43393017.946900 2546.0722
43829125.027600 2546.0722
44269615.057300 2546.0722
44714532.085300 2546.0722
45163920.603900 2546.0722
45617825.552100 2546.0722
46076292.321000 2546.0722
46539366.757400 2546.0722
47007095.169300 2546.0722
47479524.329900 2546.0722
47956701.482500 2546.0722
48438674.345200 2546.0722
48925491.115700 2546.0722
49417200.476100 2546.0722
49913851.597700 2546.0722
50415494.146100 2546.0722
50922178.285900 2546.0722
51433954.685900 2546.0722
51950874.524300 2546.0722
52472989.493500 2546.0722
53000351.805300 2546.0722
53533014.196400 2546.0722
54071029.933600 2546.0722
54614452.818900 2546.0722
55163337.194900 2546.0722
55717737.950700 2546.0722
56277710.526600 2546.0722
56843310.920500 2546.0722
57414595.692900 2546.0722
57991621.972700 2546.0722
58574447.463000 2546.0722
59163130.446800 2546.0722
59757729.793100 2546.0722
60358304.962000 2546.0722
60964916.011800 2546.0722
61577623.604000 2546.0722
62196489.009900 2546.0722
62821574.116500 2546.0722
63452941.432900 2546.0722
64090654.096200 2546.0722
64734775.878400 2546.0722
65385371.192200 2546.0722
66042505.097500 2546.0722
66706243.308400 2546.0722
67376652.199200 2546.0722
68053798.811400 2546.0722
68737750.860100 2546.0722
69428576.741300 2546.0722
70126345.537900 2546.0722
70831127.027600 2546.0722
71542991.689000 2546.0722
72262010.709200 2546.0722
72988255.990600 2546.0722
73721800.158500 2546.0722
74462716.567900 2546.0722
75211079.310900 2546.0722
75966963.224600 2546.0722
76730443.897800 2546.0722
77501597.679500 2546.0722
78280501.685400 2546.0722
79067233.806800 2546.0722
79861872.717400 2546.0722
80664497.881900 2546.0722
81475189.563400 2546.0722
82294028.831700 2546.0722
83121097.571500 2546.0722
83956478.490300 2546.0722
84800255.126900 2546.0722
85652511.859700 2546.0722
86513333.915100 2546.0722
87382807.376000 2546.0722
88261019.190400 2546.0722
89148057.180300 2546.0722
90044010.050100 2546.0722
90948967.396100 2546.0722
91863019.714500 2546.0722
92786258.411500 2546.0722
93718775.811700 2546.0722
94660665.167500 2546.0722
95612020.668700 2546.0722
96572937.451700 2546.0722
97543511.608900 2546.0722
98523840.198600 2546.0722
99514021.254300 2546.0722
