91.000000 -8393.6446
94.000000 -6771.4686
96.000000 -5304.3171
98.000000 -5196.0657
100.000000 -5092.1444
102.000000 -4992.2984
104.000000 -4896.2927
106.000000 -4803.9098
108.000000 -4714.9485
110.000000 -6943.8332
114.000000 -8933.5866
118.000000 -7551.9090
121.000000 -7364.6716
125.000000 -6110.5732
127.000000 -3007.1719
128.000000 -3978.2378
131.000000 -3887.1331
132.000000 -2893.2638
134.000000 -4750.1347
137.000000 -5575.3406
140.000000 -5455.8690
143.000000 -6231.6452
147.000000 -6928.0876
151.000000 -6744.5621
155.000000 -6570.5089
159.000000 -5604.5614
162.000000 -5500.7732
166.000000 -6135.1137
170.000000 -5241.9133
173.000000 -5151.0131
177.000000 -5034.6060
180.000000 -3536.2114
182.000000 -4196.8223
186.000000 -6159.8521
191.000000 -5332.0883
194.000000 -4593.4292
198.000000 -5143.5802
202.000000 -4411.5112
205.000000 -4967.9457
210.000000 -6668.2843
216.000000 -5893.6856
220.000000 -4050.5694
223.000000 -3996.0774
227.000000 -3925.6620
230.000000 -3874.4577
234.000000 -5440.3252
240.000000 -6365.1805
246.000000 -6209.9322
252.000000 -5556.9036
257.000000 -3962.7583
260.000000 -3427.4049
264.000000 -4339.8958
269.000000 -4732.4762
274.000000 -4646.1171
279.000000 -4562.8534
284.000000 -4930.7736
290.000000 -5267.7356
296.000000 -4730.8774
301.000000 -5075.2270
308.000000 -7026.4979
318.000000 -8006.5163
328.000000 -7762.4152
338.000000 -7532.7579
348.000000 -6950.4844
357.000000 -6418.6694
366.000000 -6260.8332
375.000000 -6450.0495
385.000000 -6613.1745
395.000000 -6445.7524
405.000000 -5972.2681
414.000000 -5227.4429
422.000000 -4826.6771
430.000000 -5625.0432
441.000000 -6062.0766
451.000000 -5363.1232
460.000000 -5258.1926
470.000000 -5417.1749
480.000000 -5304.3171
490.000000 -5196.0657
500.000000 -4073.7155
506.000000 -3019.0579
512.000000 -3480.9581
520.000000 -4406.6634
530.000000 -4803.9098
540.000000 -4714.9485
550.000000 -4629.2222
560.000000 -4546.5575
570.000000 -4466.7933
580.000000 -4389.7796
590.000000 -4315.3766
600.000000 -4243.4536
610.000000 -4173.8888
620.000000 -4106.5680
630.000000 -4041.3844
640.000000 -3978.2378
650.000000 -3525.3307
658.000000 -2902.0580
665.000000 -3254.3780
675.000000 -3771.9588
685.000000 -3716.8937
695.000000 -3663.4132
705.000000 -3792.0224
716.000000 -3733.7651
726.000000 -3331.6372
735.000000 -3290.8416
745.000000 -3417.5466
755.000000 -3372.2810
765.000000 -3328.1989
775.000000 -3285.2544
785.000000 -3243.4041
795.000000 -3202.6065
805.000000 -3162.8226
815.000000 -3124.0150
825.000000 -3086.1481
835.000000 -3049.1882
845.000000 -3013.1032
855.000000 -2977.8622
865.000000 -2943.4361
875.000000 -2909.7968
885.000000 -2876.9177
895.000000 -2844.7734
905.000000 -2813.3394
915.000000 -2782.5926
925.000000 -2752.5105
935.000000 -2723.0719
945.000000 -2694.2563
955.000000 -2666.0442
965.000000 -2638.4168
975.000000 -2611.3561
985.000000 -2584.8449
995.000000 -2558.8665
1005.000000 -2533.4052
1015.000000 -2508.4455
1025.000000 -2483.9729
1035.000000 -2459.9731
1045.000000 -2436.4327
1055.000000 -2413.3386
1065.000000 -2390.6781
1075.000000 -2368.4392
1085.000000 -2346.6103
1095.000000 -2325.1801
1105.000000 -2304.1377
1115.000000 -2283.4728
1125.000000 -2263.1753
1135.000000 -2243.2354
1145.000000 -2223.6438
1155.000000 -2204.3915
1165.000000 -2185.4697
1175.000000 -2166.8699
1185.000000 -2148.5841
1195.000000 -2130.6043
1205.000000 -2112.9230
1215.000000 -2095.5327
1225.000000 -2078.4263
1235.000000 -2061.5969
1245.000000 -2045.0379
1255.000000 -2028.7428
1265.000000 -2012.7053
1275.000000 -1996.9194
1285.000000 -1981.3791
1295.000000 -1966.0789
1305.000000 -1951.0132
1315.000000 -1936.1766
1325.000000 -1921.5639
1335.000000 -1907.1702
1345.000000 -1892.9905
1355.000000 -1879.0201
1365.000000 -1865.2543
1375.000000 -1851.6889
1385.000000 -1838.3193
1395.000000 -1825.1414
1405.000000 -1812.1510
1415.000000 -1799.3443
1425.000000 -1786.7173
1435.000000 -1508.1264
1442.000000 -1059.3920
1447.000000 -1143.7090
1455.000000 -1574.8900
1465.000000 -1737.9332
1475.000000 -1726.1506
1485.000000 -1714.5267
1495.000000 -1703.0583
1505.000000 -1437.9810
1512.000000 -1010.3461
1517.000000 -1090.9340
1525.000000 -1502.6000
1535.000000 -1658.6789
1545.000000 -1647.9432
1555.000000 -1637.3455
1565.000000 -1626.8832
1575.000000 -1616.5538
1585.000000 -1606.3547
1595.000000 -1596.2835
1605.000000 -1586.3378
1615.000000 -1576.5153
1625.000000 -1566.8137
1635.000000 -1557.2307
1645.000000 -1547.7642
1655.000000 -1538.4122
1665.000000 -1299.7966
1672.000000 -913.6623
1677.000000 -986.8497
1685.000000 -1359.9199
1695.000000 -1502.1075
1705.000000 -1493.2975
1715.000000 -1484.5902
1725.000000 -1475.9839
1735.000000 -1467.4768
1745.000000 -1459.0672
1755.000000 -1450.7534
1765.000000 -1442.5338
1775.000000 -1434.4069
1785.000000 -1426.3710
1795.000000 -1418.4246
1805.000000 -1410.5663
1815.000000 -1402.7946
1825.000000 -1395.1080
1835.000000 -1387.5053
1845.000000 -1379.9849
1855.000000 -1372.5457
1865.000000 -1365.1862
1875.000000 -1357.9052
1885.000000 -1350.7014
1895.000000 -1343.5737
1905.000000 -1336.5208
1915.000000 -1329.5416
1925.000000 -1322.6349
1935.000000 -1315.7996
1945.000000 -1309.0345
1955.000000 -1432.5726
1967.000000 -1359.1133
1976.000000 -1095.2234
1984.000000 -1219.1374
1995.000000 -1340.0380
2005.000000 -1269.8614
2015.000000 -1263.5594
2025.000000 -1257.3196
2035.000000 -1251.1411
2045.000000 -1245.0231
2055.000000 -1238.9646
2065.000000 -1171.3165
2074.000000 -797.9493
2078.000000 -673.8882
2085.000000 -1037.9671
2095.000000 -1215.3089
2105.000000 -1209.5355
2115.000000 -1203.8166
2125.000000 -1198.1516
2135.000000 -1192.5397
2145.000000 -1186.9800
2155.000000 -1181.4720
2165.000000 -1176.0149
2175.000000 -1170.6079
2185.000000 -1165.2504
2195.000000 -1159.9418
2205.000000 -1154.6813
2215.000000 -1149.4683
2225.000000 -1144.3021
2235.000000 -1139.1822
2245.000000 -1134.1079
2255.000000 -1129.0786
2265.000000 -1124.0937
2275.000000 -1119.1526
2285.000000 -1114.2548
2295.000000 -1109.3996
2305.000000 -1104.5866
2315.000000 -1099.8152
2325.000000 -1095.0848
2335.000000 -1090.3949
2345.000000 -1085.7451
2355.000000 -1081.1347
2365.000000 -1076.5633
2375.000000 -1072.0304
2385.000000 -1067.5355
2395.000000 -1063.0782
2405.000000 -1058.6579
2415.000000 -1054.2742
2425.000000 -1049.9267
2435.000000 -1045.6149
2445.000000 -1041.3383
2455.000000 -1037.0966
2465.000000 -1032.8893
2475.000000 -1028.7160
2485.000000 -1024.5763
2495.000000 -1020.4698
2505.000000 -914.7565
2513.000000 -658.5543
2518.000000 -606.6892
2525.000000 -857.0936
2535.000000 -1004.3677
2545.000000 -1000.4213
2555.000000 -996.5057
2565.000000 -992.6207
2575.000000 -988.7659
2585.000000 -984.9409
2595.000000 -981.1454
2605.000000 -977.3790
2615.000000 -973.6414
2625.000000 -969.9323
2635.000000 -966.2513
2645.000000 -962.5982
2655.000000 -958.9726
2665.000000 -955.3742
2675.000000 -951.8027
2685.000000 -948.2578
2695.000000 -944.7392
2705.000000 -941.2466
2715.000000 -937.7798
2725.000000 -934.3384
2735.000000 -930.9222
2745.000000 -927.5309
2755.000000 -924.1641
2765.000000 -920.8218
2775.000000 -917.5035
2785.000000 -914.2090
2795.000000 -910.9382
2805.000000 -907.6906
2815.000000 -904.4661
2825.000000 -901.2645
2835.000000 -898.0854
2845.000000 -894.9287
2855.000000 -891.7941
2865.000000 -888.6814
2875.000000 -885.5903
2885.000000 -882.5207
2895.000000 -1099.3403
2910.000000 -1531.1431
2930.000000 -1737.9332
2950.000000 -1726.1506
2970.000000 -1714.5267
2990.000000 -1703.0583
3010.000000 -1691.7423
3030.000000 -1680.5757
3050.000000 -1669.5555
3070.000000 -1658.6789
3090.000000 -1647.9432
3110.000000 -1637.3455
3130.000000 -1626.8832
3150.000000 -1616.5538
3170.000000 -1606.3547
3190.000000 -1596.2835
3210.000000 -1586.3378
3230.000000 -1576.5153
3250.000000 -1566.8137
3270.000000 -1557.2307
3290.000000 -1547.7642
3310.000000 -1538.4122
3330.000000 -1529.1725
3350.000000 -1520.0431
3370.000000 -1511.0221
3390.000000 -1502.1075
3410.000000 -1493.2975
3430.000000 -1484.5902
3450.000000 -1475.9839
3470.000000 -1467.4768
3490.000000 -1459.0672
3510.000000 -1450.7534
3530.000000 91.6009
3550.000000 91.0848
3570.000000 90.5746
3590.000000 90.0700
3601.827400 89.7742
3602.727500 89.7518
3603.627900 89.7293
3604.528000 89.7069
3605.428200 89.6845
3606.328600 89.6621
3607.228700 89.6398
3608.129100 89.6174
3609.029200 89.5951
3609.929300 89.5727
3610.829700 89.5504
3611.729900 89.5281
3612.630200 89.5057
3613.530400 89.4835
3614.430500 89.4612
3615.330900 89.4389
3616.231000 89.4166
3617.131400 89.3944
3618.031500 89.3721
3618.931700 89.3499
3619.832000 89.3277
3620.732200 89.3055
3621.632600 89.2833
3622.532700 89.2611
3623.432800 89.2389
3624.333200 89.2167
3625.233300 89.1946
3626.133700 89.1724
3627.033900 89.1503
3627.934000 89.1282
3628.834400 89.1061
3629.734500 89.0840
3630.634900 89.0619
3631.535000 89.0398
3632.435100 89.0177
3633.335500 88.9957
3634.235700 88.9736
3635.136000 88.9516
3636.036200 88.9296
3636.936300 88.9076
3637.836700 88.8856
3638.736800 88.8636
3639.637200 88.8416
3640.537300 88.8196
3641.437500 88.7977
3642.337900 88.7757
3643.238000 88.7538
3644.138400 88.7319
3645.038500 88.7099
3645.938600 88.6880
3646.839000 88.6661
3647.739100 88.6443
3648.639500 88.6224
3649.539700 88.6005
3650.439800 88.5787
3651.340200 88.5568
3652.240300 88.5350
3653.140700 88.5132
3654.040800 88.4914
3654.941000 88.4696
3655.841300 88.4478
3656.741500 88.4260
3657.641900 88.4043
3658.542000 88.3825
3659.442100 88.3608
3660.342500 88.3390
3661.242600 88.3173
3662.143000 88.2956
3663.043200 88.2739
3663.943300 88.2522
3664.843700 88.2305
3665.743800 88.2089
3666.644200 88.1872
3667.544300 88.1656
3668.444500 88.1439
3669.344800 88.1223
3670.245000 88.1007
3671.145300 88.0791
3672.045500 88.0575
3672.945600 88.0359
3673.846000 88.0144
3674.746100 87.9928
3675.646500 87.9712
3676.546600 87.9497
3677.446800 87.9282
3678.347200 87.9066
3679.247300 87.8851
3680.147700 87.8636
3681.047800 87.8422
3681.947900 87.8207
3682.848300 87.7992
3683.748500 87.7778
3684.648800 87.7563
3685.549000 87.7349
3686.449100 87.7134
3687.349500 87.6920
3688.249600 87.6706
3689.150000 87.6492
3690.050100 87.6279
3690.950300 87.6065
3691.850700 87.5851
3692.750800 87.5638
3693.651200 87.5424
3694.551300 87.5211
3695.451400 87.4998
3696.351800 87.4785
3697.252000 87.4572
3698.152300 87.4359
3699.052500 87.4146
3699.952600 87.3933
3700.853000 87.3721
3701.753100 87.3508
3702.653500 87.3296
3703.553600 87.3084
3704.453800 87.2871
3705.354100 87.2659
3706.254300 87.2447
3707.154700 87.2235
3708.054800 87.2024
3708.954900 87.1812
3709.855300 87.1600
3710.755400 87.1389
3711.655800 87.1178
3712.556000 87.0966
3713.456100 87.0755
3714.356500 87.0544
3715.256600 87.0333
3716.157000 87.0122
3717.057100 86.9912
3717.957300 86.9701
3718.857600 86.9491
3719.757800 86.9280
3720.658200 86.9070
3721.558300 86.8860
3722.458400 86.8650
3723.358800 86.8439
3724.258900 86.8230
3725.159300 86.8020
3726.059500 86.7810
3726.959600 86.7600
3727.860000 86.7391
3728.760100 86.7181
3729.660500 86.6972
3730.560600 86.6763
3731.460800 86.6554
3732.361100 86.6345
3733.261300 86.6136
3734.161700 86.5927
3735.061800 86.5718
3735.961900 86.5510
3736.862300 86.5301
3737.762400 86.5093
3738.662800 86.4885
3739.563000 86.4676
3740.463100 86.4468
3741.363500 86.4260
3742.263600 86.4052
3743.164000 86.3845
3744.064100 86.3637
3744.964300 86.3429
3745.864600 86.3222
3746.764800 86.3014
3747.665200 86.2807
3748.565300 86.2600
3749.465400 86.2393
3750.365800 86.2186
3751.265900 86.1979
3752.166300 86.1772
3753.066500 86.1565
3753.966600 86.1359
3754.867000 86.1152
3755.767100 86.0946
3756.667500 86.0739
3757.567600 86.0533
3758.467800 86.0327
3759.368100 86.0121
3760.268300 85.9915
3761.168700 85.9709
3762.068800 85.9504
3762.968900 85.9298
3763.869300 85.9092
3764.769400 85.8887
3765.669800 85.8682
3766.570000 85.8476
3767.470100 85.8271
3768.370500 85.8066
3769.270600 85.7861
3770.171000 85.7657
3771.071100 85.7452
3771.971300 85.7247
3772.871600 85.7043
3773.771800 85.6838
3774.672200 85.6634
3775.572300 85.6430
3776.472400 85.6225
3777.372800 85.6021
3778.272900 85.5817
3779.173300 85.5613
3780.073500 85.5410
3780.973600 85.5206
3781.874000 85.5002
3782.774100 85.4799
3783.674500 85.4596
3784.574600 85.4392
3785.474800 85.4189
3786.375100 85.3986
3787.275300 85.3783
3788.175700 85.3580
3789.075800 85.3377
3789.975900 85.3175
3790.876300 85.2972
3791.776500 85.2770
3792.676800 85.2567
3793.577000 85.2365
3794.477100 85.2163
3795.377500 85.1960
3796.277600 85.1758
3797.178000 85.1557
3798.078100 85.1355
3798.978300 85.1153
3799.878700 85.0951
3800.778800 85.0750
3801.679200 85.0548
3802.579300 85.0347
3803.479400 85.0146
3804.379800 84.9944
3805.280000 84.9743
3806.180300 84.9542
3807.080500 84.9342
3807.980600 84.9141
3808.881000 84.8940
3809.781100 84.8739
3810.681500 84.8539
3811.581600 84.8339
3812.481800 84.8138
3813.382200 84.7938
3814.282300 84.7738
3815.182700 84.7538
3816.082800 84.7338
3816.983000 84.7138
3817.883300 84.6938
3818.783500 84.6739
3819.683800 84.6539
3820.584000 84.6340
3821.484100 84.6140
3822.384500 84.5941
3823.284600 84.5742
3824.185000 84.5543
3825.085200 84.5344
3825.985300 84.5145
3826.885700 84.4946
3827.785800 84.4747
3828.686200 84.4549
3829.586300 84.4350
3830.486500 84.4152
3831.386800 84.3953
3832.287000 84.3755
3833.187400 84.3557
3834.087500 84.3359
3834.987600 84.3161
3835.888000 84.2963
3836.788100 84.2765
3837.688500 84.2568
3838.588700 84.2370
3839.488800 84.2172
3840.389200 84.1975
3841.289300 84.1778
3842.189700 84.1580
3843.089800 84.1383
3843.990000 84.1186
3844.890400 84.0989
3845.790500 84.0792
3846.690900 84.0596
3847.591000 84.0399
3848.491100 84.0202
3849.391500 84.0006
3850.291700 83.9810
3851.192000 83.9613
3852.092200 83.9417
3852.992300 83.9221
3853.892700 83.9025
3854.792800 83.8829
3855.693200 83.8633
3856.593300 83.8437
3857.493500 83.8242
3858.393900 83.8046
3859.294000 83.7851
3860.194400 83.7655
3861.094500 83.7460
3861.994700 83.7265
3862.895000 83.7070
3863.795200 83.6875
3864.695600 83.6680
3865.595700 83.6485
3866.495800 83.6290
3867.396200 83.6095
3868.296300 83.5901
3869.196700 83.5706
3870.096900 83.5512
3870.997000 83.5318
3871.897400 83.5123
3872.797500 83.4929
3873.697900 83.4735
3874.598000 83.4541
3875.498200 83.4347
3876.398500 83.4154
3877.298700 83.3960
3878.199100 83.3766
3879.099200 83.3573
3879.999300 83.3379
3880.899700 83.3186
3881.799900 83.2993
3882.700200 83.2800
3883.600400 83.2607
3884.500500 83.2414
3885.400900 83.2221
3886.301000 83.2028
3887.201400 83.1835
3888.101500 83.1643
3889.001700 83.1450
3889.902100 83.1258
3890.802200 83.1066
3891.702600 83.0873
3892.602700 83.0681
3893.502900 83.0489
3894.403200 83.0297
3895.303400 83.0105
3896.203800 82.9913
3897.103900 82.9722
3898.004000 82.9530
3898.904400 82.9339
3899.804500 82.9147
3900.704900 82.8956
3901.605100 82.8764
3902.505200 82.8573
3903.405600 82.8382
3904.305700 82.8191
3905.206100 82.8000
3906.106200 82.7809
3907.006400 82.7619
3907.906800 82.7428
3908.806900 82.7238
3909.707300 82.7047
3910.607400 82.6857
3911.507500 82.6666
3912.407900 82.6476
3913.308100 82.6286
3914.208400 82.6096
3915.108600 82.5906
3916.008700 82.5716
3916.909100 82.5526
3917.809200 82.5337
3918.709600 82.5147
3919.609800 82.4958
3920.509900 82.4768
3921.410300 82.4579
3922.310400 82.4390
3923.210800 82.4200
3924.110900 82.4011
3925.011100 82.3822
3925.911400 82.3633
3926.811600 82.3445
3927.712000 82.3256
3928.612100 82.3067
3929.512200 82.2879
3930.412600 82.2690
3931.312800 82.2502
3932.213100 82.2313
3933.113300 82.2125
3934.013400 82.1937
3934.913800 82.1749
3935.813900 82.1561
3936.714300 82.1373
3937.614400 82.1185
3938.514600 82.0998
3939.415000 82.0810
3940.315100 82.0623
3941.215500 82.0435
3942.115600 82.0248
3943.015800 82.0061
3943.916100 81.9873
3944.816300 81.9686
3945.716700 81.9499
3946.616800 81.9312
3947.516900 81.9125
3948.417300 81.8939
3949.317400 81.8752
3950.217800 81.8565
3951.118000 81.8379
3952.018100 81.8193
3952.918500 81.8006
3953.818600 81.7820
3954.719000 81.7634
3955.619100 81.7448
3956.519300 81.7262
3957.419700 81.7076
3958.319800 81.6890
3959.220200 81.6704
3960.120300 81.6519
3961.020500 81.6333
3961.920800 81.6147
3962.821000 81.5962
3963.721400 81.5777
3964.621500 81.5592
3965.521600 81.5406
3966.422000 81.5221
3967.322100 81.5036
3968.222500 81.4851
3969.122700 81.4667
3970.022800 81.4482
3970.923200 81.4297
3971.823300 81.4113
3972.723700 81.3928
3973.623800 81.3744
3974.524000 81.3559
3975.424400 81.3375
3976.324500 81.3191
3977.224900 81.3007
3978.125000 81.2823
3979.025200 81.2639
3979.925500 81.2455
3980.825700 81.2272
3981.726100 81.2088
3982.626200 81.1904
3983.526300 81.1721
3984.426700 81.1537
3985.326800 81.1354
3986.227200 81.1171
3987.127400 81.0988
3988.027500 81.0805
3988.927900 81.0622
3989.828000 81.0439
3990.728400 81.0256
3991.628500 81.0073
3992.528700 80.9891
3993.429100 80.9708
3994.329200 80.9526
3995.229600 80.9343
3996.129700 80.9161
3997.029900 80.8979
3997.930200 80.8796
3998.830400 80.8614
3999.730800 80.8432
4000.630900 80.8250
4001.531000 80.8069
4002.431400 80.7887
4003.331500 80.7705
4004.231900 80.7524
4005.132100 80.7342
4006.032200 80.7161
4006.932600 80.6979
4007.832700 80.6798
4008.733100 80.6617
4009.633200 80.6436
4010.533400 80.6255
4011.433800 80.6074
4012.333900 80.5893
4013.234300 80.5712
4014.134400 80.5531
4015.034600 80.5351
4015.934900 80.5170
4016.835100 80.4990
4017.735500 80.4809
4018.635600 80.4629
4019.535700 80.4449
4020.436100 80.4269
4021.336300 80.4089
4022.236600 80.3909
4023.136800 80.3729
4024.036900 80.3549
4024.937300 80.3369
4025.837400 80.3190
4026.737800 80.3010
4027.637900 80.2831
4028.538100 80.2651
4029.438500 80.2472
4030.338600 80.2293
4031.239000 80.2114
4032.139100 80.1935
4033.039300 80.1756
4033.939600 80.1577
4034.839800 80.1398
4035.740200 80.1219
4036.640300 80.1040
4037.540400 80.0862
4038.440800 80.0683
4039.341000 80.0505
4040.241300 80.0326
4041.141500 80.0148
4042.041600 79.9970
4042.942000 79.9792
4043.842100 79.9614
4044.742500 79.9436
4045.642700 79.9258
4046.542800 79.9080
4047.443200 79.8902
4048.343300 79.8725
4049.243700 79.8547
4050.143800 79.8370
4051.044000 79.8192
4051.944300 79.8015
4052.844500 79.7838
4053.744900 79.7660
4054.645000 79.7483
4055.545100 79.7306
4056.445500 79.7129
4057.345700 79.6952
4058.246000 79.6776
4059.146200 79.6599
4060.046300 79.6422
4060.946700 79.6246
4061.846800 79.6069
4062.747200 79.5893
4063.647400 79.5717
4064.547500 79.5540
4065.447900 79.5364
4066.348000 79.5188
4067.248400 79.5012
4068.148500 79.4836
4069.048700 79.4660
4069.949100 79.4485
4070.849200 79.4309
4071.749600 79.4133
4072.649700 79.3958
4073.549900 79.3782
4074.450200 79.3607
4075.350400 79.3432
4076.250800 79.3256
4077.150900 79.3081
4078.051000 79.2906
4078.951400 79.2731
4079.851600 79.2556
4080.751900 79.2381
4081.652100 79.2207
4082.552200 79.2032
4083.452600 79.1857
4084.352700 79.1683
4085.253100 79.1508
4086.153200 79.1334
4087.053400 79.1160
4087.953800 79.0985
4088.853900 79.0811
4089.754300 79.0637
4090.654400 79.0463
4091.554600 79.0289
4092.454900 79.0115
4093.355100 78.9942
4094.255500 78.9768
4095.155600 78.9594
4096.055700 78.9421
4096.956100 78.9247
4097.856500 78.9074
4098.756600 78.8901
4099.656800 78.8727
4100.556900 78.8554
4101.457100 78.8381
4102.357700 78.8208
4103.257800 78.8035
4104.158000 78.7862
4105.058100 78.7690
4105.958200 78.7517
4106.858900 78.7344
4107.759000 78.7172
4108.659100 78.6999
4109.559300 78.6827
4110.459400 78.6655
4111.360000 78.6482
4112.260200 78.6310
4113.160300 78.6138
4114.060500 78.5966
4114.960600 78.5794
4115.861200 78.5622
4116.761400 78.5450
4117.661500 78.5279
4118.561600 78.5107
4119.461800 78.4935
4120.362400 78.4764
4121.262500 78.4593
4122.162700 78.4421
4123.062800 78.4250
4123.963000 78.4079
4124.863600 78.3908
4125.763700 78.3737
4126.663900 78.3566
4127.564000 78.3395
4128.464100 78.3224
4129.364800 78.3053
4130.264900 78.2882
4131.165000 78.2712
4132.065200 78.2541
4132.965300 78.2371
4133.865900 78.2200
4134.766100 78.2030
4135.666200 78.1860
4136.566400 78.1690
4137.466500 78.1520
4138.367100 78.1350
4139.267300 78.1180
4140.167400 78.1010
4141.067500 78.0840
4141.967700 78.0670
4142.868300 78.0501
4143.768400 78.0331
4144.668600 78.0162
4145.568700 77.9992
4146.468900 77.9823
4147.369500 77.9654
4148.269600 77.9484
4149.169800 77.9315
4150.069900 77.9146
4150.970000 77.8977
4151.870700 77.8808
4152.770800 77.8640
4153.670900 77.8471
4154.571100 77.8302
4155.471200 77.8134
4156.371800 77.7965
4157.272000 77.7797
4158.172100 77.7628
4159.072300 77.7460
4159.972400 77.7292
4160.873000 77.7123
4161.773200 77.6955
4162.673300 77.6787
4163.573400 77.6619
4164.473600 77.6451
4165.374200 77.6284
4166.274300 77.6116
4167.174500 77.5948
4168.074600 77.5781
4168.974800 77.5613
4169.875400 77.5446
4170.775500 77.5278
4171.675700 77.5111
4172.575800 77.4944
4173.475900 77.4777
4174.376600 77.4609
4175.276700 77.4442
4176.176800 77.4276
4177.077000 77.4109
4177.977100 77.3942
4178.877700 77.3775
4179.777900 77.3608
4180.678000 77.3442
4181.578200 77.3275
4182.478300 77.3109
4183.378900 77.2943
4184.279100 77.2776
4185.179200 77.2610
4186.079300 77.2444
4186.979500 77.2278
4187.880100 77.2112
4188.780200 77.1946
4189.680400 77.1780
4190.580500 77.1614
4191.480700 77.1449
4192.381300 77.1283
4193.281400 77.1117
4194.181600 77.0952
4195.081700 77.0786
4195.981800 77.0621
4196.882500 77.0456
4197.782600 77.0290
4198.682700 77.0125
4199.582900 76.9960
4200.483000 76.9795
4201.383600 76.9630
4202.283800 76.9465
4203.183900 76.9301
4204.084100 76.9136
4204.984200 76.8971
4205.884800 76.8807
4206.785000 76.8642
4207.685100 76.8478
4208.585200 76.8313
4209.485400 76.8149
4210.386000 76.7985
4211.286100 76.7820
4212.186300 76.7656
4213.086400 76.7492
4213.986600 76.7328
4214.887200 76.7164
4215.787300 76.7001
4216.687500 76.6837
4217.587600 76.6673
4218.487700 76.6510
4219.388400 76.6346
4220.288500 76.6183
4221.188600 76.6019
4222.088800 76.5856
4222.988900 76.5693
4223.889500 76.5529
4224.789700 76.5366
4225.689800 76.5203
4226.590000 76.5040
4227.490100 76.4877
4228.390700 76.4714
4229.290900 76.4552
4230.191000 76.4389
4231.091100 76.4226
4231.991300 76.4064
4232.891900 76.3901
4233.792100 76.3739
4234.692200 76.3577
4235.592300 76.3414
4236.492500 76.3252
4237.393100 76.3090
4238.293200 76.2928
4239.193400 76.2766
4240.093500 76.2604
4240.993600 76.2442
4241.894300 76.2280
4242.794400 76.2118
4243.694600 76.1957
4244.594700 76.1795
4245.494800 76.1634
4246.395500 76.1472
4247.295600 76.1311
4248.195700 76.1149
4249.095900 76.0988
4249.996000 76.0827
4250.896600 76.0666
4251.796800 76.0505
4252.696900 76.0344
4253.597100 76.0183
4254.497200 76.0022
4255.397800 75.9861
4256.298000 75.9700
4257.198100 75.9540
4258.098200 75.9379
4258.998400 75.9219
4259.899000 75.9058
4260.799100 75.8898
4261.699300 75.8738
4262.599400 75.8577
4263.499600 75.8417
4264.400200 75.8257
4265.300300 75.8097
4266.200500 75.7937
4267.100600 75.7777
4268.000700 75.7617
4268.901400 75.7458
4269.801500 75.7298
4270.701600 75.7138
4271.601800 75.6979
4272.501900 75.6819
4273.402600 75.6660
4274.302700 75.6500
4275.202800 75.6341
4276.103000 75.6182
4277.003100 75.6023
4277.903700 75.5864
4278.803900 75.5705
4279.704000 75.5546
4280.604200 75.5387
4281.504300 75.5228
4282.404900 75.5069
4283.305100 75.4910
4284.205200 75.4752
4285.105300 75.4593
4286.005500 75.4435
4286.906100 75.4276
4287.806200 75.4118
4288.706400 75.3960
4289.606500 75.3801
4290.506700 75.3643
4291.407300 75.3485
4292.307400 75.3327
4293.207600 75.3169
4294.107700 75.3011
4295.007800 75.2854
4295.908500 75.2696
4296.808600 75.2538
4297.708700 75.2380
4298.608900 75.2223
4299.509000 75.2065
4300.409700 75.1908
4301.309800 75.1750
4302.209900 75.1593
4303.110100 75.1436
4304.010200 75.1279
4304.910800 75.1122
4305.811000 75.0965
4306.711100 75.0808
4307.611300 75.0651
4308.511400 75.0494
4309.412000 75.0337
4310.312200 75.0180
4311.212300 75.0024
4312.112400 74.9867
4313.012600 74.9711
4313.913200 74.9554
4314.813300 74.9398
4315.713500 74.9242
4316.613600 74.9085
4317.513800 74.8929
4318.414400 74.8773
4319.314500 74.8617
4320.214700 74.8461
4321.114800 74.8305
4322.014900 74.8149
4322.915600 74.7993
4323.815700 74.7838
4324.715800 74.7682
4325.616000 74.7526
4326.516100 74.7371
4327.416800 74.7215
4328.316900 74.7060
4329.217000 74.6905
4330.117200 74.6749
4331.017300 74.6594
4331.917900 74.6439
4332.818100 74.6284
4333.718200 74.6129
4334.618400 74.5974
4335.518500 74.5819
4336.419100 74.5664
4337.319300 74.5509
4338.219400 74.5355
4339.119500 74.5200
4340.019700 74.5045
4340.920300 74.4891
4341.820400 74.4736
4342.720600 74.4582
4343.620700 74.4428
4344.520900 74.4273
4345.421500 74.4119
4346.321600 74.3965
4347.221800 74.3811
4348.121900 74.3657
4349.022000 74.3503
4349.922700 74.3349
4350.822800 74.3195
4351.723000 74.3042
4352.623100 74.2888
4353.523200 74.2734
4354.423900 74.2581
4355.324000 74.2427
4356.224100 74.2274
4357.124300 74.2121
4358.024400 74.1967
4358.925000 74.1814
4359.825200 74.1661
4360.725300 74.1508
4361.625500 74.1355
4362.525600 74.1202
4363.426200 74.1049
4364.326400 74.0896
4365.226500 74.0743
4366.126600 74.0590
4367.026800 74.0438
4367.927400 74.0285
4368.827600 74.0133
4369.727700 73.9980
4370.627800 73.9828
4371.528000 73.9675
4372.428600 73.9523
4373.328700 73.9371
4374.228900 73.9219
4375.129000 73.9067
4376.029200 73.8915
4376.929800 73.8763
4377.829900 73.8611
4378.730100 73.8459
4379.630200 73.8307
4380.530300 73.8155
4381.431000 73.8004
4382.331100 73.7852
4383.231200 73.7700
4384.131400 73.7549
4385.031500 73.7398
4385.932200 73.7246
4386.832300 73.7095
4387.732400 73.6944
4388.632600 73.6793
4389.532700 73.6641
4390.433300 73.6490
4391.333500 73.6339
4392.233600 73.6188
4393.133800 73.6038
4394.033900 73.5887
4394.934500 73.5736
4395.834700 73.5585
4396.734800 73.5435
4397.634900 73.5284
4398.535100 73.5134
4399.435700 73.4983
4400.335900 73.4833
4401.236000 73.4683
4402.136100 73.4532
4403.036300 73.4382
4403.936900 73.4232
4404.837000 73.4082
4405.737200 73.3932
4406.637300 73.3782
4407.537500 73.3632
4408.438100 73.3482
4409.338200 73.3333
4410.238400 73.3183
4411.138500 73.3033
4412.038600 73.2884
4412.939300 73.2734
4413.839400 73.2585
4414.739500 73.2435
4415.639700 73.2286
4416.539800 73.2137
4417.440500 73.1988
4418.340600 73.1838
4419.240700 73.1689
4420.140900 73.1540
4421.041000 73.1391
4421.941600 73.1243
4422.841800 73.1094
4423.741900 73.0945
4424.642100 73.0796
4425.542200 73.0648
4426.442800 73.0499
4427.343000 73.0350
4428.243100 73.0202
4429.143200 73.0054
4430.043400 72.9905
4430.944000 72.9757
4431.844200 72.9609
4432.744300 72.9460
4433.644400 72.9312
4434.544600 72.9164
4435.445200 72.9016
4436.345300 72.8868
4437.245500 72.8720
4438.145600 72.8573
4439.045800 72.8425
4439.946400 72.8277
4440.846500 72.8130
4441.746700 72.7982
4442.646800 72.7835
4443.546900 72.7687
4444.447600 72.7540
4445.347700 72.7392
4446.247900 72.7245
4447.148000 72.7098
4448.048100 72.6951
4448.948800 72.6804
4449.848900 72.6657
4450.749000 72.6510
4451.649200 72.6363
4452.549300 72.6216
4453.449900 72.6069
4454.350100 72.5922
4455.250200 72.5776
4456.150400 72.5629
4457.050500 72.5482
4457.951100 72.5336
4458.851300 72.5189
4459.751400 72.5043
4460.651600 72.4897
4461.551700 72.4750
4462.452300 72.4604
4463.352500 72.4458
4464.252600 72.4312
4465.152700 72.4166
4466.052900 72.4020
4466.953500 72.3874
4467.853600 72.3728
4468.753800 72.3582
4469.653900 72.3437
4470.554100 72.3291
4471.454700 72.3145
4472.354800 72.3000
4473.255000 72.2854
4474.155100 72.2709
4475.055300 72.2564
4475.955900 72.2418
4476.856000 72.2273
4477.756200 72.2128
4478.656300 72.1983
4479.556400 72.1837
4480.457100 72.1692
4481.357200 72.1547
4482.257300 72.1403
4483.157500 72.1258
4484.057600 72.1113
4484.958300 72.0968
4485.858400 72.0823
4486.758500 72.0679
4487.658700 72.0534
4488.558800 72.0390
4489.459400 72.0245
4490.359600 72.0101
4491.259700 71.9957
4492.159900 71.9812
4493.060000 71.9668
4493.960600 71.9524
4494.860800 71.9380
4495.760900 71.9236
4496.661100 71.9092
4497.561200 71.8948
4498.461800 71.8804
4499.362000 71.8660
4500.262100 71.8516
4501.162200 71.8373
4502.062400 71.8229
4502.963000 71.8085
4503.863100 71.7942
4504.763300 71.7798
4505.663400 71.7655
4506.563600 71.7512
4507.464200 71.7368
4508.364300 71.7225
4509.264500 71.7082
4510.164600 71.6939
4511.064800 71.6796
4511.965400 71.6653
4512.865500 71.6510
4513.765700 71.6367
4514.665800 71.6224
4515.565900 71.6081
4516.466600 71.5938
4517.366700 71.5796
4518.266900 71.5653
4519.167000 71.5511
4520.067100 71.5368
4520.967800 71.5226
4521.867900 71.5083
4522.768000 71.4941
4523.668200 71.4799
4524.568300 71.4656
4525.468900 71.4514
4526.369100 71.4372
4527.269200 71.4230
4528.169400 71.4088
4529.069500 71.3946
4529.970100 71.3804
4530.870300 71.3662
4531.770400 71.3521
4532.670600 71.3379
4533.570700 71.3237
4534.471300 71.3096
4535.371500 71.2954
4536.271600 71.2813
4537.171700 71.2671
4538.071900 71.2530
4538.972500 71.2388
4539.872700 71.2247
4540.772800 71.2106
4541.672900 71.1965
4542.573100 71.1824
4543.473700 71.1683
4544.373800 71.1542
4545.274000 71.1401
4546.174100 71.1260
4547.074300 71.1119
4547.974900 71.0978
4548.875000 71.0838
4549.775200 71.0697
4550.675300 71.0556
4551.575400 71.0416
4552.476100 71.0275
4553.376200 71.0135
4554.276400 70.9995
4555.176500 70.9854
4556.076600 70.9714
4556.977300 70.9574
4557.877400 70.9434
4558.777500 70.9294
4559.677700 70.9154
4560.577800 70.9014
4561.478500 70.8874
4562.378600 70.8734
4563.278700 70.8594
4564.178900 70.8454
4565.079000 70.8315
4565.979600 70.8175
4566.879800 70.8035
4567.779900 70.7896
4568.680100 70.7756
4569.580200 70.7617
4570.480800 70.7477
4571.381000 70.7338
4572.281100 70.7199
4573.181300 70.7060
4574.081400 70.6920
4574.982000 70.6781
4575.882200 70.6642
4576.782300 70.6503
4577.682400 70.6364
4578.582600 70.6225
4579.483200 70.6087
4580.383400 70.5948
4581.283500 70.5809
4582.183600 70.5670
4583.083800 70.5532
4583.984400 70.5393
4584.884500 70.5255
4585.784700 70.5116
4586.684800 70.4978
4587.585000 70.4840
4588.485600 70.4701
4589.385700 70.4563
4590.285900 70.4425
4591.186000 70.4287
4592.086200 70.4149
4592.986800 70.4011
4593.886900 70.3873
4594.787100 70.3735
4595.687200 70.3597
4596.587300 70.3459
4597.488000 70.3321
4598.388100 70.3184
4599.288300 70.3046
4600.188400 70.2909
4601.088500 70.2771
4601.989200 70.2633
4602.889300 70.2496
4603.789400 70.2359
4604.689600 70.2221
4605.589700 70.2084
4606.490300 70.1947
4607.390500 70.1810
4608.290600 70.1673
4609.190800 70.1536
4610.090900 70.1399
4610.991500 70.1262
4611.891700 70.1125
4612.791800 70.0988
4613.692000 70.0851
4614.592100 70.0715
4615.492700 70.0578
4616.392900 70.0441
4617.293000 70.0305
4618.193100 70.0168
4619.093300 70.0032
4619.993900 69.9895
4620.894100 69.9759
4621.794200 69.9623
4622.694300 69.9486
4623.594500 69.9350
4624.495100 69.9214
4625.395200 69.9078
4626.295400 69.8942
4627.195500 69.8806
4628.095700 69.8670
4628.996300 69.8534
4629.896400 69.8398
4630.796600 69.8263
4631.696700 69.8127
4632.596900 69.7991
4633.497500 69.7855
4634.397600 69.7720
4635.297800 69.7584
4636.197900 69.7449
4637.098100 69.7314
4637.998700 69.7178
4638.898800 69.7043
4639.799000 69.6908
4640.699100 69.6773
4641.599200 69.6637
4642.499900 69.6502
4643.400000 69.6367
4644.300200 69.6232
4645.200300 69.6097
4646.100400 69.5963
4647.001100 69.5828
4647.901200 69.5693
4648.801300 69.5558
4649.701500 69.5423
4650.601600 69.5289
4651.502300 69.5154
4652.402400 69.5020
4653.302500 69.4885
4654.202700 69.4751
4655.102800 69.4617
4656.003400 69.4482
4656.903600 69.4348
4657.803700 69.4214
4658.703900 69.4080
4659.604000 69.3946
4660.504600 69.3811
4661.404800 69.3678
4662.304900 69.3544
4663.205100 69.3410
4664.105200 69.3276
4665.005800 69.3142
4665.906000 69.3008
4666.806100 69.2875
4667.706200 69.2741
4668.606400 69.2607
4669.507000 69.2474
4670.407200 69.2340
4671.307300 69.2207
4672.207400 69.2074
4673.107600 69.1940
4674.008200 69.1807
4674.908300 69.1674
4675.808500 69.1541
4676.708600 69.1408
4677.608800 69.1274
4678.509400 69.1141
4679.409500 69.1008
4680.309700 69.0876
4681.209800 69.0743
4682.110000 69.0610
4683.010600 69.0477
4683.910700 69.0344
4684.810900 69.0212
4685.711000 69.0079
4686.611100 68.9947
4687.511800 68.9814
4688.411900 68.9682
4689.312100 68.9549
4690.212200 68.9417
4691.112300 68.9285
4692.013000 68.9152
4692.913100 68.9020
4693.813200 68.8888
4694.713400 68.8756
4695.613500 68.8624
4696.514200 68.8492
4697.414300 68.8360
4698.314400 68.8228
4699.214600 68.8096
4700.114700 68.7964
4701.015400 68.7833
4701.915500 68.7701
4702.815600 68.7569
4703.715800 68.7438
4704.615900 68.7306
4705.516500 68.7175
4706.416700 68.7043
4707.316800 68.6912
4708.217000 68.6781
4709.117100 68.6649
4710.017700 68.6518
4710.917900 68.6387
4711.818000 68.6256
4712.718200 68.6125
4713.618300 68.5994
4714.518900 68.5862
4715.419100 68.5732
4716.319200 68.5601
4717.219300 68.5470
4718.119500 68.5339
4719.020100 68.5208
4719.920300 68.5078
4720.820400 68.4947
4721.720500 68.4816
4722.620700 68.4686
4723.521300 68.4555
4724.421400 68.4425
4725.321600 68.4295
4726.221700 68.4164
4727.121900 68.4034
4728.022500 68.3904
4728.922600 68.3773
4729.822800 68.3643
4730.722900 68.3513
4731.623100 68.3383
4732.523700 68.3253
4733.423800 68.3123
4734.324000 68.2993
4735.224100 68.2863
4736.124300 68.2734
4737.024900 68.2604
4737.925000 68.2474
4738.825200 68.2345
4739.725300 68.2215
4740.625400 68.2085
4741.526100 68.1956
4742.426200 68.1826
4743.326400 68.1697
4744.226500 68.1568
4745.126600 68.1438
4746.027300 68.1309
4746.927400 68.1180
4747.827600 68.1051
4748.727700 68.0922
4749.627800 68.0793
4750.528500 68.0664
4751.428600 68.0535
4752.328700 68.0406
4753.228900 68.0277
4754.129000 68.0148
4755.029700 68.0019
4755.929800 67.9891
4756.829900 67.9762
4757.730100 67.9633
4758.630200 67.9505
4759.530800 67.9376
4760.431000 67.9248
4761.331100 67.9119
4762.231300 67.8991
4763.131400 67.8863
4764.032000 67.8734
4764.932200 67.8606
4765.832300 67.8478
4766.732500 67.8350
4767.632600 67.8222
4768.533200 67.8094
4769.433400 67.7966
4770.333500 67.7838
4771.233700 67.7710
4772.133800 67.7582
4773.034400 67.7454
4773.934600 67.7326
4774.834700 67.7199
4775.734800 67.7071
4776.635000 67.6943
4777.535600 67.6816
4778.435800 67.6688
4779.335900 67.6561
4780.236000 67.6433
4781.136200 67.6306
4782.036800 67.6179
4782.936900 67.6052
4783.837100 67.5924
4784.737200 67.5797
4785.637400 67.5670
4786.538000 67.5543
4787.438100 67.5416
4788.338300 67.5289
4789.238400 67.5162
4790.138600 67.5035
4791.039200 67.4908
4791.939300 67.4781
4792.839500 67.4655
4793.739600 67.4528
4794.639800 67.4401
4795.540400 67.4275
4796.440500 67.4148
4797.340700 67.4022
4798.240800 67.3895
4799.141000 67.3769
4800.041600 67.3642
4800.941700 67.3516
4801.841900 67.3390
4802.742000 67.3264
4803.642100 67.3138
4804.542800 67.3011
4805.442900 67.2885
4806.343100 67.2759
4807.243200 67.2633
4808.143300 67.2507
4809.044000 67.2381
4809.944100 67.2256
4810.844200 67.2130
4811.744400 67.2004
4812.644500 67.1878
4813.545200 67.1753
4814.445300 67.1627
4815.345400 67.1502
4816.245600 67.1376
4817.145700 67.1251
4818.046400 67.1125
4818.946500 67.1000
4819.846600 67.0874
4820.746800 67.0749
4821.646900 67.0624
4822.547500 67.0499
4823.447700 67.0374
4824.347800 67.0248
4825.248000 67.0123
4826.148100 66.9998
4827.048700 66.9873
4827.948900 66.9749
4828.849000 66.9624
4829.749200 66.9499
4830.649300 66.9374
4831.549900 66.9249
4832.450100 66.9125
4833.350200 66.9000
4834.250400 66.8876
4835.150500 66.8751
4836.051100 66.8626
4836.951300 66.8502
4837.851400 66.8378
4838.751500 66.8253
4839.651700 66.8129
4840.552300 66.8005
4841.452500 66.7880
4842.352600 66.7756
4843.252700 66.7632
4844.152900 66.7508
4845.053500 66.7384
4845.953700 66.7260
4846.853800 66.7136
4847.753900 66.7012
4848.654100 66.6889
4849.554700 66.6765
4850.454800 66.6641
4851.355000 66.6517
4852.255100 66.6394
4853.155300 66.6270
4854.055900 66.6146
4854.956000 66.6023
4855.856200 66.5899
4856.756300 66.5776
4857.656500 66.5653
4858.557100 66.5529
4859.457200 66.5406
4860.357400 66.5283
4861.257500 66.5160
4862.157700 66.5036
4863.058300 66.4913
4863.958400 66.4790
4864.858600 66.4667
4865.758700 66.4544
4866.658900 66.4421
4867.559500 66.4298
4868.459600 66.4176
4869.359800 66.4053
4870.259900 66.3930
4871.160000 66.3807
4872.060700 66.3685
4872.960800 66.3562
4873.861000 66.3439
4874.761100 66.3317
4875.661200 66.3194
4876.561900 66.3072
4877.462000 66.2950
4878.362200 66.2827
4879.262300 66.2705
4880.162400 66.2583
4881.063100 66.2461
4881.963200 66.2338
4882.863300 66.2216
4883.763500 66.2094
4884.663600 66.1972
4885.564300 66.1850
4886.464400 66.1728
4887.364500 66.1606
4888.264700 66.1485
4889.164800 66.1363
4890.065500 66.1241
4890.965600 66.1119
4891.865700 66.0998
4892.765900 66.0876
4893.666000 66.0754
4894.566600 66.0633
4895.466800 66.0511
4896.366900 66.0390
4897.267100 66.0269
4898.167200 66.0147
4899.067800 66.0026
4899.968000 65.9905
4900.868100 65.9783
4901.768300 65.9662
4902.668400 65.9541
4903.569000 65.9420
4904.469200 65.9299
4905.369300 65.9178
4906.269500 65.9057
4907.169600 65.8936
4908.070200 65.8815
4908.970400 65.8694
4909.870500 65.8574
4910.770700 65.8453
4911.670800 65.8332
4912.571400 65.8212
4913.471600 65.8091
4914.371700 65.7971
4915.271900 65.7850
4916.172000 65.7730
4917.072600 65.7609
4917.972800 65.7489
4918.872900 65.7368
4919.773000 65.7248
4920.673200 65.7128
4921.573800 65.7008
4922.474000 65.6888
4923.374100 65.6767
4924.274200 65.6647
4925.174400 65.6527
4926.075000 65.6407
4926.975200 65.6287
4927.875300 65.6168
4928.775400 65.6048
4929.675600 65.5928
4930.576200 65.5808
4931.476300 65.5688
4932.376500 65.5569
4933.276600 65.5449
4934.176800 65.5330
4935.077400 65.5210
4935.977500 65.5090
4936.877700 65.4971
4937.777800 65.4852
4938.678000 65.4732
4939.578600 65.4613
4940.478700 65.4494
4941.378900 65.4374
4942.279000 65.4255
4943.179200 65.4136
4944.079800 65.4017
4944.979900 65.3898
4945.880100 65.3779
4946.780200 65.3660
4947.680400 65.3541
4948.581000 65.3422
4949.481100 65.3303
4950.381300 65.3184
4951.281400 65.3066
4952.181600 65.2947
4953.082200 65.2828
4953.982300 65.2710
4954.882500 65.2591
4955.782600 65.2472
4956.682700 65.2354
4957.583400 65.2235
4958.483500 65.2117
4959.383700 65.1999
4960.283800 65.1880
4961.183900 65.1762
4962.084600 65.1644
4962.984700 65.1526
4963.884900 65.1407
4964.785000 65.1289
4965.685100 65.1171
4966.585800 65.1053
4967.485900 65.0935
4968.386100 65.0817
4969.286200 65.0699
4970.186300 65.0582
4971.087000 65.0464
4971.987100 65.0346
4972.887200 65.0228
4973.787400 65.0111
4974.687500 64.9993
4975.588200 64.9875
4976.488300 64.9758
4977.388400 64.9640
4978.288600 64.9523
4979.188700 64.9405
4980.089400 64.9288
4980.989500 64.9171
4981.889600 64.9053
4982.789800 64.8936
4983.689900 64.8819
4984.590500 64.8702
4985.490700 64.8584
4986.390800 64.8467
4987.291000 64.8350
4988.191100 64.8233
4989.091700 64.8116
4989.991900 64.7999
4990.892000 64.7883
4991.792200 64.7766
4992.692300 64.7649
4993.592900 64.7532
4994.493100 64.7415
4995.393200 64.7299
4996.293400 64.7182
4997.193500 64.7066
4998.094100 64.6949
4998.994300 64.6832
4999.894400 64.6716
5000.794600 64.6600
5001.694700 64.6483
5002.595300 64.6367
5003.495500 64.6251
5004.395600 64.6134
5005.295800 64.6018
5006.195900 64.5902
5007.096500 64.5786
5007.996700 64.5670
5008.896800 64.5554
5009.797000 64.5438
5010.697100 64.5322
5011.597700 64.5206
5012.497900 64.5090
5013.398000 64.4974
5014.298100 64.4858
5015.198300 64.4743
5016.098900 64.4627
5016.999100 64.4511
5017.899200 64.4396
5018.799300 64.4280
5019.699500 64.4164
5020.600100 64.4049
5021.500300 64.3933
5022.400400 64.3818
5023.300500 64.3703
5024.200700 64.3587
5025.101300 64.3472
5026.001500 64.3357
5026.901600 64.3241
5027.801700 64.3126
5028.701900 64.3011
5029.602500 64.2896
5030.502700 64.2781
5031.402800 64.2666
5032.302900 64.2551
5033.203100 64.2436
5034.103700 64.2321
5035.003800 64.2206
5035.904000 64.2092
5036.804100 64.1977
5037.704300 64.1862
5038.604900 64.1747
5039.505000 64.1633
5040.405200 64.1518
5041.305300 64.1404
5042.205500 64.1289
5043.106100 64.1175
5044.006200 64.1060
5044.906400 64.0946
5045.806500 64.0831
5046.706700 64.0717
5047.607300 64.0603
5048.507400 64.0489
5049.407600 64.0374
5050.307700 64.0260
5051.207900 64.0146
5052.108500 64.0032
5053.008600 63.9918
5053.908800 63.9804
5054.808900 63.9690
5055.709100 63.9576
5056.609700 63.9462
5057.509800 63.9349
5058.410000 63.9235
5059.310100 63.9121
5060.210300 63.9007
5061.110900 63.8894
5062.011000 63.8780
5062.911200 63.8666
5063.811300 63.8553
5064.711500 63.8439
5065.612100 63.8326
5066.512200 63.8213
5067.412400 63.8099
5068.312500 63.7986
5069.212600 63.7873
5070.113300 63.7759
5071.013400 63.7646
5071.913600 63.7533
5072.813700 63.7420
5073.713800 63.7307
5074.614500 63.7194
5075.514600 63.7081
5076.414800 63.6968
5077.314900 63.6855
5078.215000 63.6742
5079.115700 63.6629
5080.015800 63.6516
5080.916000 63.6403
5081.816100 63.6291
5082.716200 63.6178
5083.616900 63.6065
5084.517000 63.5953
5085.417200 63.5840
5086.317300 63.5727
5087.217400 63.5615
5088.118100 63.5502
5089.018200 63.5390
5089.918400 63.5278
5090.818500 63.5165
5091.718600 63.5053
5092.619300 63.4941
5093.519400 63.4829
5094.419500 63.4716
5095.319700 63.4604
5096.219800 63.4492
5097.120500 63.4380
5098.020600 63.4268
5098.920700 63.4156
5099.820900 63.4044
5100.721000 63.3932
5101.621700 63.3820
5102.521800 63.3709
5103.421900 63.3597
5104.322100 63.3485
5105.222200 63.3373
5106.122900 63.3262
5107.023000 63.3150
5107.923100 63.3038
5108.823300 63.2927
5109.723400 63.2815
5110.624100 63.2704
5111.524200 63.2592
5112.424300 63.2481
5113.324500 63.2370
5114.224600 63.2258
5115.125300 63.2147
5116.025400 63.2036
5116.925500 63.1925
5117.825700 63.1814
5118.725800 63.1702
5119.626400 63.1591
5120.526600 63.1480
5121.426700 63.1369
5122.326900 63.1258
5123.227000 63.1147
5124.127600 63.1037
5125.027800 63.0926
5125.927900 63.0815
5126.828100 63.0704
5127.728200 63.0593
5128.628800 63.0483
5129.529000 63.0372
5130.429100 63.0261
5131.329300 63.0151
5132.229400 63.0040
5133.130000 62.9930
5134.030200 62.9819
5134.930300 62.9709
5135.830500 62.9599
5136.730600 62.9488
5137.631200 62.9378
5138.531400 62.9268
5139.431500 62.9157
5140.331700 62.9047
5141.231800 62.8937
5142.132400 62.8827
5143.032600 62.8717
5143.932700 62.8607
5144.832900 62.8497
5145.733000 62.8387
5146.633600 62.8277
5147.533800 62.8167
5148.433900 62.8057
5149.334100 62.7948
5150.234200 62.7838
5151.134800 62.7728
5152.035000 62.7618
5152.935100 62.7509
5153.835300 62.7399
5154.735400 62.7290
5155.636000 62.7180
5156.536200 62.7070
5157.436300 62.6961
5158.336500 62.6852
5159.236600 62.6742
5160.137200 62.6633
5161.037400 62.6524
5161.937500 62.6414
5162.837700 62.6305
5163.737800 62.6196
5164.638400 62.6087
5165.538600 62.5978
5166.438700 62.5869
5167.338900 62.5760
5168.239000 62.5651
5169.139600 62.5542
5170.039800 62.5433
5170.939900 62.5324
5171.840100 62.5215
5172.740200 62.5106
5173.640800 62.4997
5174.541000 62.4889
5175.441100 62.4780
5176.341200 62.4671
5177.241400 62.4563
5178.142000 62.4454
5179.042200 62.4345
5179.942300 62.4237
5180.842400 62.4129
5181.742600 62.4020
5182.643200 62.3912
5183.543400 62.3803
5184.443500 62.3695
5185.343600 62.3587
5186.243800 62.3479
5187.144400 62.3370
5188.044600 62.3262
5188.944700 62.3154
5189.844800 62.3046
5190.745000 62.2938
5191.645600 62.2830
5192.545800 62.2722
5193.445900 62.2614
5194.346000 62.2506
5195.246200 62.2398
5196.146800 62.2290
5197.047000 62.2182
5197.947100 62.2075
5198.847200 62.1967
5199.747400 62.1859
5200.648000 62.1752
5201.548200 62.1644
5202.448300 62.1537
5203.348400 62.1429
5204.248600 62.1322
5205.149200 62.1214
5206.049400 62.1107
5206.949500 62.0999
5207.849600 62.0892
5208.749800 62.0785
5209.650400 62.0677
5210.550600 62.0570
5211.450700 62.0463
5212.350800 62.0356
5213.251000 62.0249
5214.151600 62.0141
5215.051800 62.0034
5215.951900 61.9927
5216.852000 61.9820
5217.752200 61.9714
5218.652800 61.9607
5219.552900 61.9500
5220.453100 61.9393
5221.353200 61.9286
5222.253400 61.9179
5223.154000 61.9073
5224.054100 61.8966
5224.954300 61.8859
5225.854400 61.8753
5226.754600 61.8646
5227.655200 61.8540
5228.555300 61.8433
5229.455500 61.8327
5230.355600 61.8220
5231.255800 61.8114
5232.156400 61.8007
5233.056500 61.7901
5233.956700 61.7795
5234.856800 61.7689
5235.757000 61.7582
5236.657600 61.7476
5237.557700 61.7370
5238.457900 61.7264
5239.358000 61.7158
5240.258200 61.7052
5241.158800 61.6946
5242.058900 61.6840
5242.959100 61.6734
5243.859200 61.6628
5244.759400 61.6522
5245.660000 61.6417
5246.560100 61.6311
5247.460300 61.6205
5248.360400 61.6099
5249.260600 61.5994
5250.161200 61.5888
5251.061300 61.5783
5251.961500 61.5677
5252.861600 61.5571
5253.761800 61.5466
5254.662400 61.5360
5255.562500 61.5255
5256.462700 61.5150
5257.362800 61.5044
5258.263000 61.4939
5259.163600 61.4834
5260.063700 61.4729
5260.963900 61.4623
5261.864000 61.4518
5262.764200 61.4413
5263.664800 61.4308
5264.564900 61.4203
5265.465100 61.4098
5266.365200 61.3993
5267.265400 61.3888
5268.166000 61.3783
5269.066100 61.3678
5269.966300 61.3574
5270.866400 61.3469
5271.766600 61.3364
5272.667200 61.3259
5273.567300 61.3155
5274.467500 61.3050
5275.367600 61.2945
5276.267800 61.2841
5277.168400 61.2736
5278.068500 61.2632
5278.968700 61.2527
5279.868800 61.2423
5280.769000 61.2318
5281.669600 61.2214
5282.569700 61.2110
5283.469900 61.2005
5284.370000 61.1901
5285.270200 61.1797
5286.170800 61.1693
5287.070900 61.1588
5287.971100 61.1484
5288.871200 61.1380
5289.771400 61.1276
5290.672000 61.1172
5291.572100 61.1068
5292.472300 61.0964
5293.372400 61.0860
5294.272600 61.0757
5295.173200 61.0653
5296.073300 61.0549
5296.973500 61.0445
5297.873600 61.0341
5298.773800 61.0238
5299.674400 61.0134
5300.574500 61.0030
5301.474700 60.9927
5302.374800 60.9823
5303.275000 60.9720
5304.175600 60.9616
5305.075700 60.9513
5305.975900 60.9409
5306.876000 60.9306
5307.776200 60.9203
5308.676800 60.9099
5309.576900 60.8996
5310.477100 60.8893
5311.377200 60.8790
5312.277400 60.8687
5313.178000 60.8583
5314.078100 60.8480
5314.978300 60.8377
5315.878400 60.8274
5316.778600 60.8171
5317.679200 60.8068
5318.579300 60.7965
5319.479500 60.7862
5320.379600 60.7760
5321.279800 60.7657
5322.180400 60.7554
5323.080500 60.7451
5323.980700 60.7348
5324.880800 60.7246
5325.781000 60.7143
5326.681600 60.7041
5327.581700 60.6938
5328.481900 60.6835
5329.382000 60.6733
5330.282200 60.6630
5331.182800 60.6528
5332.082900 60.6426
5332.983100 60.6323
5333.883200 60.6221
5334.783400 60.6119
5335.684000 60.6016
5336.584100 60.5914
5337.484300 60.5812
5338.384400 60.5710
5339.284600 60.5608
5340.185200 60.5506
5341.085300 60.5403
5341.985500 60.5301
5342.885600 60.5199
5343.785800 60.5098
5344.686400 60.4996
5345.586500 60.4894
5346.486700 60.4792
5347.386800 60.4690
5348.287000 60.4588
5349.187600 60.4486
5350.087700 60.4385
5350.987900 60.4283
5351.888000 60.4181
5352.788200 60.4080
5353.688800 60.3978
5354.588900 60.3877
5355.489100 60.3775
5356.389200 60.3674
5357.289400 60.3572
5358.190000 60.3471
5359.090100 60.3370
5359.990300 60.3268
5360.890400 60.3167
5361.790600 60.3066
5362.691200 60.2964
5363.591300 60.2863
5364.491500 60.2762
5365.391600 60.2661
5366.291800 60.2560
5367.192400 60.2459
5368.092500 60.2358
5368.992700 60.2257
5369.892800 60.2156
5370.793000 60.2055
5371.693600 60.1954
5372.593700 60.1853
5373.493900 60.1752
5374.394000 60.1651
5375.294200 60.1551
5376.194800 60.1450
5377.094900 60.1349
5377.995100 60.1249
5378.895200 60.1148
5379.795400 60.1047
5380.696000 60.0947
5381.596100 60.0846
5382.496300 60.0746
5383.396400 60.0645
5384.296600 60.0545
5385.197200 60.0444
5386.097300 60.0344
5386.997500 60.0244
5387.897600 60.0143
5388.797800 60.0043
5389.698400 59.9943
5390.598500 59.9843
5391.498700 59.9743
5392.398800 59.9643
5393.299000 59.9542
5394.199600 59.9442
5395.099700 59.9342
5395.999900 59.9242
5396.900000 59.9142
5397.800200 59.9042
5398.700800 59.8943
5399.600900 59.8843
5400.501100 59.8743
5401.401200 59.8643
5402.301400 59.8543
5403.202000 59.8444
5404.102100 59.8344
5405.002300 59.8244
5405.902400 59.8145
5406.802600 59.8045
5407.703200 59.7945
5408.603300 59.7846
5409.503500 59.7746
5410.403600 59.7647
5411.303800 59.7548
5412.204400 59.7448
5413.104500 59.7349
5414.004700 59.7250
5414.904800 59.7150
5415.805000 59.7051
5416.705600 59.6952
5417.605700 59.6853
5418.505900 59.6753
5419.406000 59.6654
5420.306200 59.6555
5421.206800 59.6456
5422.106900 59.6357
5423.007100 59.6258
5423.907200 59.6159
5424.807400 59.6060
5425.708000 59.5961
5426.608100 59.5862
5427.508300 59.5764
5428.408400 59.5665
5429.308600 59.5566
5430.209200 59.5467
5431.109300 59.5369
5432.009500 59.5270
5432.909600 59.5171
5433.809800 59.5073
5434.710400 59.4974
5435.610500 59.4876
5436.510700 59.4777
5437.410800 59.4679
5438.311000 59.4580
5439.211600 59.4482
5440.111700 59.4383
5441.011900 59.4285
5441.912000 59.4187
5442.812200 59.4088
5443.712800 59.3990
5444.612900 59.3892
5445.513100 59.3794
5446.413200 59.3696
5447.313400 59.3598
5448.214000 59.3499
5449.114200 59.3401
5450.014300 59.3303
5450.914400 59.3205
5451.814600 59.3107
5452.715200 59.3009
5453.615400 59.2912
5454.515500 59.2814
5455.415600 59.2716
5456.315800 59.2618
5457.216400 59.2520
5458.116600 59.2423
5459.016700 59.2325
5459.916800 59.2227
5460.817000 59.2130
5461.717600 59.2032
5462.617800 59.1934
5463.517900 59.1837
5464.418000 59.1739
5465.318200 59.1642
5466.218800 59.1545
5467.119000 59.1447
5468.019100 59.1350
5468.919200 59.1252
5469.819400 59.1155
5470.720000 59.1058
5471.620200 59.0961
5472.520300 59.0863
5473.420400 59.0766
5474.320600 59.0669
5475.221200 59.0572
5476.121400 59.0475
5477.021500 59.0378
5477.921600 59.0281
5478.821800 59.0184
5479.722400 59.0087
5480.622600 58.9990
5481.522700 58.9893
5482.422800 58.9796
5483.323000 58.9699
5484.223600 58.9602
5485.123800 58.9506
5486.023900 58.9409
5486.924000 58.9312
5487.824200 58.9216
5488.724800 58.9119
5489.625000 58.9022
5490.525100 58.8926
5491.425200 58.8829
5492.325400 58.8733
5493.226000 58.8636
5494.126200 58.8540
5495.026300 58.8443
5495.926500 58.8347
5496.826600 58.8251
5497.727200 58.8154
5498.627400 58.8058
5499.527500 58.7962
5500.427700 58.7865
5501.327800 58.7769
5502.228400 58.7673
5503.128600 58.7577
5504.028700 58.7481
5504.928900 58.7385
5505.829000 58.7289
5506.729600 58.7193
5507.629800 58.7097
5508.529900 58.7001
5509.430100 58.6905
5510.330200 58.6809
5511.230800 58.6713
5512.131000 58.6617
5513.031100 58.6522
5513.931300 58.6426
5514.831400 58.6330
5515.732000 58.6234
5516.632200 58.6139
5517.532300 58.6043
5518.432500 58.5947
5519.332600 58.5852
5520.233200 58.5756
5521.133400 58.5661
5522.033500 58.5565
5522.933700 58.5470
5523.833800 58.5375
5524.734400 58.5279
5525.634600 58.5184
5526.534700 58.5088
5527.434900 58.4993
5528.335000 58.4898
5529.235600 58.4803
5530.135800 58.4707
5531.035900 58.4612
5531.936100 58.4517
5532.836200 58.4422
5533.736800 58.4327
5534.637000 58.4232
5535.537100 58.4137
5536.437300 58.4042
5537.337400 58.3947
5538.238000 58.3852
5539.138200 58.3757
5540.038300 58.3662
5540.938500 58.3568
5541.838600 58.3473
5542.739200 58.3378
5543.639400 58.3283
5544.539500 58.3189
5545.439700 58.3094
5546.339800 58.2999
5547.240400 58.2905
5548.140600 58.2810
5549.040700 58.2715
5549.940900 58.2621
5550.841000 58.2526
5551.741600 58.2432
5552.641800 58.2338
5553.541900 58.2243
5554.442100 58.2149
5555.342200 58.2054
5556.242800 58.1960
5557.143000 58.1866
5558.043100 58.1772
5558.943300 58.1677
5559.843400 58.1583
5560.744100 58.1489
5561.644200 58.1395
5562.544300 58.1301
5563.444500 58.1207
5564.344600 58.1113
5565.245300 58.1019
5566.145400 58.0925
5567.045500 58.0831
5567.945700 58.0737
5568.845800 58.0643
5569.746500 58.0549
5570.646600 58.0455
5571.546700 58.0362
5572.446900 58.0268
5573.347000 58.0174
5574.247700 58.0080
5575.147800 57.9987
5576.047900 57.9893
5576.948100 57.9799
5577.848200 57.9706
5578.748900 57.9612
5579.649000 57.9519
5580.549100 57.9425
5581.449300 57.9332
5582.349400 57.9238
5583.250100 57.9145
5584.150200 57.9052
5585.050400 57.8958
5585.950500 57.8865
5586.850600 57.8772
5587.751300 57.8679
5588.651400 57.8585
5589.551600 57.8492
5590.451700 57.8399
5591.351800 57.8306
5592.252500 57.8213
5593.152600 57.8120
5594.052800 57.8027
5594.952900 57.7934
5595.853000 57.7841
5596.753700 57.7748
5597.653800 57.7655
5598.554000 57.7562
5599.454100 57.7469
5600.354200 57.7376
5601.254900 57.7283
5602.155000 57.7191
5603.055200 57.7098
5603.955300 57.7005
5604.855400 57.6913
5605.756100 57.6820
5606.656200 57.6727
5607.556400 57.6635
5608.456500 57.6542
5609.356600 57.6450
5610.257300 57.6357
5611.157400 57.6265
5612.057600 57.6172
5612.957700 57.6080
5613.857900 57.5987
5614.758500 57.5895
5615.658600 57.5803
5616.558800 57.5710
5617.458900 57.5618
5618.359100 57.5526
5619.259700 57.5434
5620.159800 57.5342
5621.060000 57.5249
5621.960100 57.5157
5622.860300 57.5065
5623.760900 57.4973
5624.661000 57.4881
5625.561200 57.4789
5626.461300 57.4697
5627.361500 57.4605
5628.262100 57.4513
5629.162200 57.4421
5630.062400 57.4330
5630.962500 57.4238
5631.862700 57.4146
5632.763300 57.4054
5633.663400 57.3963
5634.563600 57.3871
5635.463700 57.3779
5636.363900 57.3688
5637.264500 57.3596
5638.164600 57.3504
5639.064800 57.3413
5639.964900 57.3321
5640.865100 57.3230
5641.765700 57.3138
5642.665800 57.3047
5643.566000 57.2955
5644.466100 57.2864
5645.366300 57.2773
5646.266900 57.2681
5647.167000 57.2590
5648.067200 57.2499
5648.967300 57.2408
5649.867500 57.2316
5650.768100 57.2225
5651.668300 57.2134
5652.568400 57.2043
5653.468500 57.1952
5654.368700 57.1861
5655.269300 57.1770
5656.169500 57.1679
5657.069600 57.1588
5657.969700 57.1497
5658.869900 57.1406
5659.770500 57.1315
5660.670700 57.1224
5661.570800 57.1133
5662.470900 57.1043
5663.371100 57.0952
5664.271700 57.0861
5665.171900 57.0770
5666.072000 57.0680
5666.972100 57.0589
5667.872300 57.0498
5668.772900 57.0408
5669.673100 57.0317
5670.573200 57.0227
5671.473300 57.0136
5672.373500 57.0046
5673.274100 56.9955
5674.174300 56.9865
5675.074400 56.9774
5675.974600 56.9684
5676.874700 56.9594
5677.775300 56.9503
5678.675500 56.9413
5679.575600 56.9323
5680.475800 56.9233
5681.375900 56.9142
5682.276500 56.9052
5683.176700 56.8962
5684.076800 56.8872
5684.977000 56.8782
5685.877100 56.8692
5686.777700 56.8602
5687.677900 56.8512
5688.578000 56.8422
5689.478200 56.8332
5690.378300 56.8242
5691.278900 56.8152
5692.179100 56.8062
5693.079200 56.7972
5693.979400 56.7883
5694.879500 56.7793
5695.780100 56.7703
5696.680300 56.7613
5697.580400 56.7524
5698.480600 56.7434
5699.380700 56.7344
5700.281300 56.7255
5701.181500 56.7165
5702.081600 56.7076
5702.981800 56.6986
5703.881900 56.6897
5704.782500 56.6807
5705.682700 56.6718
5706.582800 56.6628
5707.483000 56.6539
5708.383100 56.6450
5709.283800 56.6360
5710.183900 56.6271
5711.084000 56.6182
5711.984200 56.6093
5712.884300 56.6003
5713.785000 56.5914
5714.685100 56.5825
5715.585200 56.5736
5716.485400 56.5647
5717.385500 56.5558
5718.286200 56.5469
5719.186300 56.5380
5720.086400 56.5291
5720.986600 56.5202
5721.886700 56.5113
5722.787400 56.5024
5723.687500 56.4935
5724.587600 56.4846
5725.487800 56.4757
5726.387900 56.4669
5727.288600 56.4580
5728.188700 56.4491
5729.088900 56.4402
5729.989000 56.4314
5730.889100 56.4225
5731.789800 56.4136
5732.689900 56.4048
5733.590100 56.3959
5734.490200 56.3871
5735.390300 56.3782
5736.291000 56.3694
5737.191100 56.3605
5738.091300 56.3517
5738.991400 56.3429
5739.891500 56.3340
5740.792200 56.3252
5741.692300 56.3164
5742.592500 56.3075
5743.492600 56.2987
5744.392800 56.2899
5745.293400 56.2811
5746.193500 56.2722
5747.093700 56.2634
5747.993800 56.2546
5748.894000 56.2458
5749.794600 56.2370
5750.694700 56.2282
5751.594900 56.2194
5752.495000 56.2106
5753.395200 56.2018
5754.295800 56.1930
5755.195900 56.1842
5756.096100 56.1754
5756.996200 56.1666
5757.896400 56.1579
5758.797000 56.1491
5759.697100 56.1403
5760.597300 56.1315
5761.497400 56.1228
5762.397600 56.1140
5763.298200 56.1052
5764.198300 56.0965
5765.098500 56.0877
5765.998600 56.0790
5766.898800 56.0702
5767.799400 56.0614
5768.699500 56.0527
5769.599700 56.0440
5770.499800 56.0352
5771.400000 56.0265
5772.300600 56.0177
5773.200800 56.0090
5774.100900 56.0003
5775.001000 55.9915
5775.901200 55.9828
5776.801800 55.9741
5777.702000 55.9654
5778.602100 55.9566
5779.502200 55.9479
5780.402400 55.9392
5781.303000 55.9305
5782.203200 55.9218
5783.103300 55.9131
5784.003400 55.9044
5784.903600 55.8957
5785.804200 55.8870
5786.704400 55.8783
5787.604500 55.8696
5788.504700 55.8609
5789.404800 55.8522
5790.305400 55.8435
5791.205600 55.8349
5792.105700 55.8262
5793.005900 55.8175
5793.906000 55.8088
5794.806600 55.8002
5795.706800 55.7915
5796.606900 55.7828
5797.507100 55.7742
5798.407200 55.7655
5799.307800 55.7569
5800.208000 55.7482
5801.108100 55.7396
5802.008300 55.7309
5802.908400 55.7223
5803.809000 55.7136
5804.709200 55.7050
5805.609300 55.6963
5806.509500 55.6877
5807.409600 55.6791
5808.310200 55.6704
5809.210400 55.6618
5810.110500 55.6532
5811.010700 55.6446
5811.910800 55.6359
5812.811400 55.6273
5813.711600 55.6187
5814.611700 55.6101
5815.511900 55.6015
5816.412000 55.5929
5817.312700 55.5843
5818.212800 55.5757
5819.112900 55.5671
5820.013100 55.5585
5820.913200 55.5499
5821.813900 55.5413
5822.714000 55.5327
5823.614100 55.5241
5824.514300 55.5156
5825.414400 55.5070
5826.315100 55.4984
5827.215200 55.4898
5828.115300 55.4813
5829.015500 55.4727
5829.915600 55.4641
5830.816300 55.4556
5831.716400 55.4470
5832.616600 55.4384
5833.516700 55.4299
5834.416800 55.4213
5835.317500 55.4128
5836.217600 55.4042
5837.117800 55.3957
5838.017900 55.3871
5838.918000 55.3786
5839.818700 55.3701
5840.718800 55.3615
5841.619000 55.3530
5842.519100 55.3445
5843.419200 55.3360
5844.319900 55.3274
5845.220000 55.3189
5846.120200 55.3104
5847.020300 55.3019
5847.920500 55.2934
5848.821100 55.2848
5849.721200 55.2763
5850.621400 55.2678
5851.521500 55.2593
5852.421700 55.2508
5853.322300 55.2423
5854.222400 55.2338
5855.122600 55.2253
5856.022700 55.2169
5856.922900 55.2084
5857.823500 55.1999
5858.723600 55.1914
5859.623800 55.1829
5860.523900 55.1744
5861.424100 55.1660
5862.324700 55.1575
5863.224800 55.1490
5864.125000 55.1406
5865.025100 55.1321
5865.925300 55.1236
5866.825900 55.1152
5867.726000 55.1067
5868.626200 55.0983
5869.526300 55.0898
5870.426500 55.0814
5871.327100 55.0729
5872.227300 55.0645
5873.127400 55.0560
5874.027500 55.0476
5874.927700 55.0392
5875.828300 55.0307
5876.728500 55.0223
5877.628600 55.0139
5878.528700 55.0055
5879.428900 54.9970
5880.329500 54.9886
5881.229700 54.9802
5882.129800 54.9718
5883.030000 54.9634
5883.930100 54.9550
5884.830700 54.9466
5885.730900 54.9382
5886.631000 54.9297
5887.531200 54.9214
5888.431300 54.9130
5889.331900 54.9046
5890.232100 54.8962
5891.132200 54.8878
5892.032400 54.8794
5892.932500 54.8710
5893.833100 54.8626
5894.733300 54.8542
5895.633400 54.8459
5896.533600 54.8375
5897.433700 54.8291
5898.334300 54.8208
5899.234500 54.8124
5900.134600 54.8040
5901.034800 54.7957
5901.934900 54.7873
5902.835500 54.7790
5903.735700 54.7706
5904.635800 54.7623
5905.536000 54.7539
5906.436100 54.7456
5907.336800 54.7372
5908.236900 54.7289
5909.137000 54.7205
5910.037200 54.7122
5910.937300 54.7039
5911.838000 54.6955
5912.738100 54.6872
5913.638200 54.6789
5914.538400 54.6706
5915.438500 54.6622
5916.339200 54.6539
5917.239300 54.6456
5918.139400 54.6373
5919.039600 54.6290
5919.939700 54.6207
5920.840400 54.6124
5921.740500 54.6041
5922.640700 54.5958
5923.540800 54.5875
5924.440900 54.5792
5925.341600 54.5709
5926.241700 54.5626
5927.141900 54.5543
5928.042000 54.5460
5928.942100 54.5378
5929.842800 54.5295
5930.742900 54.5212
5931.643100 54.5129
5932.543200 54.5046
5933.443400 54.4964
5934.344000 54.4881
5935.244100 54.4798
5936.144300 54.4716
5937.044400 54.4633
5937.944600 54.4551
5938.845200 54.4468
5939.745300 54.4386
5940.645500 54.4303
5941.545600 54.4221
5942.445800 54.4138
5943.346400 54.4056
5944.246500 54.3973
5945.146700 54.3891
5946.046800 54.3809
5946.947000 54.3726
5947.847600 54.3644
5948.747700 54.3562
5949.647900 54.3480
5950.548000 54.3397
5951.448200 54.3315
5952.348800 54.3233
5953.248900 54.3151
5954.149100 54.3069
5955.049200 54.2987
5955.949400 54.2904
5956.850000 54.2822
5957.750200 54.2740
5958.650300 54.2658
5959.550400 54.2576
5960.450600 54.2495
5961.351200 54.2413
5962.251400 54.2331
5963.151500 54.2249
5964.051600 54.2167
5964.951800 54.2085
5965.852400 54.2003
5966.752600 54.1922
5967.652700 54.1840
5968.552900 54.1758
5969.453000 54.1676
5970.353600 54.1595
5971.253800 54.1513
5972.153900 54.1431
5973.054100 54.1350
5973.954200 54.1268
5974.854800 54.1187
5975.755000 54.1105
5976.655100 54.1024
5977.555300 54.0942
5978.455400 54.0861
5979.356000 54.0779
5980.256200 54.0698
5981.156300 54.0616
5982.056500 54.0535
5982.956600 54.0454
5983.857200 54.0372
5984.757400 54.0291
5985.657500 54.0210
5986.557700 54.0129
5987.457800 54.0048
5988.358500 53.9966
5989.258600 53.9885
5990.158700 53.9804
5991.058900 53.9723
5991.959000 53.9642
5992.859700 53.9561
5993.759800 53.9480
5994.659900 53.9399
5995.560100 53.9318
5996.460200 53.9237
5997.360900 53.9156
5998.261000 53.9075
5999.161200 53.8994
6000.061300 53.8913
6000.961400 53.8832
6001.862100 53.8751
6002.762200 53.8671
6003.662400 53.8590
6004.562500 53.8509
6005.462600 53.8428
6006.363300 53.8348
6007.263400 53.8267
6008.163600 53.8186
6009.063700 53.8106
6009.963900 53.8025
6010.864500 53.7945
6011.764600 53.7864
6012.664800 53.7783
6013.564900 53.7703
6014.465100 53.7622
6015.365700 53.7542
6016.265800 53.7462
6017.166000 53.7381
6018.066100 53.7301
6018.966300 53.7220
6019.866900 53.7140
6020.767000 53.7060
6021.667200 53.6979
6022.567300 53.6899
6023.467500 53.6819
6024.368100 53.6739
6025.268200 53.6659
6026.168400 53.6578
6027.068500 53.6498
6027.968700 53.6418
6028.869300 53.6338
6029.769500 53.6258
6030.669600 53.6178
6031.569700 53.6098
6032.469900 53.6018
6033.370500 53.5938
6034.270700 53.5858
6035.170800 53.5778
6036.070900 53.5698
6036.971100 53.5618
6037.871700 53.5538
6038.771900 53.5458
6039.672000 53.5379
6040.572200 53.5299
6041.472300 53.5219
6042.372900 53.5139
6043.273100 53.5060
6044.173200 53.4980
6045.073400 53.4900
6045.973500 53.4821
6046.874100 53.4741
6047.774300 53.4661
6048.674400 53.4582
6049.574600 53.4502
6050.474700 53.4423
6051.375300 53.4343
6052.275500 53.4264
6053.175600 53.4184
6054.075800 53.4105
6054.975900 53.4026
6055.876500 53.3946
6056.776700 53.3867
6057.676800 53.3787
6058.577000 53.3708
6059.477100 53.3629
6060.377800 53.3550
6061.277900 53.3470
6062.178000 53.3391
6063.078200 53.3312
6063.978300 53.3233
6064.879000 53.3154
6065.779100 53.3074
6066.679200 53.2995
6067.579400 53.2916
6068.479500 53.2837
6069.380200 53.2758
6070.280300 53.2679
6071.180500 53.2600
6072.080600 53.2521
6072.980700 53.2442
6073.881400 53.2363
6074.781500 53.2284
6075.681700 53.2206
6076.581800 53.2127
6077.481900 53.2048
6078.382600 53.1969
6079.282700 53.1890
6080.182900 53.1812
6081.083000 53.1733
6081.983200 53.1654
6082.883800 53.1575
6083.783900 53.1497
6084.684100 53.1418
6085.584200 53.1340
6086.484400 53.1261
6087.385000 53.1182
6088.285100 53.1104
6089.185300 53.1025
6090.085400 53.0947
6090.985600 53.0868
6091.886200 53.0790
6092.786300 53.0711
6093.686500 53.0633
6094.586600 53.0555
6095.486800 53.0476
6096.387400 53.0398
6097.287500 53.0320
6098.187700 53.0241
6099.087800 53.0163
6099.988000 53.0085
6100.888600 53.0007
6101.788800 52.9928
6102.688900 52.9850
6103.589000 52.9772
6104.489200 52.9694
6105.389800 52.9616
6106.290000 52.9538
6107.190100 52.9460
6108.090200 52.9382
6108.990400 52.9304
6109.891000 52.9226
6110.791200 52.9148
6111.691300 52.9070
6112.591500 52.8992
6113.491600 52.8914
6114.392200 52.8836
6115.292400 52.8758
6116.192500 52.8680
6117.092700 52.8603
6117.992800 52.8525
6118.893400 52.8447
6119.793600 52.8369
6120.693700 52.8292
6121.593900 52.8214
6122.494000 52.8136
6123.394600 52.8059
6124.294800 52.7981
6125.194900 52.7903
6126.095100 52.7826
6126.995200 52.7748
6127.895900 52.7671
6128.796000 52.7593
6129.696100 52.7516
6130.596300 52.7438
6131.496400 52.7361
6132.397100 52.7283
6133.297200 52.7206
6134.197300 52.7129
6135.097500 52.7051
6135.997600 52.6974
6136.898300 52.6897
6137.798400 52.6819
6138.698600 52.6742
6139.598700 52.6665
6140.498800 52.6588
6141.399500 52.6511
6142.299600 52.6433
6143.199800 52.6356
6144.099900 52.6279
6145.000000 52.6202
6145.900700 52.6125
6146.800800 52.6048
6147.701000 52.5971
6148.601100 52.5894
6149.501300 52.5817
6150.401900 52.5740
6151.302000 52.5663
6152.202200 52.5586
6153.102300 52.5509
6154.002500 52.5432
6154.903100 52.5355
6155.803200 52.5279
6156.703400 52.5202
6157.603500 52.5125
6158.503700 52.5048
6159.404300 52.4971
6160.304400 52.4895
6161.204600 52.4818
6162.104700 52.4741
6163.004900 52.4665
6163.905500 52.4588
6164.805700 52.4512
6165.705800 52.4435
6166.605900 52.4358
6167.506100 52.4282
6168.406700 52.4205
6169.306900 52.4129
6170.207000 52.4052
6171.107100 52.3976
6172.007300 52.3900
6172.907900 52.3823
6173.808100 52.3747
6174.708200 52.3670
6175.608400 52.3594
6176.508500 52.3518
6177.409100 52.3441
6178.309300 52.3365
6179.209400 52.3289
6180.109600 52.3213
6181.009700 52.3136
6181.910300 52.3060
6182.810500 52.2984
6183.710600 52.2908
6184.610800 52.2832
6185.510900 52.2756
6186.411500 52.2680
6187.311700 52.2604
6188.211800 52.2528
6189.112000 52.2452
6190.012100 52.2376
6190.912800 52.2300
6191.812900 52.2224
6192.713000 52.2148
6193.613200 52.2072
6194.513300 52.1996
6195.414000 52.1920
6196.314100 52.1844
6197.214200 52.1769
6198.114400 52.1693
6199.014500 52.1617
6199.915200 52.1541
6200.815300 52.1466
6201.715500 52.1390
6202.615600 52.1314
6203.515700 52.1239
6204.416400 52.1163
6205.316500 52.1087
6206.216700 52.1012
6207.116800 52.0936
6208.017000 52.0861
6208.917600 52.0785
6209.817700 52.0710
6210.717900 52.0634
6211.618000 52.0559
6212.518200 52.0483
6213.418800 52.0408
6214.318900 52.0332
6215.219100 52.0257
6216.119200 52.0182
6217.019400 52.0106
6217.920000 52.0031
6218.820100 51.9956
6219.720300 51.9881
6220.620400 51.9805
6221.520600 51.9730
6222.421200 51.9655
6223.321300 51.9580
6224.221500 51.9505
6225.121600 51.9429
6226.021800 51.9354
6226.922400 51.9279
6227.822600 51.9204
6228.722700 51.9129
6229.622800 51.9054
6230.523000 51.8979
6231.423600 51.8904
6232.323800 51.8829
6233.223900 51.8754
6234.124100 51.8679
6235.024200 51.8605
6235.924800 51.8530
6236.825000 51.8455
6237.725100 51.8380
6238.625300 51.8305
6239.525400 51.8230
6240.426000 51.8156
6241.326200 51.8081
6242.226300 51.8006
6243.126500 51.7931
6244.026600 51.7857
6244.927200 51.7782
6245.827400 51.7707
6246.727500 51.7633
6247.627700 51.7558
6248.527800 51.7484
6249.428500 51.7409
6250.328600 51.7335
6251.228700 51.7260
6252.128900 51.7186
6253.029000 51.7111
6253.929700 51.7037
6254.829800 51.6962
6255.729900 51.6888
6256.630100 51.6814
6257.530200 51.6739
6258.430900 51.6665
6259.331000 51.6591
6260.231200 51.6516
6261.131300 51.6442
6262.031400 51.6368
6262.932100 51.6294
6263.832200 51.6219
6264.732400 51.6145
6265.632500 51.6071
6266.532700 51.5997
6267.433300 51.5923
6268.333400 51.5849
6269.233600 51.5775
6270.133700 51.5701
6271.033900 51.5627
6271.934500 51.5553
6272.834600 51.5479
6273.734800 51.5405
6274.634900 51.5331
6275.535100 51.5257
6276.435700 51.5183
6277.335800 51.5109
6278.236000 51.5035
6279.136100 51.4961
6280.036300 51.4887
6280.936900 51.4814
6281.837100 51.4740
6282.737200 51.4666
6283.637300 51.4592
6284.537500 51.4519
6285.438100 51.4445
6286.338300 51.4371
6287.238400 51.4298
6288.138500 51.4224
6289.038700 51.4150
6289.939300 51.4077
6290.839500 51.4003
6291.739600 51.3930
6292.639800 51.3856
6293.539900 51.3783
6294.440500 51.3709
6295.340700 51.3636
6296.240800 51.3562
6297.141000 51.3489
6298.041100 51.3415
6298.941700 51.3342
6299.841900 51.3269
6300.742000 51.3195
6301.642200 51.3122
6302.542300 51.3049
6303.442900 51.2975
6304.343100 51.2902
6305.243200 51.2829
6306.143400 51.2756
6307.043500 51.2683
6307.944200 51.2609
6308.844300 51.2536
6309.744400 51.2463
6310.644600 51.2390
6311.544700 51.2317
6312.445400 51.2244
6313.345500 51.2171
6314.245700 51.2098
6315.145800 51.2025
6316.045900 51.1952
6316.946600 51.1879
6317.846700 51.1806
6318.746900 51.1733
6319.647000 51.1660
6320.547100 51.1587
6321.447800 51.1514
6322.347900 51.1442
6323.248100 51.1369
6324.148200 51.1296
6325.048400 51.1223
6325.949000 51.1150
6326.849100 51.1078
6327.749300 51.1005
6328.649400 51.0932
6329.549600 51.0860
6330.450200 51.0787
6331.350300 51.0714
6332.250500 51.0642
6333.150600 51.0569
6334.050800 51.0497
6334.951400 51.0424
6335.851500 51.0352
6336.751700 51.0279
6337.651800 51.0207
6338.552000 51.0134
6339.452600 51.0062
6340.352800 50.9989
6341.252900 50.9917
6342.153000 50.9844
6343.053200 50.9772
6343.953800 50.9700
6344.854000 50.9627
6345.754100 50.9555
6346.654300 50.9483
6347.554400 50.9411
6348.455000 50.9338
6349.355200 50.9266
6350.255300 50.9194
6351.155500 50.9122
6352.055600 50.9050
6352.956200 50.8977
6353.856400 50.8905
6354.756500 50.8833
6355.656700 50.8761
6356.556800 50.8689
6357.457400 50.8617
6358.357600 50.8545
6359.257700 50.8473
6360.157900 50.8401
6361.058000 50.8329
6361.958700 50.8257
6362.858800 50.8185
6363.758900 50.8113
6364.659100 50.8042
6365.559200 50.7970
6366.459900 50.7898
6367.360000 50.7826
6368.260200 50.7754
6369.160300 50.7683
6370.060400 50.7611
6370.961100 50.7539
6371.861200 50.7467
6372.761400 50.7396
6373.661500 50.7324
6374.561600 50.7252
6375.462300 50.7181
6376.362400 50.7109
6377.262600 50.7038
6378.162700 50.6966
6379.062900 50.6894
6379.963500 50.6823
6380.863600 50.6751
6381.763800 50.6680
6382.663900 50.6608
6383.564100 50.6537
6384.464700 50.6466
6385.364800 50.6394
6386.265000 50.6323
6387.165100 50.6251
6388.065300 50.6180
6388.965900 50.6109
6389.866000 50.6037
6390.766200 50.5966
6391.666300 50.5895
6392.566500 50.5824
6393.467100 50.5752
6394.367300 50.5681
6395.267400 50.5610
6396.167500 50.5539
6397.067700 50.5468
6397.968300 50.5397
6398.868500 50.5326
6399.768600 50.5254
6400.668800 50.5183
6401.568900 50.5112
6402.469500 50.5041
6403.369700 50.4970
6404.269800 50.4899
6405.170000 50.4828
6406.070100 50.4757
6406.970700 50.4687
6407.870900 50.4616
6408.771000 50.4545
6409.671200 50.4474
6410.571300 50.4403
6411.471900 50.4332
6412.372100 50.4261
6413.272200 50.4191
6414.172400 50.4120
6415.072500 50.4049
6415.973200 50.3978
6416.873300 50.3908
6417.773400 50.3837
6418.673600 50.3766
6419.573700 50.3696
6420.474400 50.3625
6421.374500 50.3554
6422.274700 50.3484
6423.174800 50.3413
6424.074900 50.3343
6424.975600 50.3272
6425.875700 50.3202
6426.775900 50.3131
6427.676000 50.3061
6428.576200 50.2990
6429.476800 50.2920
6430.376900 50.2849
6431.277100 50.2779
6432.177200 50.2709
6433.077400 50.2638
6433.978000 50.2568
6434.878100 50.2498
6435.778300 50.2427
6436.678400 50.2357
6437.578600 50.2287
6438.479200 50.2217
6439.379300 50.2146
6440.279500 50.2076
6441.179600 50.2006
6442.079800 50.1936
6442.980400 50.1866
6443.880600 50.1796
6444.780700 50.1726
6445.680800 50.1656
6446.581000 50.1586
6447.481600 50.1515
6448.381800 50.1445
6449.281900 50.1375
6450.182100 50.1305
6451.082200 50.1236
6451.982800 50.1166
6452.883000 50.1096
6453.783100 50.1026
6454.683300 50.0956
6455.583400 50.0886
6456.484000 50.0816
6457.384200 50.0746
6458.284300 50.0677
6459.184500 50.0607
6460.084600 50.0537
6460.985200 50.0467
6461.885400 50.0398
6462.785500 50.0328
6463.685700 50.0258
6464.585800 50.0189
6465.486500 50.0119
6466.386600 50.0049
6467.286700 49.9980
6468.186900 49.9910
6469.087000 49.9840
6469.987700 49.9771
6470.887800 49.9701
6471.788000 49.9632
6472.688100 49.9562
6473.588200 49.9493
6474.488900 49.9423
6475.389000 49.9354
6476.289200 49.9285
6477.189300 49.9215
6478.089500 49.9146
6478.990100 49.9076
6479.890200 49.9007
6480.790400 49.8938
6481.690500 49.8869
6482.590700 49.8799
6483.491300 49.8730
6484.391400 49.8661
6485.291600 49.8592
6486.191700 49.8522
6487.091900 49.8453
6487.992500 49.8384
6488.892600 49.8315
6489.792800 49.8246
6490.692900 49.8177
6491.593100 49.8108
6492.493700 49.8038
6493.393900 49.7969
6494.294000 49.7900
6495.194100 49.7831
6496.094300 49.7762
6496.994900 49.7693
6497.895100 49.7624
6498.795200 49.7556
6499.695400 49.7487
6500.595500 49.7418
6501.496100 49.7349
6502.396300 49.7280
6503.296400 49.7211
6504.196600 49.7142
6505.096700 49.7074
6505.997300 49.7005
6506.897500 49.6936
6507.797600 49.6867
6508.697800 49.6799
6509.597900 49.6730
6510.498500 49.6661
6511.398700 49.6592
6512.298800 49.6524
6513.199000 49.6455
6514.099100 49.6387
6514.999800 49.6318
6515.899900 49.6249
6516.800000 49.6181
6517.700200 49.6112
6518.600300 49.6044
6519.501000 49.5975
6520.401100 49.5907
6521.301300 49.5838
6522.201400 49.5770
6523.101500 49.5702
6524.002200 49.5633
6524.902300 49.5565
6525.802500 49.5496
6526.702600 49.5428
6527.602800 49.5360
6528.503400 49.5291
6529.403500 49.5223
6530.303700 49.5155
6531.203800 49.5087
6532.104000 49.5018
6533.004600 49.4950
6533.904700 49.4882
6534.804900 49.4814
6535.705000 49.4746
6536.605200 49.4678
6537.505800 49.4609
6538.405900 49.4541
6539.306100 49.4473
6540.206200 49.4405
6541.106400 49.4337
6542.007000 49.4269
6542.907200 49.4201
6543.807300 49.4133
6544.707400 49.4065
6545.607600 49.3997
6546.508200 49.3929
6547.408400 49.3861
6548.308500 49.3793
6549.208700 49.3726
6550.108800 49.3658
6551.009400 49.3590
6551.909600 49.3522
6552.809700 49.3454
6553.709900 49.3386
6554.610000 49.3319
6555.510600 49.3251
6556.410800 49.3183
6557.310900 49.3116
6558.211100 49.3048
6559.111200 49.2980
6560.011900 49.2912
6560.912000 49.2845
6561.812100 49.2777
6562.712300 49.2710
6563.612400 49.2642
6564.513100 49.2574
6565.413200 49.2507
6566.313400 49.2439
6567.213500 49.2372
6568.113600 49.2304
6569.014300 49.2237
6569.914400 49.2170
6570.814600 49.2102
6571.714700 49.2035
6572.614800 49.1967
6573.515500 49.1900
6574.415600 49.1833
6575.315800 49.1765
6576.215900 49.1698
6577.116100 49.1631
6578.016700 49.1563
6578.916800 49.1496
6579.817000 49.1429
6580.717100 49.1362
6581.617300 49.1294
6582.517900 49.1227
6583.418000 49.1160
6584.318200 49.1093
6585.218300 49.1026
6586.118500 49.0959
6587.019100 49.0891
6587.919300 49.0824
6588.819400 49.0757
6589.719500 49.0690
6590.619700 49.0623
6591.520300 49.0556
6592.420500 49.0489
6593.320600 49.0422
6594.220800 49.0355
6595.120900 49.0288
6596.021500 49.0222
6596.921700 49.0155
6597.821800 49.0088
6598.722000 49.0021
6599.622100 48.9954
6600.522700 48.9887
6601.422900 48.9820
6602.323000 48.9754
6603.223200 48.9687
6604.123300 48.9620
6605.024000 48.9553
6605.924100 48.9487
6606.824200 48.9420
6607.724400 48.9353
6608.624500 48.9287
6609.525200 48.9220
6610.425300 48.9153
6611.325400 48.9087
6612.225600 48.9020
6613.125700 48.8954
6614.026400 48.8887
6614.926500 48.8820
6615.826700 48.8754
6616.726800 48.8687
6617.626900 48.8621
6618.527600 48.8555
6619.427700 48.8488
6620.327900 48.8422
6621.228000 48.8355
6622.128200 48.8289
6623.028800 48.8222
6623.928900 48.8156
6624.829100 48.8090
6625.729200 48.8024
6626.629400 48.7957
6627.530000 48.7891
6628.430100 48.7825
6629.330300 48.7758
6630.230400 48.7692
6631.130600 48.7626
6632.031200 48.7560
6632.931400 48.7494
6633.831500 48.7427
6634.731600 48.7361
6635.631800 48.7295
6636.532400 48.7229
6637.432600 48.7163
6638.332700 48.7097
6639.232900 48.7031
6640.133000 48.6965
6641.033600 48.6899
6641.933800 48.6833
6642.833900 48.6767
6643.734100 48.6701
6644.634200 48.6635
6645.534800 48.6569
6646.435000 48.6503
6647.335100 48.6437
6648.235300 48.6371
6649.135400 48.6306
6650.036100 48.6240
6650.936200 48.6174
6651.836300 48.6108
6652.736500 48.6042
6653.636600 48.5977
6654.537300 48.5911
6655.437400 48.5845
6656.337500 48.5779
6657.237700 48.5714
6658.137800 48.5648
6659.038500 48.5582
6659.938600 48.5517
6660.838800 48.5451
6661.738900 48.5386
6662.639000 48.5320
6663.539700 48.5254
6664.439800 48.5189
6665.340000 48.5123
6666.240100 48.5058
6667.140300 48.4992
6668.040900 48.4927
6668.941000 48.4861
6669.841200 48.4796
6670.741300 48.4730
6671.641500 48.4665
6672.542100 48.4600
6673.442200 48.4534
6674.342400 48.4469
6675.242500 48.4404
6676.142700 48.4338
6677.043300 48.4273
6677.943500 48.4208
6678.843600 48.4142
6679.743700 48.4077
6680.643900 48.4012
6681.544500 48.3947
6682.444700 48.3882
6683.344800 48.3816
6684.245000 48.3751
6685.145100 48.3686
6686.045700 48.3621
6686.945900 48.3556
6687.846000 48.3491
6688.746200 48.3426
6689.646300 48.3361
6690.546900 48.3296
6691.447100 48.3231
6692.347200 48.3166
6693.247400 48.3101
6694.147500 48.3036
6695.048200 48.2971
6695.948300 48.2906
6696.848400 48.2841
6697.748600 48.2776
6698.648700 48.2711
6699.549400 48.2646
6700.449500 48.2581
6701.349700 48.2516
6702.249800 48.2452
6703.149900 48.2387
6704.050600 48.2322
6704.950700 48.2257
6705.850900 48.2193
6706.751000 48.2128
6707.651200 48.2063
6708.551800 48.1998
6709.451900 48.1934
6710.352100 48.1869
6711.252200 48.1805
6712.152400 48.1740
6713.053000 48.1675
6713.953100 48.1611
6714.853300 48.1546
6715.753400 48.1482
6716.653600 48.1417
6717.554200 48.1353
6718.454300 48.1288
6719.354500 48.1224
6720.254600 48.1159
6721.154800 48.1095
6722.055400 48.1030
6722.955600 48.0966
6723.855700 48.0901
6724.755800 48.0837
6725.656000 48.0773
6726.556600 48.0708
6727.456800 48.0644
6728.356900 48.0580
6729.257100 48.0515
6730.157200 48.0451
6731.057800 48.0387
6731.958000 48.0323
6732.858100 48.0258
6733.758300 48.0194
6734.658400 48.0130
6735.559000 48.0066
6736.459200 48.0002
6737.359300 47.9938
6738.259500 47.9873
6739.159600 47.9809
6740.060300 47.9745
6740.960400 47.9681
6741.860500 47.9617
6742.760700 47.9553
6743.660800 47.9489
6744.561500 47.9425
6745.461600 47.9361
6746.361800 47.9297
6747.261900 47.9233
6748.162000 47.9169
6749.062700 47.9105
6749.962800 47.9041
6750.863000 47.8978
6751.763100 47.8914
6752.663300 47.8850
6753.563900 47.8786
6754.464000 47.8722
6755.364200 47.8658
6756.264300 47.8595
6757.164500 47.8531
6758.065100 47.8467
6758.965200 47.8403
6759.865400 47.8340
6760.765500 47.8276
6761.665700 47.8212
6762.566300 47.8149
6763.466500 47.8085
6764.366600 47.8021
6765.266700 47.7958
6766.166900 47.7894
6767.067500 47.7831
6767.967700 47.7767
6768.867800 47.7703
6769.768000 47.7640
6770.668100 47.7576
6771.568700 47.7513
6772.468900 47.7449
6773.369000 47.7386
6774.269200 47.7323
6775.169300 47.7259
6776.069900 47.7196
6776.970100 47.7132
6777.870200 47.7069
6778.770400 47.7006
6779.670500 47.6942
6780.571200 47.6879
6781.471300 47.6816
6782.371400 47.6752
6783.271600 47.6689
6784.171700 47.6626
6785.072400 47.6563
6785.972500 47.6499
6786.872700 47.6436
6787.772800 47.6373
6788.672900 47.6310
6789.573600 47.6247
6790.473700 47.6184
6791.373900 47.6120
6792.274000 47.6057
6793.174200 47.5994
6794.074800 47.5931
6794.974900 47.5868
6795.875100 47.5805
6796.775200 47.5742
6797.675400 47.5679
6798.576000 47.5616
6799.476100 47.5553
6800.376300 47.5490
6801.276400 47.5427
6802.176600 47.5364
6803.077200 47.5301
6803.977400 47.5238
6804.877500 47.5176
6805.777600 47.5113
6806.677800 47.5050
6807.578400 47.4987
6808.478600 47.4924
6809.378700 47.4861
6810.278900 47.4799
6811.179000 47.4736
6812.079600 47.4673
6812.979800 47.4610
6813.879900 47.4548
6814.780100 47.4485
6815.680200 47.4422
6816.580800 47.4360
6817.481000 47.4297
6818.381100 47.4235
6819.281300 47.4172
6820.181400 47.4109
6821.082100 47.4047
6821.982200 47.3984
6822.882300 47.3922
6823.782500 47.3859
6824.682600 47.3797
6825.583300 47.3734
6826.483400 47.3672
6827.383600 47.3609
6828.283700 47.3547
6829.183800 47.3484
6830.084500 47.3422
6830.984600 47.3360
6831.884800 47.3297
6832.784900 47.3235
6833.685100 47.3172
6834.585700 47.3110
6835.485800 47.3048
6836.386000 47.2986
6837.286100 47.2923
6838.186300 47.2861
6839.086900 47.2799
6839.987000 47.2737
6840.887200 47.2674
6841.787300 47.2612
6842.687500 47.2550
6843.588100 47.2488
6844.488300 47.2426
6845.388400 47.2364
6846.288500 47.2301
6847.188700 47.2239
6848.089300 47.2177
6848.989500 47.2115
6849.889600 47.2053
6850.789800 47.1991
6851.689900 47.1929
6852.590500 47.1867
6853.490700 47.1805
6854.390800 47.1743
6855.291000 47.1681
6856.191100 47.1619
6857.091700 47.1557
6857.991900 47.1495
6858.892000 47.1434
6859.792200 47.1372
6860.692300 47.1310
6861.593000 47.1248
6862.493100 47.1186
6863.393200 47.1124
6864.293400 47.1063
6865.193500 47.1001
6866.094200 47.0939
6866.994300 47.0877
6867.894500 47.0816
6868.794600 47.0754
6869.694700 47.0692
6870.595400 47.0630
6871.495500 47.0569
6872.395700 47.0507
6873.295800 47.0446
6874.196000 47.0384
6875.096600 47.0322
6875.996700 47.0261
6876.896900 47.0199
6877.797000 47.0138
6878.697200 47.0076
6879.597800 47.0015
6880.497900 46.9953
6881.398100 46.9892
6882.298200 46.9830
6883.198400 46.9769
6884.099000 46.9707
6884.999200 46.9646
6885.899300 46.9585
6886.799400 46.9523
6887.699600 46.9462
6888.600200 46.9400
6889.500400 46.9339
6890.400500 46.9278
6891.300700 46.9216
6892.200800 46.9155
6893.101400 46.9094
6894.001600 46.9033
6894.901700 46.8971
6895.801900 46.8910
6896.702000 46.8849
6897.602600 46.8788
6898.502800 46.8727
6899.402900 46.8665
6900.303100 46.8604
6901.203200 46.8543
6902.103900 46.8482
6903.004000 46.8421
6903.904100 46.8360
6904.804300 46.8299
6905.704400 46.8238
6906.605100 46.8177
6907.505200 46.8116
6908.405400 46.8055
6909.305500 46.7994
6910.205600 46.7933
6911.106300 46.7872
6912.006400 46.7811
6912.906600 46.7750
6913.806700 46.7689
6914.706900 46.7628
6915.607500 46.7567
6916.507600 46.7506
6917.407800 46.7446
6918.307900 46.7385
6919.208100 46.7324
6920.108700 46.7263
6921.008800 46.7202
6921.909000 46.7142
6922.809100 46.7081
6923.709300 46.7020
6924.609900 46.6959
6925.510100 46.6899
6926.410200 46.6838
6927.310300 46.6777
6928.210500 46.6717
6929.111100 46.6656
6930.011300 46.6595
6930.911400 46.6535
6931.811600 46.6474
6932.711700 46.6414
6933.612300 46.6353
6934.512500 46.6293
6935.412600 46.6232
6936.312800 46.6172
6937.212900 46.6111
6938.113500 46.6051
6939.013700 46.5990
6939.913800 46.5930
6940.814000 46.5869
6941.714100 46.5809
6942.614800 46.5748
6943.514900 46.5688
6944.415000 46.5628
6945.315200 46.5567
6946.215300 46.5507
6947.116000 46.5447
6948.016100 46.5386
6948.916300 46.5326
6949.816400 46.5266
6950.716500 46.5206
6951.617200 46.5145
6952.517300 46.5085
6953.417500 46.5025
6954.317600 46.4965
6955.217800 46.4904
6956.118400 46.4844
6957.018500 46.4784
6957.918700 46.4724
6958.818800 46.4664
6959.719000 46.4604
6960.619600 46.4544
6961.519700 46.4484
6962.419900 46.4424
6963.320000 46.4364
6964.220200 46.4303
6965.120800 46.4243
6966.021000 46.4183
6966.921100 46.4123
6967.821200 46.4064
6968.721400 46.4004
6969.622000 46.3944
6970.522200 46.3884
6971.422300 46.3824
6972.322500 46.3764
6973.222600 46.3704
6974.123200 46.3644
6975.023400 46.3584
6975.923500 46.3525
6976.823700 46.3465
6977.723800 46.3405
6978.624400 46.3345
6979.524600 46.3285
6980.424700 46.3226
6981.324900 46.3166
6982.225000 46.3106
6983.125700 46.3046
6984.025800 46.2987
6984.925900 46.2927
6985.826100 46.2867
6986.726200 46.2808
6987.626900 46.2748
6988.527000 46.2689
6989.427200 46.2629
6990.327300 46.2569
6991.227500 46.2510
6992.128100 46.2450
6993.028200 46.2391
6993.928400 46.2331
6994.828500 46.2272
6995.728700 46.2212
6996.629300 46.2153
6997.529400 46.2093
6998.429600 46.2034
6999.329700 46.1974
7000.229900 46.1915
7001.130500 46.1856
7002.030700 46.1796
7002.930800 46.1737
7003.830900 46.1678
7004.731100 46.1618
7005.631700 46.1559
7006.531900 46.1500
7007.432000 46.1440
7008.332200 46.1381
7009.232300 46.1322
7010.132900 46.1263
7011.033100 46.1203
7011.933200 46.1144
7012.833400 46.1085
7013.733500 46.1026
7014.634100 46.0967
7015.534300 46.0907
7016.434400 46.0848
7017.334600 46.0789
7018.234700 46.0730
7019.135400 46.0671
7020.035500 46.0612
7020.935600 46.0553
7021.835800 46.0494
7022.735900 46.0435
7023.636600 46.0376
7024.536700 46.0317
7025.436900 46.0258
7026.337000 46.0199
7027.237100 46.0140
7028.137800 46.0081
7029.037900 46.0022
7029.938100 45.9963
7030.838200 45.9904
7031.738400 45.9845
7032.639000 45.9786
7033.539100 45.9728
7034.439300 45.9669
7035.339400 45.9610
7036.239600 45.9551
7037.140200 45.9492
7038.040300 45.9434
7038.940500 45.9375
7039.840600 45.9316
7040.740800 45.9257
7041.641400 45.9199
7042.541600 45.9140
7043.441700 45.9081
7044.341800 45.9023
7045.242000 45.8964
7046.142600 45.8905
7047.042800 45.8847
7047.942900 45.8788
7048.843100 45.8729
7049.743200 45.8671
7050.643800 45.8612
7051.544000 45.8554
7052.444100 45.8495
7053.344300 45.8437
7054.244400 45.8378
7055.145100 45.8320
7056.045200 45.8261
7056.945300 45.8203
7057.845500 45.8144
7058.745600 45.8086
7059.646300 45.8027
7060.546400 45.7969
7061.446600 45.7911
7062.346700 45.7852
7063.246800 45.7794
7064.147500 45.7736
7065.047600 45.7677
7065.947800 45.7619
7066.847900 45.7561
7067.748100 45.7502
7068.648700 45.7444
7069.548800 45.7386
7070.449000 45.7328
7071.349100 45.7269
7072.249300 45.7211
7073.149900 45.7153
7074.050000 45.7095
7074.950200 45.7037
7075.850300 45.6979
7076.750500 45.6920
7077.651100 45.6862
7078.551300 45.6804
7079.451400 45.6746
7080.351500 45.6688
7081.251700 45.6630
7082.152300 45.6572
7083.052500 45.6514
7083.952600 45.6456
7084.852800 45.6398
7085.752900 45.6340
7086.653500 45.6282
7087.553700 45.6224
7088.453800 45.6166
7089.354000 45.6108
7090.254100 45.6050
7091.154700 45.5992
7092.054900 45.5934
7092.955000 45.5877
7093.855200 45.5819
7094.755300 45.5761
7095.656000 45.5703
7096.556100 45.5645
7097.456200 45.5587
7098.356400 45.5530
7099.256500 45.5472
7100.157200 45.5414
7101.057300 45.5356
7101.957500 45.5299
7102.857600 45.5241
7103.757800 45.5183
7104.658400 45.5126
7105.558500 45.5068
7106.458700 45.5010
7107.358800 45.4953
7108.259000 45.4895
7109.159600 45.4837
7110.059700 45.4780
7110.959900 45.4722
7111.860000 45.4665
7112.760200 45.4607
7113.660800 45.4550
7114.561000 45.4492
7115.461100 45.4435
7116.361200 45.4377
7117.261400 45.4320
7118.162000 45.4262
7119.062200 45.4205
7119.962300 45.4147
7120.862500 45.4090
7121.762600 45.4032
7122.663200 45.3975
7123.563400 45.3918
7124.463500 45.3860
7125.363700 45.3803
7126.263800 45.3746
7127.164400 45.3688
7128.064600 45.3631
7128.964700 45.3574
7129.864900 45.3517
7130.765000 45.3459
7131.665700 45.3402
7132.565800 45.3345
7133.465900 45.3288
7134.366100 45.3230
7135.266200 45.3173
7136.166900 45.3116
7137.067000 45.3059
7137.967200 45.3002
7138.867300 45.2945
7139.767400 45.2888
7140.668100 45.2830
7141.568200 45.2773
7142.468400 45.2716
7143.368500 45.2659
7144.268700 45.2602
7145.169300 45.2545
7146.069400 45.2488
7146.969600 45.2431
7147.869700 45.2374
7148.769900 45.2317
7149.670500 45.2260
7150.570700 45.2203
7151.470800 45.2146
7152.370900 45.2089
7153.271100 45.2033
7154.171700 45.1976
7155.071900 45.1919
7155.972000 45.1862
7156.872200 45.1805
7157.772300 45.1748
7158.672900 45.1691
7159.573100 45.1635
7160.473200 45.1578
7161.373400 45.1521
7162.273500 45.1464
7163.174100 45.1408
7164.074300 45.1351
7164.974400 45.1294
7165.874600 45.1238
7166.774700 45.1181
7167.675400 45.1124
7168.575500 45.1068
7169.475600 45.1011
7170.375800 45.0954
7171.275900 45.0898
7172.176600 45.0841
7173.076700 45.0784
7173.976900 45.0728
7174.877000 45.0671
7175.777100 45.0615
7176.677800 45.0558
7177.577900 45.0502
7178.478100 45.0445
7179.378200 45.0389
7180.278400 45.0332
7181.179000 45.0276
7182.079100 45.0219
7182.979300 45.0163
7183.879400 45.0107
7184.779600 45.0050
7185.680200 44.9994
7186.580400 44.9937
7187.480500 44.9881
7188.380600 44.9825
7189.280800 44.9768
7190.181400 44.9712
7191.081600 44.9656
7191.981700 44.9600
7192.881900 44.9543
7193.782000 44.9487
7194.682600 44.9431
7195.582800 44.9375
7196.482900 44.9318
7197.383100 44.9262
7198.283200 44.9206
7199.183800 44.9150
7200.084000 44.9094
7200.984100 44.9037
7201.884300 44.8981
7202.784400 44.8925
7203.685100 44.8869
7204.585200 44.8813
7205.485300 44.8757
7206.385500 44.8701
7207.285600 44.8645
7208.186300 44.8589
7209.086400 44.8533
7209.986600 44.8477
7210.886700 44.8421
7211.786900 44.8365
7212.687500 44.8309
7213.587600 44.8253
7214.487800 44.8197
7215.387900 44.8141
7216.288100 44.8085
7217.188700 44.8029
7218.088800 44.7973
7218.989000 44.7918
7219.889100 44.7862
7220.789300 44.7806
7221.689900 44.7750
7222.590100 44.7694
7223.490200 44.7638
7224.390300 44.7583
7225.290500 44.7527
7226.191100 44.7471
7227.091300 44.7415
7227.991400 44.7360
7228.891600 44.7304
7229.791700 44.7248
7230.692300 44.7193
7231.592500 44.7137
7232.492600 44.7081
7233.392800 44.7026
7234.292900 44.6970
7235.193500 44.6914
7236.093700 44.6859
7236.993800 44.6803
7237.894000 44.6748
7238.794100 44.6692
7239.694800 44.6636
7240.594900 44.6581
7241.495100 44.6525
7242.395200 44.6470
7243.295300 44.6414
7244.196000 44.6359
7245.096100 44.6303
7245.996300 44.6248
7246.896400 44.6193
7247.796600 44.6137
7248.697200 44.6082
7249.597300 44.6026
7250.497500 44.5971
7251.397600 44.5916
7252.297800 44.5860
7253.198400 44.5805
7254.098500 44.5750
7254.998700 44.5694
7255.898800 44.5639
7256.799000 44.5584
7257.699600 44.5528
7258.599800 44.5473
7259.499900 44.5418
7260.400000 44.5363
7261.300200 44.5308
7262.200800 44.5252
7263.101000 44.5197
7264.001100 44.5142
7264.901300 44.5087
7265.801400 44.5032
7266.702000 44.4977
7267.602200 44.4921
7268.502300 44.4866
7269.402500 44.4811
7270.302600 44.4756
7271.203300 44.4701
7272.103400 44.4646
7273.003500 44.4591
7273.903700 44.4536
7274.803800 44.4481
7275.704500 44.4426
7276.604600 44.4371
7277.504800 44.4316
7278.404900 44.4261
7279.305000 44.4206
7280.205700 44.4151
7281.105800 44.4096
7282.006000 44.4041
7282.906100 44.3986
7283.806300 44.3932
7284.706900 44.3877
7285.607000 44.3822
7286.507200 44.3767
7287.407300 44.3712
7288.307500 44.3657
7289.208100 44.3603
7290.108200 44.3548
7291.008400 44.3493
7291.908500 44.3438
7292.808700 44.3384
7293.709300 44.3329
7294.609500 44.3274
7295.509600 44.3219
7296.409800 44.3165
7297.309900 44.3110
7298.210500 44.3055
7299.110700 44.3001
7300.010800 44.2946
7300.911000 44.2892
7301.811100 44.2837
7302.711700 44.2782
7303.611900 44.2728
7304.512000 44.2673
7305.412200 44.2619
7306.312300 44.2564
7307.213000 44.2510
7308.113100 44.2455
7309.013200 44.2401
7309.913400 44.2346
7310.813500 44.2292
7311.714200 44.2237
7312.614300 44.2183
7313.514500 44.2128
7314.414600 44.2074
7315.314700 44.2019
7316.215400 44.1965
7317.115500 44.1911
7318.015700 44.1856
7318.915800 44.1802
7319.816000 44.1748
7320.716600 44.1693
7321.616700 44.1639
7322.516900 44.1585
7323.417000 44.1530
7324.317200 44.1476
7325.217800 44.1422
7326.118000 44.1368
7327.018100 44.1313
7327.918200 44.1259
7328.818400 44.1205
7329.719000 44.1151
7330.619200 44.1097
7331.519300 44.1043
7332.419500 44.0988
7333.319600 44.0934
7334.220200 44.0880
7335.120400 44.0826
7336.020500 44.0772
7336.920700 44.0718
7337.820800 44.0664
7338.721400 44.0610
7339.621600 44.0556
7340.521700 44.0502
7341.421900 44.0448
7342.322000 44.0394
7343.222700 44.0340
7344.122800 44.0286
7345.023000 44.0232
7345.923100 44.0178
7346.823200 44.0124
7347.723900 44.0070
7348.624000 44.0016
7349.524200 43.9962
7350.424300 43.9908
7351.324500 43.9854
7352.225100 43.9800
7353.125200 43.9747
7354.025400 43.9693
7354.925500 43.9639
7355.825700 43.9585
7356.726300 43.9531
7357.626400 43.9478
7358.526600 43.9424
7359.426700 43.9370
7360.326900 43.9316
7361.227500 43.9263
7362.127700 43.9209
7363.027800 43.9155
7363.927900 43.9101
7364.828100 43.9048
7365.728700 43.8994
7366.628900 43.8940
7367.529000 43.8887
7368.429200 43.8833
7369.329300 43.8780
7370.229900 43.8726
7371.130100 43.8672
7372.030200 43.8619
7372.930400 43.8565
7373.830500 43.8512
7374.731200 43.8458
7375.631300 43.8405
7376.531400 43.8351
7377.431600 43.8298
7378.331700 43.8244
7379.232400 43.8191
7380.132500 43.8137
7381.032700 43.8084
7381.932800 43.8030
7382.832900 43.7977
7383.733600 43.7924
7384.633700 43.7870
7385.533900 43.7817
7386.434000 43.7764
7387.334200 43.7710
7388.234800 43.7657
7389.134900 43.7604
7390.035100 43.7550
7390.935200 43.7497
7391.835400 43.7444
7392.736000 43.7390
7393.636200 43.7337
7394.536300 43.7284
7395.436400 43.7231
7396.336600 43.7177
7397.237200 43.7124
7398.137400 43.7071
7399.037500 43.7018
7399.937700 43.6965
7400.837800 43.6912
7401.738400 43.6858
7410.000000 43.6371
7430.000000 43.5197
7450.000000 43.4028
7470.000000 43.2866
7490.000000 43.1711
7510.000000 -678.0485
7530.000000 -676.2476
7550.000000 -674.4562
7570.000000 -672.6743
7590.000000 -670.9018
7610.000000 -669.1386
7630.000000 -667.3846
7650.000000 -665.6398
7670.000000 -663.9041
7690.000000 -662.1774
7710.000000 -660.4597
7730.000000 -658.7509
7750.000000 -657.0509
7770.000000 -655.3596
7790.000000 -653.6771
7810.000000 -652.0031
7830.000000 -650.3377
7850.000000 -648.6808
7870.000000 -647.0323
7890.000000 -645.3922
7910.000000 -643.7604
7930.000000 -642.1367
7950.000000 -640.5213
7970.000000 -638.9140
7990.000000 -637.3147
8010.000000 -635.7234
8030.000000 -634.1400
8050.000000 -632.5645
8070.000000 -630.9968
8090.000000 -629.4369
8110.000000 -627.8846
8130.000000 -626.3400
8150.000000 -624.8030
8170.000000 -623.2735
8190.000000 -621.7514
8210.000000 -620.2368
8230.000000 -618.7296
8250.000000 -617.2296
8270.000000 -615.7369
8290.000000 -614.2514
8310.000000 -612.7731
8330.000000 -611.3018
8350.000000 -609.8376
8370.000000 -608.3805
8390.000000 -606.9302
8410.000000 -605.4868
8430.000000 -604.0503
8450.000000 -602.6206
8470.000000 -601.1977
8490.000000 -599.7814
8510.000000 -598.3718
8530.000000 -596.9689
8550.000000 -595.5724
8570.000000 -594.1825
8590.000000 -592.7991
8610.000000 -591.4221
8630.000000 -590.0515
8650.000000 -588.6872
8670.000000 -587.3292
8690.000000 -585.9775
8710.000000 -584.6320
8730.000000 -583.2926
8750.000000 -581.9594
8770.000000 -580.6322
8790.000000 -579.3111
8810.000000 -577.9960
8830.000000 -576.6868
8850.000000 -575.3835
8870.000000 -574.0862
8890.000000 -572.7946
8910.000000 -571.5089
8930.000000 -570.2289
8950.000000 -568.9547
8970.000000 -567.6861
8990.000000 -566.4232
9010.000000 -565.1659
9030.000000 -563.9141
9050.000000 -562.6679
9070.000000 -561.4272
9090.000000 -560.1919
9110.000000 -558.9621
9130.000000 -557.7376
9150.000000 -556.5185
9170.000000 -555.3047
9190.000000 -554.0962
9210.000000 -552.8930
9230.000000 -551.6949
9250.000000 -550.5021
9270.000000 -549.3144
9290.000000 -548.1318
9310.000000 -546.9543
9330.000000 -545.7818
9350.000000 -544.6144
9370.000000 -543.4519
9390.000000 -542.2944
9410.000000 -541.1418
9430.000000 -539.9941
9450.000000 -538.8513
9470.000000 -537.7132
9490.000000 -536.5800
9510.000000 -535.4516
9530.000000 -534.3278
9550.000000 -533.2088
9570.000000 -532.0945
9590.000000 -530.9848
9610.000000 -529.8797
9630.000000 -528.7793
9650.000000 -527.6834
9670.000000 -526.5920
9690.000000 -525.5051
9710.000000 -524.4227
9730.000000 -523.3447
9750.000000 -522.2712
9770.000000 -521.2021
9790.000000 -520.1373
9810.000000 -519.0769
9830.000000 -518.0208
9850.000000 -516.9690
9870.000000 -515.9214
9890.000000 -514.8781
9910.000000 -513.8390
9930.000000 -512.8041
9950.000000 -511.7733
9970.000000 -510.7467
9990.000000 -700.8707
10025.000000 -1079.3822
10075.000000 -1263.5594
10125.000000 -1257.3196
10175.000000 -1251.1411
10225.000000 -1245.0231
10275.000000 -1238.9646
10325.000000 -1232.9647
10375.000000 -1227.0227
10425.000000 -1221.1377
10475.000000 -1215.3089
10525.000000 -1209.5355
10575.000000 -1203.8166
10625.000000 -1198.1516
10675.000000 -1192.5397
10725.000000 -1186.9800
10775.000000 -1181.4720
10825.000000 -1176.0149
10875.000000 -1170.6079
10925.000000 -1165.2504
10975.000000 -1159.9418
11025.000000 -1154.6813
11075.000000 -1149.4683
11125.000000 -1144.3021
11175.000000 -1139.1822
11225.000000 -1134.1079
11275.000000 -1129.0786
11325.000000 -1124.0937
11375.000000 -1119.1526
11425.000000 -1114.2548
11475.000000 -1109.3996
11525.000000 -1104.5866
11575.000000 -1099.8152
11625.000000 -1095.0848
11675.000000 -1090.3949
11725.000000 -1085.7451
11775.000000 -1081.1347
11825.000000 -1076.5633
11875.000000 -1072.0304
11925.000000 -1067.5355
11975.000000 -1063.0782
12025.000000 -1058.6579
12075.000000 -1054.2742
12125.000000 -1049.9267
12175.000000 -1045.6149
12225.000000 -1041.3383
12275.000000 -1037.0966
12325.000000 -1032.8893
12375.000000 -1028.7160
12425.000000 -1024.5763
12475.000000 -1020.4698
12525.000000 -1016.3961
12575.000000 -1012.3547
12625.000000 -1008.3454
12675.000000 -1004.3677
12725.000000 -1000.4213
12775.000000 -996.5057
12825.000000 -992.6207
12875.000000 -988.7659
12925.000000 -984.9409
12975.000000 -981.1454
13025.000000 -977.3790
13075.000000 -973.6414
13125.000000 -969.9323
13175.000000 -966.2513
13225.000000 -962.5982
13275.000000 -958.9726
13325.000000 -955.3742
13375.000000 -951.8027
13425.000000 -948.2578
13475.000000 -944.7392
13525.000000 -941.2466
13575.000000 -937.7798
13625.000000 -934.3384
13675.000000 -930.9222
13725.000000 -927.5309
13775.000000 -924.1641
13825.000000 -920.8218
13875.000000 -917.5035
13925.000000 -914.2090
13975.000000 -910.9382
14025.000000 -907.6906
14075.000000 -904.4661
14125.000000 -901.2645
14175.000000 -898.0854
14225.000000 -894.9287
14275.000000 -891.7941
14325.000000 -888.6814
14375.000000 -885.5903
14425.000000 -882.5207
14475.000000 -879.4723
14525.000000 -832.6226
14570.000000 -830.0510
14620.000000 -914.2872
14675.000000 -910.8606
14725.000000 -864.5406
14775.000000 -861.6150
14825.000000 -858.7090
14875.000000 -855.8226
14925.000000 -852.9555
14975.000000 -850.1076
15025.000000 -847.2786
15075.000000 -844.4684
15125.000000 -841.6768
15175.000000 -838.9035
15225.000000 -836.1485
15275.000000 -833.4115
15325.000000 -830.6924
15375.000000 -827.9910
15425.000000 -825.3070
15475.000000 -822.6404
15525.000000 -819.9910
15575.000000 -817.3586
15625.000000 -814.7431
15675.000000 -812.1442
15725.000000 -809.5619
15775.000000 -806.9959
15825.000000 -804.4462
15875.000000 -801.9125
15925.000000 -799.3947
15975.000000 -996.1159
16050.000000 -1388.0456
16150.000000 -1576.5153
16250.000000 -1566.8137
16350.000000 -1557.2307
16450.000000 -1547.7642
16550.000000 -1538.4122
16650.000000 -1529.1725
16750.000000 -1520.0431
16850.000000 -1511.0221
16950.000000 -1502.1075
17050.000000 -1493.2975
17150.000000 -1484.5902
17250.000000 -1475.9839
17350.000000 -1467.4768
17450.000000 -1459.0672
17550.000000 -1450.7534
17650.000000 -1442.5338
17750.000000 -1434.4069
17850.000000 -1426.3710
17950.000000 -1418.4246
18050.000000 -1410.5663
18150.000000 -1402.7946
18250.000000 -1395.1080
18350.000000 -1387.5053
18450.000000 -1379.9849
18550.000000 -1372.5457
18650.000000 -1365.1862
18750.000000 -1357.9052
18850.000000 -1350.7014
18950.000000 -1343.5737
19050.000000 -1336.5208
19150.000000 -1329.5416
19250.000000 -1322.6349
19350.000000 -1315.7996
19450.000000 -1309.0345
19550.000000 -1302.3387
19650.000000 -1295.7110
19750.000000 -1289.1505
19850.000000 -1282.6560
19950.000000 -1276.2267
20050.000000 -1269.8614
20150.000000 -1263.5594
20250.000000 -1257.3196
20350.000000 -1251.1411
20450.000000 -1245.0231
20550.000000 -1238.9646
20650.000000 -1232.9647
20750.000000 -1227.0227
20850.000000 -1221.1377
20950.000000 -1215.3089
21050.000000 -1209.5355
21150.000000 -1203.8166
21250.000000 -1198.1516
21350.000000 -1192.5397
21450.000000 -1186.9800
21550.000000 -1181.4720
21650.000000 -1176.0149
21750.000000 -1170.6079
21850.000000 -1165.2504
21950.000000 -1159.9418
22050.000000 -1154.6813
22150.000000 -1149.4683
22250.000000 -1144.3021
22350.000000 -1139.1822
22450.000000 -1134.1079
22550.000000 -1129.0786
22650.000000 -1124.0937
22750.000000 -1119.1526
22850.000000 -1114.2548
22950.000000 -1109.3996
23050.000000 -1104.5866
23150.000000 -1099.8152
23250.000000 -1095.0848
23350.000000 -1090.3949
23450.000000 -1085.7451
23550.000000 -1081.1347
23650.000000 -1076.5633
23750.000000 -1072.0304
23850.000000 -1067.5355
23950.000000 -1063.0782
24050.000000 -1058.6579
24150.000000 -1054.2742
24250.000000 -1049.9267
24350.000000 -1045.6149
24450.000000 -1041.3383
24550.000000 -1037.0966
24650.000000 -1032.8893
24750.000000 -1028.7160
24850.000000 -1024.5763
24950.000000 -1020.4698
25050.000000 -1016.3961
25150.000000 -1012.3547
25250.000000 -1008.3454
25350.000000 -1004.3677
25450.000000 -1000.4213
25550.000000 -996.5057
25650.000000 -992.6207
25750.000000 -988.7659
25850.000000 -984.9409
25950.000000 -981.1454
26050.000000 -977.3790
26150.000000 -973.6414
26250.000000 -969.9323
26350.000000 -966.2513
26450.000000 -962.5982
26550.000000 -958.9726
26650.000000 -955.3742
26750.000000 -951.8027
26850.000000 -948.2578
26950.000000 -944.7392
27050.000000 -941.2466
27150.000000 -937.7798
27250.000000 -934.3384
27350.000000 -930.9222
27450.000000 -927.5309
27550.000000 -924.1641
27650.000000 -920.8218
27750.000000 -917.5035
27850.000000 -914.2090
27950.000000 -910.9382
28050.000000 -907.6906
28150.000000 -904.4661
28250.000000 -901.2645
28350.000000 -898.0854
28450.000000 -894.9287
28550.000000 -891.7941
28650.000000 -888.6814
28750.000000 -885.5903
28850.000000 -882.5207
28950.000000 -879.4723
29050.000000 -876.4448
29150.000000 -873.4381
29250.000000 -870.4520
29350.000000 -867.4863
29450.000000 -864.5406
29550.000000 -861.6150
29650.000000 -858.7090
29750.000000 -855.8226
29850.000000 -852.9555
29950.000000 -850.1076
30050.000000 -847.2786
30150.000000 -844.4684
30250.000000 -841.6768
30350.000000 -838.9035
30450.000000 -836.1485
30550.000000 -833.4115
30650.000000 -830.6924
30750.000000 -827.9910
30850.000000 -825.3070
30950.000000 -822.6404
31050.000000 -819.9910
31150.000000 -817.3586
31250.000000 -814.7431
31350.000000 -812.1442
31450.000000 -809.5619
31550.000000 -806.9959
31650.000000 -804.4462
31750.000000 -801.9125
31850.000000 -799.3947
31950.000000 -996.1159
32100.000000 -1388.0456
32300.000000 -1576.5153
32500.000000 -1566.8137
32700.000000 -1557.2307
32900.000000 -1547.7642
33100.000000 -1538.4122
33300.000000 -1529.1725
33500.000000 -1520.0431
33700.000000 -1511.0221
33900.000000 -1502.1075
34100.000000 -1493.2975
34300.000000 -1484.5902
34500.000000 -1475.9839
34700.000000 -1467.4768
34900.000000 -1459.0672
35100.000000 -1450.7534
35300.000000 -1442.5338
35500.000000 -1434.4069
35700.000000 -1426.3710
35900.000000 -1418.4246
36100.000000 -1410.5663
36300.000000 -1402.7946
36500.000000 -1395.1080
36700.000000 -1387.5053
36900.000000 -1379.9849
37100.000000 -1372.5457
37300.000000 -1365.1862
37500.000000 -1357.9052
37700.000000 -1350.7014
37900.000000 -1343.5737
38100.000000 -1336.5208
38300.000000 -1329.5416
38500.000000 -1322.6349
38700.000000 -1315.7996
38900.000000 -1309.0345
39100.000000 -1302.3387
39300.000000 -1295.7110
39500.000000 -1289.1505
39700.000000 -1282.6560
39900.000000 -1276.2267
40100.000000 -1269.8614
40300.000000 -1263.5594
40500.000000 -1257.3196
40700.000000 -1251.1411
40900.000000 -1245.0231
41100.000000 -1238.9646
41300.000000 -1232.9647
41500.000000 -1227.0227
41700.000000 -1221.1377
41900.000000 -1215.3089
42100.000000 -1209.5355
42300.000000 -1203.8166
42500.000000 -1198.1516
42700.000000 -1192.5397
42900.000000 -1186.9800
43100.000000 -1181.4720
43300.000000 -1176.0149
43500.000000 -1170.6079
43700.000000 -1165.2504
43900.000000 -1159.9418
44100.000000 -1154.6813
44300.000000 -1149.4683
44500.000000 -1144.3021
44700.000000 -1139.1822
44900.000000 -1134.1079
45100.000000 -1129.0786
45300.000000 -1124.0937
45500.000000 -1119.1526
45700.000000 -1114.2548
45900.000000 -1109.3996
46100.000000 -1104.5866
46300.000000 -1099.8152
46500.000000 -1095.0848
46700.000000 -1090.3949
46900.000000 -1085.7451
47100.000000 -1081.1347
47300.000000 -1076.5633
47500.000000 -1072.0304
47700.000000 -1067.5355
47900.000000 -1063.0782
48100.000000 -1058.6579
48300.000000 -1054.2742
48500.000000 -1049.9267
48700.000000 -1045.6149
48900.000000 -1041.3383
49100.000000 -1037.0966
49300.000000 -1032.8893
49500.000000 -1028.7160
49700.000000 -1024.5763
49900.000000 -1020.4698
50100.000000 -1016.3961
50300.000000 -1012.3547
50500.000000 -1008.3454
50700.000000 -1004.3677
50900.000000 -1000.4213
51100.000000 -996.5057
51300.000000 -992.6207
51500.000000 -988.7659
51700.000000 -984.9409
51900.000000 -981.1454
52100.000000 -977.3790
52300.000000 -973.6414
52500.000000 -969.9323
52700.000000 -966.2513
52900.000000 -962.5982
53100.000000 -958.9726
53300.000000 -955.3742
53500.000000 -951.8027
53700.000000 -948.2578
53900.000000 -944.7392
54100.000000 -941.2466
54300.000000 -937.7798
54500.000000 -934.3384
54700.000000 -930.9222
54900.000000 -927.5309
55100.000000 -924.1641
55300.000000 -920.8218
55500.000000 -917.5035
55700.000000 -914.2090
55900.000000 -910.9382
56100.000000 -907.6906
56300.000000 -904.4661
56500.000000 -901.2645
56700.000000 -898.0854
56900.000000 -894.9287
57100.000000 -891.7941
57300.000000 -888.6814
57500.000000 -885.5903
57700.000000 -882.5207
57900.000000 -879.4723
58100.000000 -876.4448
58300.000000 -873.4381
58500.000000 -870.4520
58700.000000 -867.4863
58900.000000 -864.5406
59100.000000 -861.6150
59300.000000 -858.7090
59500.000000 -855.8226
59700.000000 -852.9555
59900.000000 -850.1076
60100.000000 -847.2786
60300.000000 -844.4684
60500.000000 -841.6768
60700.000000 -838.9035
60900.000000 -836.1485
61100.000000 -833.4115
61300.000000 -830.6924
61500.000000 -827.9910
61700.000000 -825.3070
61900.000000 -822.6404
62100.000000 -819.9910
62300.000000 -817.3586
62500.000000 -814.7431
62700.000000 -812.1442
62900.000000 -809.5619
63100.000000 -806.9959
63300.000000 -804.4462
63500.000000 -801.9125
63700.000000 -799.3947
63900.000000 -996.1159
64200.000000 -1388.0456
64600.000000 -1576.5153
65000.000000 -1566.8137
65400.000000 -1557.2307
65800.000000 -1547.7642
66200.000000 -1538.4122
66600.000000 -1529.1725
67000.000000 -1520.0431
67400.000000 -1511.0221
67800.000000 -1502.1075
68200.000000 -1493.2975
68600.000000 -1484.5902
69000.000000 -1475.9839
69400.000000 -1467.4768
69800.000000 -1459.0672
70200.000000 -1450.7534
70600.000000 -1442.5338
71000.000000 -1434.4069
71400.000000 -1426.3710
71800.000000 -1418.4246
72200.000000 -1410.5663
72600.000000 -1402.7946
73000.000000 -1395.1080
73400.000000 -1387.5053
73800.000000 -1379.9849
74200.000000 -1372.5457
74600.000000 -1365.1862
75000.000000 -1357.9052
75400.000000 -1350.7014
75800.000000 -1343.5737
76200.000000 -1336.5208
76600.000000 -1329.5416
77000.000000 -1322.6349
77400.000000 -1315.7996
77800.000000 -1309.0345
78200.000000 -1302.3387
78600.000000 -1295.7110
79000.000000 -1289.1505
79400.000000 -1282.6560
79800.000000 -1276.2267
80200.000000 -1269.8614
80600.000000 -1263.5594
81000.000000 -1257.3196
81400.000000 -1251.1411
81800.000000 -1245.0231
82200.000000 -1238.9646
82600.000000 -1232.9647
83000.000000 -1227.0227
83400.000000 -1221.1377
83800.000000 -1215.3089
84200.000000 -1209.5355
84600.000000 -1203.8166
85000.000000 -1198.1516
85400.000000 -1192.5397
85800.000000 -1186.9800
86200.000000 -1181.4720
86600.000000 -1176.0149
87000.000000 -1170.6079
87400.000000 -1165.2504
87800.000000 -1159.9418
88200.000000 -1154.6813
88600.000000 -1149.4683
89000.000000 -1144.3021
89400.000000 -1139.1822
89800.000000 -1134.1079
90200.000000 -1129.0786
90600.000000 -1124.0937
91000.000000 -1119.1526
91400.000000 -1114.2548
91800.000000 -1109.3996
92200.000000 -1104.5866
92600.000000 -1099.8152
93000.000000 -1095.0848
93400.000000 -1090.3949
93800.000000 -1085.7451
94200.000000 -1081.1347
94600.000000 -1076.5633
95000.000000 -1072.0304
95400.000000 -1067.5355
95800.000000 -1063.0782
96200.000000 -1058.6579
96600.000000 -1054.2742
97000.000000 -1049.9267
97400.000000 -1045.6149
97800.000000 -1041.3383
98200.000000 -1037.0966
98600.000000 -1032.8893
99000.000000 -1028.7160
99400.000000 -1024.5763
99800.000000 -765.3524
100000.000000 -1400.3397
100900.000000 -2397.1938
101900.000000 -2373.6689
102800.000000 -2352.8877
103800.000000 -2330.2202
104700.000000 -2310.1897
105700.000000 -2408.7722
106700.000000 -2266.8871
107600.000000 -2247.9262
108600.000000 -2344.4495
109600.000000 -2439.2115
110700.000000 -2414.9736
111700.000000 -2279.3842
112700.000000 -2372.1169
113800.000000 -2349.1879
114800.000000 -2328.7246
115900.000000 -2306.6228
116900.000000 -2286.8912
118000.000000 -2373.4571
119100.000000 -2351.5360
120200.000000 -2330.0161
121300.000000 -2413.8360
122500.000000 -2390.1902
123600.000000 -2265.9218
124700.000000 -2348.0217
125900.000000 -2426.7567
127100.000000 -2303.6845
128200.000000 -2283.9181
129400.000000 -2361.1179
130600.000000 -2339.4231
131800.000000 -2318.1234
133000.000000 -2392.9250
134300.000000 -2369.7619
135500.000000 -2348.7751
136800.000000 -2326.4548
138000.000000 -2306.2248
139300.000000 -2376.0903
140600.000000 -2354.1208
141900.000000 -2332.5538
143200.000000 -2311.3784
144500.000000 -2378.6834
145900.000000 -2355.8584
147200.000000 -2335.0526
148600.000000 -2398.7221
150000.000000 -2376.3340
151400.000000 -2354.3600
152800.000000 -2332.7887
154200.000000 -2311.6090
155600.000000 -2290.8105
157000.000000 -2351.4679
158500.000000 -2409.5320
160000.000000 -2307.3779
161400.000000 -2287.3635
162900.000000 -2344.4495
164400.000000 -2400.4939
166000.000000 -2377.3566
167500.000000 -2280.0646
169000.000000 -2335.1550
170600.000000 -2387.8754
172200.000000 -2365.6884
173800.000000 -2343.9100
175400.000000 -2322.5288
177000.000000 -2301.5342
178600.000000 -2352.1943
180300.000000 -2400.6227
182000.000000 -2378.1993
183700.000000 -2356.1909
185400.000000 -2334.5861
187100.000000 -2313.3740
188800.000000 -2292.5438
190500.000000 -2338.9115
192300.000000 -2383.2189
194100.000000 -2361.1179
195900.000000 -2339.4231
197700.000000 -2318.1234
199500.000000 -2361.0193
201400.000000 -2338.7456
203200.000000 -2318.0283
205100.000000 -2358.6237
207000.000000 -2336.9745
208900.000000 -2376.6591
210900.000000 -2354.1208
212800.000000 -2333.1019
214800.000000 -2370.6445
216800.000000 -2348.7751
218800.000000 -2327.3055
220800.000000 -2306.2248
222800.000000 -2342.6607
224900.000000 -2377.3907
227000.000000 -2355.3972
229100.000000 -2333.8069
231200.000000 -2312.6088
233300.000000 -2346.3589
235500.000000 -2378.4963
237700.000000 -2356.4825
239900.000000 -2334.8724
242100.000000 -2313.6550
244300.000000 -2344.9294
246600.000000 -2374.6821
248900.000000 -2352.7385
251200.000000 -2331.1967
253500.000000 -2360.2642
255900.000000 -2338.1280
258200.000000 -2317.3004
260600.000000 -2344.8094
263000.000000 -2371.8163
265500.000000 -2349.4828
267900.000000 -2328.4348
270400.000000 -2353.9869
272900.000000 -2332.4223
275400.000000 -2357.4742
278000.000000 -2335.4259
280500.000000 -2314.6111
283100.000000 -2383.2890
285800.000000 -2360.7737
288400.000000 -2339.4907
291100.000000 -2361.5235
293800.000000 -2339.8213
296500.000000 -2318.5143
299200.000000 -2340.1399
302000.000000 -2360.5967
304800.000000 -2338.9115
307600.000000 -2359.0071
310500.000000 -2336.9745
313300.000000 -2316.0886
316200.000000 -2375.3678
319200.000000 -2353.0429
322100.000000 -2331.8575
325100.000000 -2349.4976
328100.000000 -2328.0148
331100.000000 -2345.3700
334200.000000 -2361.7067
337300.000000 -2340.0011
340400.000000 -2356.0891
343600.000000 -2334.1465
346700.000000 -2313.2759
349900.000000 -2364.8856
353200.000000 -2378.8330
356500.000000 -2321.1037
359700.000000 -2335.8460
363100.000000 -2349.0338
366400.000000 -2327.8771
369800.000000 -2375.3242
373300.000000 -2353.0536
376700.000000 -2331.8155
380200.000000 -2343.8329
383700.000000 -2355.6310
387300.000000 -2333.7352
390800.000000 -2345.4094
394500.000000 -2355.6815
398100.000000 -2334.3792
401800.000000 -2344.5662
405500.000000 -2354.5674
409300.000000 -2332.7072
413000.000000 -2342.6330
416900.000000 -2351.2540
420700.000000 -2330.0161
424600.000000 -2338.5967
428500.000000 -2347.0210
432500.000000 -2354.7488
436500.000000 -2362.3350
440600.000000 -2340.3523
444600.000000 -2319.2965
448700.000000 -2354.8472
452900.000000 -2361.1179
457100.000000 -2339.4231
461300.000000 -2345.7201
465600.000000 -2351.3983
469900.000000 -2329.8809
474200.000000 -2335.5997
478600.000000 -2367.3258
483100.000000 -2345.2745
487500.000000 -2324.1069
492000.000000 -2354.5993
496600.000000 -2358.4237
501200.000000 -2336.7781
505800.000000 -2340.6951
510500.000000 -2344.0821
515200.000000 -2347.4074
520000.000000 -2350.2205
524800.000000 -2352.9821
529700.000000 -2355.2490
534600.000000 -2333.6614
539500.000000 -2336.0625
544500.000000 -2337.9910
549500.000000 -2339.8844
554600.000000 -2364.2755
559800.000000 -2342.3136
564900.000000 -2343.7025
570200.000000 -2344.2439
575400.000000 -2345.1829
580800.000000 -2345.2972
586100.000000 -2345.8096
591600.000000 -2345.5195
597000.000000 -2345.6276
602600.000000 -2344.9553
608100.000000 -2344.6808
613800.000000 -2343.6474
619400.000000 -2343.0112
625200.000000 -2361.9991
631000.000000 -2340.2882
636800.000000 -2338.9639
642700.000000 -2337.2998
648600.000000 -2335.6660
654600.000000 -2353.1526
660700.000000 -2350.6948
666800.000000 -2348.2819
673000.000000 -2345.5643
679200.000000 -2342.8962
685500.000000 -2339.9351
691800.000000 -2337.0278
698200.000000 -2352.0718
704700.000000 -2348.4418
711200.000000 -2344.8781
717800.000000 -2341.0527
724400.000000 -2337.2971
731100.000000 -2350.7027
737900.000000 -2346.2923
744700.000000 -2341.9625
751600.000000 -2354.3376
758600.000000 -2349.3943
765600.000000 -2344.5414
772700.000000 -2339.4736
779800.000000 -2334.4981
787000.000000 -2345.4922
794300.000000 -2355.9903
801700.000000 -2350.1228
809100.000000 -2344.3626
816600.000000 -2338.4205
824100.000000 -2348.0341
831800.000000 -2356.9074
839500.000000 -2335.2896
847200.000000 -2344.1175
855100.000000 -2352.2360
863000.000000 -2345.4547
871000.000000 -2338.5278
879000.000000 -2346.2099
887200.000000 -2353.2227
895400.000000 -2331.6721
903600.000000 -2338.6896
912000.000000 -2345.0665
920400.000000 -2351.3270
929000.000000 -2356.9667
937600.000000 -2335.3478
946200.000000 -2341.0302
955000.000000 -2346.1189
963800.000000 -2337.9061
972700.000000 -2342.6900
981700.000000 -2347.1481
990800.000000 -2351.2879
1000000.000000 -2316.9257
1009000.000000 -2397.1938
1019000.000000 -2373.6689
1028000.000000 -2352.8877
1038000.000000 -2330.2202
1047000.000000 -2310.1897
1057000.000000 -2408.7722
1067000.000000 -2266.8871
1076000.000000 -2247.9262
1086000.000000 -2344.4495
1096000.000000 -2439.2115
1107000.000000 -2414.9736
1117000.000000 -2279.3842
1127000.000000 -2372.1169
1138000.000000 -2349.1879
1148000.000000 -2328.7246
1159000.000000 -2306.6228
1169000.000000 -2286.8912
1180000.000000 -2373.4571
1191000.000000 -2351.5360
1202000.000000 -2330.0161
1213000.000000 -2413.8360
1225000.000000 -2390.1902
1236000.000000 -2265.9218
1247000.000000 -2348.0217
1259000.000000 -2426.7567
1271000.000000 -2303.6845
1282000.000000 -2283.9181
1294000.000000 -2361.1179
1306000.000000 -2339.4231
1318000.000000 -2318.1234
1330000.000000 -2392.9250
1343000.000000 -2369.7619
1355000.000000 -2348.7751
1368000.000000 -2326.4548
1380000.000000 -2306.2248
1393000.000000 -2376.0903
1406000.000000 -2354.1208
1419000.000000 -2332.5538
1432000.000000 -2311.3784
1445000.000000 -2378.6834
1459000.000000 -2355.8584
1472000.000000 -2335.0526
1486000.000000 -2398.7221
1500000.000000 -2376.3340
1514000.000000 -2354.3600
1528000.000000 -2332.7887
1542000.000000 -2311.6090
1556000.000000 -2290.8105
1570000.000000 -2351.4679
1585000.000000 -2409.5320
1600000.000000 -2307.3779
1614000.000000 -2287.3635
1629000.000000 -2344.4495
1644000.000000 -2400.4939
1660000.000000 -2377.3566
1675000.000000 -2280.0646
1690000.000000 -2335.1550
1706000.000000 -2387.8754
1722000.000000 -2365.6884
1738000.000000 -2343.9100
1754000.000000 -2322.5288
1770000.000000 -2301.5342
1786000.000000 -2352.1943
1803000.000000 -2400.6227
1820000.000000 -2378.1993
1837000.000000 -2356.1909
1854000.000000 -2334.5861
1871000.000000 -2313.3740
1888000.000000 -2292.5438
1905000.000000 -2338.9115
1923000.000000 -2383.2189
1941000.000000 -2361.1179
1959000.000000 -2339.4231
1977000.000000 -2318.1234
1995000.000000 -2361.0193
2014000.000000 -2338.7456
2032000.000000 -2318.0283
2051000.000000 -2358.6237
2070000.000000 -2336.9745
2089000.000000 -2376.6591
2109000.000000 -2354.1208
2128000.000000 -2333.1019
2148000.000000 -2370.6445
2168000.000000 -2348.7751
2188000.000000 -2327.3055
2208000.000000 -2306.2248
2228000.000000 -2342.6607
2249000.000000 -2377.3907
2270000.000000 -2355.3972
2291000.000000 -2333.8069
2312000.000000 -2312.6088
2333000.000000 -2346.3589
2355000.000000 -2378.4963
2377000.000000 -2356.4825
2399000.000000 -2334.8724
2421000.000000 -2313.6550
2443000.000000 -2344.9294
2466000.000000 -2374.6821
2489000.000000 -2352.7385
2512000.000000 -2331.1967
2535000.000000 -2360.2642
2559000.000000 -2338.1280
2582000.000000 -2317.3004
2606000.000000 -2344.8094
2630000.000000 -2371.8163
2655000.000000 -2349.4828
2679000.000000 -2328.4348
2704000.000000 -2353.9869
2729000.000000 -2332.4223
2754000.000000 -2357.4742
2780000.000000 -2335.4259
2805000.000000 -2314.6111
2831000.000000 -2383.2890
2858000.000000 -2360.7737
2884000.000000 -2339.4907
2911000.000000 -2361.5235
2938000.000000 -2339.8213
2965000.000000 -2318.5143
2992000.000000 -2340.1399
3020000.000000 -2360.5967
3048000.000000 -2338.9115
3076000.000000 -2359.0071
3105000.000000 -2336.9745
3133000.000000 -2316.0886
3162000.000000 -2375.3678
3192000.000000 -2353.0429
3221000.000000 -2331.8575
3251000.000000 -2349.4976
3281000.000000 -2328.0148
3311000.000000 -2345.3700
3342000.000000 -2361.7067
3373000.000000 -2340.0011
3404000.000000 -2356.0891
3436000.000000 -2334.1465
3467000.000000 -2313.2759
3499000.000000 -2364.8856
3532000.000000 -2378.8330
3565000.000000 -2321.1037
3597000.000000 -2335.8460
3631000.000000 -2349.0338
3664000.000000 -2327.8771
3698000.000000 -2375.3242
3733000.000000 -2353.0536
3767000.000000 -2331.8155
3802000.000000 -2343.8329
3837000.000000 -2355.6310
3873000.000000 -2333.7352
3908000.000000 -2345.4094
3945000.000000 -2355.6815
3981000.000000 -2334.3792
4018000.000000 -2344.5662
4055000.000000 -2354.5674
4093000.000000 -2332.7072
4130000.000000 -2342.6330
4169000.000000 -2351.2540
4207000.000000 -2330.0161
4246000.000000 -2338.5967
4285000.000000 -2347.0210
4325000.000000 -2354.7488
4365000.000000 -2362.3350
4406000.000000 -2340.3523
4446000.000000 -2319.2965
4487000.000000 -2354.8472
4529000.000000 -2361.1179
4571000.000000 -2339.4231
4613000.000000 -2345.7201
4656000.000000 -2351.3983
4699000.000000 -2329.8809
4742000.000000 -2335.5997
4786000.000000 -2367.3258
4831000.000000 -2345.2745
4875000.000000 -2324.1069
4920000.000000 -2354.5993
4966000.000000 -2358.4237
5012000.000000 -2336.7781
5058000.000000 -2340.6951
5105000.000000 -2344.0821
5152000.000000 -2347.4074
5200000.000000 -2350.2205
5248000.000000 -2352.9821
5297000.000000 -2355.2490
5346000.000000 -2333.6614
5395000.000000 -2336.0625
5445000.000000 -2337.9910
5495000.000000 -2339.8844
5546000.000000 -2364.2755
5598000.000000 -2342.3136
5649000.000000 -2343.7025
5702000.000000 -2344.2439
5754000.000000 -2345.1829
5808000.000000 -2345.2972
5861000.000000 -2345.8096
5916000.000000 -2345.5195
5970000.000000 -2345.6276
6026000.000000 -2344.9553
6081000.000000 -2344.6808
6138000.000000 -2343.6474
6194000.000000 -2343.0112
6252000.000000 -2361.9991
6310000.000000 -2340.2882
6368000.000000 -2338.9639
6427000.000000 -2337.2998
6486000.000000 -2335.6660
6546000.000000 -2353.1526
6607000.000000 -2350.6948
6668000.000000 -2348.2819
6730000.000000 -2345.5643
6792000.000000 -2342.8962
6855000.000000 -2339.9351
6918000.000000 -2337.0278
6982000.000000 -2352.0718
7047000.000000 -2348.4418
7112000.000000 -2344.8781
7178000.000000 -2341.0527
7244000.000000 -2337.2971
7311000.000000 -2350.7027
7379000.000000 -2346.2923
7447000.000000 -2341.9625
7516000.000000 -2354.3376
7586000.000000 -2349.3943
7656000.000000 -2344.5414
7727000.000000 -2339.4736
7798000.000000 -2334.4981
7870000.000000 -2345.4922
7943000.000000 -2355.9903
8017000.000000 -2350.1228
8091000.000000 -2344.3626
8166000.000000 -2338.4205
8241000.000000 -2348.0341
8318000.000000 -2356.9074
8395000.000000 -2335.2896
8472000.000000 -2344.1175
8551000.000000 -2352.2360
8630000.000000 -2345.4547
8710000.000000 -2338.5278
8790000.000000 -2346.2099
8872000.000000 -2353.2227
8954000.000000 -2331.6721
9036000.000000 -2338.6896
9120000.000000 -2345.0665
9204000.000000 -2351.3270
9290000.000000 -2356.9667
9376000.000000 -2335.3478
9462000.000000 -2341.0302
9550000.000000 -2346.1189
9638000.000000 -2337.9061
9727000.000000 -2342.6900
9817000.000000 -2347.1481
9908000.000000 -2351.2879
10000000.000000 -2316.9257
10090000.000000 -2397.1938
10190000.000000 -2373.6689
10280000.000000 -2352.8877
10380000.000000 -2330.2202
10470000.000000 -2310.1897
10570000.000000 -2408.7722
10670000.000000 -2266.8871
10760000.000000 -2247.9262
10860000.000000 -2344.4495
10960000.000000 -2439.2115
11070000.000000 -2414.9736
11170000.000000 -2279.3842
11270000.000000 -2372.1169
11380000.000000 -2349.1879
11480000.000000 -2328.7246
11590000.000000 -2306.6228
11690000.000000 -2286.8912
11800000.000000 -2373.4571
11910000.000000 -2351.5360
12020000.000000 -2330.0161
12130000.000000 -2413.8360
12250000.000000 -2390.1902
12360000.000000 -2265.9218
12470000.000000 -2348.0217
12590000.000000 -2426.7567
12710000.000000 -2303.6845
12820000.000000 -2283.9181
12940000.000000 -2361.1179
13060000.000000 -2339.4231
13180000.000000 -2318.1234
13300000.000000 -2392.9250
13430000.000000 -2369.7619
13550000.000000 -2348.7751
13680000.000000 -2326.4548
13800000.000000 -2306.2248
13930000.000000 -2376.0903
14060000.000000 -2354.1208
14190000.000000 -2332.5538
14320000.000000 -2311.3784
14450000.000000 -2378.6834
14590000.000000 -2355.8584
14720000.000000 -2335.0526
14860000.000000 -2398.7221
15000000.000000 -2376.3340
15140000.000000 -2354.3600
15280000.000000 -2332.7887
15420000.000000 -2311.6090
15560000.000000 -2290.8105
15700000.000000 -2351.4679
15850000.000000 -2409.5320
16000000.000000 -2307.3779
16140000.000000 -2287.3635
16290000.000000 -2344.4495
16440000.000000 -2400.4939
16600000.000000 -2377.3566
16750000.000000 -2280.0646
16900000.000000 -2335.1550
17060000.000000 -2387.8754
17220000.000000 -2365.6884
17380000.000000 -2343.9100
17540000.000000 -2322.5288
17700000.000000 -2301.5342
17860000.000000 -2352.1943
18030000.000000 -2400.6227
18200000.000000 -2378.1993
18370000.000000 -2356.1909
18540000.000000 -2334.5861
18710000.000000 -2313.3740
18880000.000000 -2292.5438
19050000.000000 -2338.9115
19230000.000000 -2383.2189
19410000.000000 -2361.1179
19590000.000000 -2339.4231
19770000.000000 -2318.1234
19950000.000000 -2361.0193
20140000.000000 -2338.7456
20320000.000000 -2318.0283
20510000.000000 -2358.6237
20700000.000000 -2336.9745
20890000.000000 -2376.6591
21090000.000000 -2354.1208
21280000.000000 -2333.1019
21480000.000000 -2370.6445
21680000.000000 -2348.7751
21880000.000000 -2327.3055
22080000.000000 -2306.2248
22280000.000000 -2342.6607
22490000.000000 -2377.3907
22700000.000000 -2355.3972
22910000.000000 -2333.8069
23120000.000000 -2312.6088
23330000.000000 -2346.3589
23550000.000000 -2378.4963
23770000.000000 -2356.4825
23990000.000000 -2334.8724
24210000.000000 -2313.6550
24430000.000000 -2344.9294
24660000.000000 -2374.6821
24890000.000000 -2352.7385
25120000.000000 -2331.1967
25350000.000000 -2360.2642
25590000.000000 -2338.1280
25820000.000000 -2317.3004
26060000.000000 -2344.8094
26300000.000000 -2371.8163
26550000.000000 -2349.4828
26790000.000000 -2328.4348
27040000.000000 -2353.9869
27290000.000000 -2332.4223
27540000.000000 -2357.4742
27800000.000000 -2335.4259
28050000.000000 -2314.6111
28310000.000000 -2383.2890
28580000.000000 -2360.7737
28840000.000000 -2339.4907
29110000.000000 -2361.5235
29380000.000000 -2339.8213
29650000.000000 -2318.5143
29920000.000000 -2340.1399
30200000.000000 -2360.5967
30480000.000000 -2338.9115
30760000.000000 -2359.0071
31050000.000000 -2336.9745
31330000.000000 -2316.0886
31620000.000000 -2375.3678
31920000.000000 -2353.0429
32210000.000000 -2331.8575
32510000.000000 -2349.4976
32810000.000000 -2328.0148
33110000.000000 -2345.3700
33420000.000000 -2361.7067
33730000.000000 -2340.0011
34040000.000000 -2356.0891
34360000.000000 -2334.1465
34670000.000000 -2313.2759
34990000.000000 -2364.8856
35320000.000000 -2378.8330
35650000.000000 -2321.1037
35970000.000000 -2335.8460
36310000.000000 -2349.0338
36640000.000000 -2327.8771
36980000.000000 -2375.3242
37330000.000000 -2353.0536
37670000.000000 -2331.8155
38020000.000000 -2343.8329
38370000.000000 -2355.6310
38730000.000000 -2333.7352
39080000.000000 -2345.4094
39450000.000000 -2355.6815
39810000.000000 -2334.3792
40180000.000000 -2344.5662
40550000.000000 -2354.5674
40930000.000000 -2332.7072
41300000.000000 -2342.6330
41690000.000000 -2351.2540
42070000.000000 -2330.0161
42460000.000000 -2338.5967
42850000.000000 -2347.0210
43250000.000000 -2354.7488
43650000.000000 -2362.3350
44060000.000000 -2340.3523
44460000.000000 -2319.2965
44870000.000000 -2354.8472
45290000.000000 -2361.1179
45710000.000000 -2339.4231
46130000.000000 -2345.7201
46560000.000000 -2351.3983
46990000.000000 -2329.8809
47420000.000000 -2335.5997
47860000.000000 -2367.3258
48310000.000000 -2345.2745
48750000.000000 -2324.1069
49200000.000000 -2354.5993
49660000.000000 -2358.4237
50120000.000000 -2336.7781
50580000.000000 -2340.6951
51050000.000000 -2344.0821
51520000.000000 -2347.4074
52000000.000000 -2350.2205
52480000.000000 -2352.9821
52970000.000000 -2355.2490
53460000.000000 -2333.6614
53950000.000000 -2336.0625
54450000.000000 -2337.9910
54950000.000000 -2339.8844
55460000.000000 -2364.2755
55980000.000000 -2342.3136
56490000.000000 -2343.7025
57020000.000000 -2344.2439
57540000.000000 -2345.1829
58080000.000000 -2345.2972
58610000.000000 -2345.8096
59160000.000000 -2345.5195
59700000.000000 -2345.6276
60260000.000000 -2344.9553
60810000.000000 -2344.6808
61380000.000000 -2343.6474
61940000.000000 -2343.0112
62520000.000000 -2361.9991
63100000.000000 -2340.2882
63680000.000000 -2338.9639
64270000.000000 -2337.2998
64860000.000000 -2335.6660
65460000.000000 -2353.1526
66070000.000000 -2350.6948
66680000.000000 -2348.2819
67300000.000000 -2345.5643
67920000.000000 -2342.8962
68550000.000000 -2339.9351
69180000.000000 -2337.0278
69820000.000000 -2352.0718
70470000.000000 -2348.4418
71120000.000000 -2344.8781
71780000.000000 -2341.0527
72440000.000000 -2337.2971
73110000.000000 -2350.7027
73790000.000000 -2346.2923
74470000.000000 -2341.9625
75160000.000000 -2354.3376
75860000.000000 -2349.3943
76560000.000000 -2344.5414
77270000.000000 -2339.4736
77980000.000000 -2334.4981
78700000.000000 -2345.4922
79430000.000000 -2355.9903
80170000.000000 -2350.1228
80910000.000000 -2344.3626
81660000.000000 -2338.4205
82410000.000000 -2348.0341
83180000.000000 -2356.9074
83950000.000000 -2335.2896
84720000.000000 -2344.1175
85510000.000000 -2352.2360
86300000.000000 -2345.4547
87100000.000000 -2338.5278
87900000.000000 -2346.2099
88720000.000000 -2353.2227
89540000.000000 -2331.6721
90360000.000000 -2338.6896
91200000.000000 -2345.0665
92040000.000000 -2351.3270
92900000.000000 -2356.9667
93760000.000000 -2335.3478
94620000.000000 -2341.0302
95500000.000000 -2346.1189
96380000.000000 -2337.9061
97270000.000000 -2342.6900
98170000.000000 -2347.1481
99080000.000000 -2351.2879
100000000.000000 -2342.3864
