code,id,logmstar,logmstar_lo,logmstar_hi,logsfr,logsfr_lo,logsfr_hi,mass_definition_note,sfr_timescale_note
BAGPIPES,21,9.83481654160954,9.69846968930542,9.906800047974796,0.43878258465362213,0.3395483390802257,0.5622022784913868,survived stellar mass,instantaneous
BAGPIPES,25,9.657405282981774,9.601814856463657,9.713790907286343,0.14320035586098828,0.04787705295165484,0.20743984548474012,survived stellar mass,instantaneous
BAGPIPES,40,10.201162855768954,10.068852975356332,10.280942620040694,1.299908851200652,1.2168419402856319,1.4370080004021408,survived stellar mass,instantaneous
BAGPIPES,58,9.940375664958852,9.839579306269815,10.028138004426584,1.3082036758689266,1.2000186906567867,1.4069655323032613,survived stellar mass,instantaneous
BAGPIPES,79,10.79001518512891,10.698504665003073,10.892885022356404,1.7313027477691498,1.6441395643365262,1.8702419074160364,survived stellar mass,instantaneous
BAGPIPES,143,9.497610442061797,9.350395895712689,9.596695835323619,0.3992470485665407,0.3046625044844875,0.5635665567427124,survived stellar mass,instantaneous
BAGPIPES,170,9.318333367360673,9.192140065514742,9.392925373287737,-0.07896081188192161,-0.16181134385025897,0.05118037138136268,survived stellar mass,instantaneous
BAGPIPES,190,9.587539470764352,9.45837219099337,9.689246711376086,0.5193657817197075,0.38624524717531755,0.7180103002311248,survived stellar mass,instantaneous
BAGPIPES,239,9.417302575774189,9.327020464269538,9.471589224104436,-0.014089076457020244,-0.0765969233994896,0.06879039353745735,survived stellar mass,instantaneous
BAGPIPES,267,9.971263040686953,9.88546100246262,10.05139412331964,1.2189962086022432,1.0737852074882879,1.343166826881725,survived stellar mass,instantaneous
BAGPIPES,274,10.022220654104416,9.915630767996472,10.119961776483754,0.9127122679409779,0.8185823684259196,1.0354980951889947,survived stellar mass,instantaneous
BAGPIPES,300,10.0734278932286,9.952782291114492,10.176418596350675,0.9252682366442184,0.8340536506746247,1.0510770898993782,survived stellar mass,instantaneous
BAGPIPES,344,9.50108630345153,9.398593177627662,9.606387515848516,0.2538982388109963,0.16617607686537528,0.3862636202526716,survived stellar mass,instantaneous
BAGPIPES,407,9.5108015640685,9.433843677410117,9.60730412363219,-6.487184441979878,-27.14294037831965,-1.5793381093389594,survived stellar mass,instantaneous
BAGPIPES,482,10.341662926726736,10.216259488320043,10.426271394315853,1.0624299112619142,0.9748360272620431,1.2151430612827927,survived stellar mass,instantaneous
BAGPIPES,499,10.06711191358049,10.001290789349794,10.149636634088344,-11.597971615300494,-38.73426847497043,-3.092532483923924,survived stellar mass,instantaneous
BAGPIPES,513,9.813879378563025,9.73947328595903,9.883043769513083,1.0632076723855188,0.94637207044654,1.1623758072207968,survived stellar mass,instantaneous
BAGPIPES,528,11.016330835506967,10.982998254265206,11.049646960474071,-0.713852945631246,-5.731328188028403,0.8393631866852749,survived stellar mass,instantaneous
BAGPIPES,533,9.203536262836632,9.078991776088598,9.301042354447157,0.13936484799765317,0.021987151504525605,0.32462171013307883,survived stellar mass,instantaneous
BAGPIPES,570,8.978418590725852,8.874817354394274,9.063498388360863,0.3936060519226883,0.29856104603150035,0.5096684761874496,survived stellar mass,instantaneous
BAGPIPES,601,9.406048325542589,9.298109568734976,9.492065413364227,0.17580794861991927,0.09291687291915791,0.3298399921085498,survived stellar mass,instantaneous
BAGPIPES,744,9.981905515275297,9.884631820498397,10.056577280186216,1.09089204849512,0.9801214184463474,1.2166291318005114,survived stellar mass,instantaneous
BAGPIPES,797,10.396255915470359,10.296404020352991,10.490841875970533,1.1569936253914939,1.0672787355885676,1.3097497015858606,survived stellar mass,instantaneous
BAGPIPES,931,9.620605736621268,9.466217781033382,9.699295379826383,0.349814610040356,0.23929807389635235,0.5335296542414142,survived stellar mass,instantaneous
BAGPIPES,952,9.156231132264628,9.053269345943,9.24019234345644,0.2926386870883847,0.18948710204360508,0.4281121549952619,survived stellar mass,instantaneous
BAGPIPES,994,9.666503265109984,9.603124896634897,9.719108141929793,1.3800018236882492,1.3089168892862733,1.4521967190918157,survived stellar mass,instantaneous
BAGPIPES,1025,9.695447372296767,9.56501182694314,9.817126787631306,0.5255054994763778,0.4055991371274563,0.7613239596065211,survived stellar mass,instantaneous
BAGPIPES,1205,9.014388249492402,8.894869278666071,9.104699222726783,0.06845596380607474,-0.05883332243038486,0.210703727422702,survived stellar mass,instantaneous
BAGPIPES,1256,11.02119317846735,10.967251868303656,11.06043395332942,-1.6350639121639923,-10.246521332713192,0.34892254181983823,survived stellar mass,instantaneous
BAGPIPES,1603,9.161126158025787,9.04956369574068,9.245958457416428,0.6244509838622787,0.5467126536899073,0.7407364581139367,survived stellar mass,instantaneous
BAGPIPES,1609,9.059719259216457,9.004148696266482,9.12418147375119,0.4380097404549556,0.322204207321862,0.5375414642971025,survived stellar mass,instantaneous
BAGPIPES,1695,9.08809854360877,9.000839601596867,9.156968987197024,0.49752082851532664,0.3752548240872547,0.6629437489535281,survived stellar mass,instantaneous
BAGPIPES,1772,9.483897769705392,9.431312746034664,9.518503825396092,-0.04307022258942673,-0.9757960681954262,0.35451662167013476,survived stellar mass,instantaneous
BAGPIPES,1826,8.750197258123737,8.697681968279888,8.801868750260876,0.8086976078830668,0.7386074942783767,0.8699608016402935,survived stellar mass,instantaneous
BAGPIPES,1848,10.335682688033296,10.250099918998627,10.439063744497027,1.7137748283240928,1.5725705512796513,1.855555187371789,survived stellar mass,instantaneous
BAGPIPES,1851,10.832335375101454,10.752774902557624,10.895668403251493,0.20327616988422106,-2.1732403557398055,0.5254574990513714,survived stellar mass,instantaneous
BAGPIPES,1862,9.952353256893849,9.880995138602325,10.008479796410127,1.0945043137300263,0.9879695861021605,1.211872507882414,survived stellar mass,instantaneous
BAGPIPES,1872,9.799609206556363,9.70271229165755,9.877461083454003,0.45778271344885346,0.3528808422302908,0.5920333533318913,survived stellar mass,instantaneous
BAGPIPES,1886,9.868168793508003,9.775884173817634,9.934521060169883,0.975545720705836,0.8697724618461464,1.0916419725254671,survived stellar mass,instantaneous
BAGPIPES,1918,10.451027633656793,10.40711177413354,10.505582534405102,0.7395181855217233,0.6121602641674876,0.8364082498571899,survived stellar mass,instantaneous
BAGPIPES,2013,9.837782209092538,9.745874455177727,9.92818325633576,0.8199934015552205,0.7239353845390718,0.9504931027232562,survived stellar mass,instantaneous
BAGPIPES,2046,9.948871140701408,9.873855688710783,10.039587363815857,0.9730923788836144,0.8696408080141735,1.117842769645369,survived stellar mass,instantaneous
BAGPIPES,2068,9.182022532111855,9.057947342377302,9.251249870037897,-0.07256078601767083,-0.16883009888229253,0.04537762130645162,survived stellar mass,instantaneous
BAGPIPES,2096,9.240914968150785,9.132026006561818,9.359756116976738,0.65426918528868,0.49339681802993124,0.8259333738450494,survived stellar mass,instantaneous
BAGPIPES,2100,9.321993386911043,9.214862261481034,9.411566719032855,0.24129915128391324,0.12590729625242264,0.3978709150510666,survived stellar mass,instantaneous
BAGPIPES,2102,9.490288071845336,9.364454266690542,9.567513953631426,0.14808195575112604,0.07576817638664943,0.27386023716607283,survived stellar mass,instantaneous
BAGPIPES,2149,9.324632526352584,9.210283031014836,9.422827353709133,0.10290560403302436,0.017131256844164635,0.25906526899007015,survived stellar mass,instantaneous
BAGPIPES,2228,10.41134337799992,10.30170251945885,10.495188226917241,1.12742513285062,1.0368038832168949,1.256047683155121,survived stellar mass,instantaneous
BAGPIPES,2583,9.734479791654845,9.626966179966919,9.801208404525923,0.8500644226344769,0.772382306325309,0.9747908319764258,survived stellar mass,instantaneous
BAGPIPES,2697,10.052680922530428,9.956870409656787,10.13536354593967,0.9707211590342428,0.8779362280534894,1.0754896125390836,survived stellar mass,instantaneous
BAGPIPES,2784,9.529807312308943,9.428296929283114,9.624375020925855,0.42468240883989994,0.3145516211810121,0.5592242928332871,survived stellar mass,instantaneous
BAGPIPES,2793,10.306839752871165,10.206246149515188,10.380822093385902,1.4407633344175634,1.3211363207857079,1.6061443313007528,survived stellar mass,instantaneous
BAGPIPES,2862,10.287632199973867,10.230146368101783,10.37538735569622,-3.725381847249976,-20.07135258339397,-0.8032686571010313,survived stellar mass,instantaneous
BAGPIPES,2903,9.525650310227887,9.414046712294784,9.614589943158247,0.7699624842766565,0.6270297147086394,0.928606793983153,survived stellar mass,instantaneous
BAGPIPES,2921,10.056665272353436,9.991422593189474,10.124136059585485,1.0811550840927822,0.9796438859410874,1.2055864479985843,survived stellar mass,instantaneous
BAGPIPES,2976,9.775954149106513,9.675795571126196,9.847439029143557,1.1975258930740431,1.1017918725328975,1.2902853289344027,survived stellar mass,instantaneous
BAGPIPES,3315,9.077704940684306,8.999280679420561,9.170299080757713,0.29842012082531233,0.19075290262801822,0.44047578030278967,survived stellar mass,instantaneous
BAGPIPES,3336,9.41179594936684,9.290543832751142,9.483842538462776,0.06370311015923538,-0.027329538853742716,0.2023643286420386,survived stellar mass,instantaneous
BAGPIPES,3371,10.193385377754783,10.124508985986497,10.26137895681252,0.18161366064033305,-0.1511974817668915,0.3784916410720855,survived stellar mass,instantaneous
BAGPIPES,3404,10.107723968394954,10.013673234453364,10.178698195314972,1.1254782186287038,1.05001557475122,1.2566971485965224,survived stellar mass,instantaneous
BAGPIPES,3412,9.381938432939203,9.221641692219102,9.506180165576083,0.27014917964058976,0.12126333017784245,0.5279434349532166,survived stellar mass,instantaneous
BAGPIPES,3432,9.077655674108792,8.986650510824862,9.161398993618617,0.07583480587961106,-0.0319131874255745,0.21591164758004305,survived stellar mass,instantaneous
BAGPIPES,3451,9.099389884061537,8.99972984699426,9.184610581022657,-0.00908797675575172,-0.08117679389542894,0.11432330412402697,survived stellar mass,instantaneous
BAGPIPES,3458,9.49084555846083,9.403637485400974,9.569397522888117,0.5506449551731283,0.47061574501881126,0.6498059192725839,survived stellar mass,instantaneous
BAGPIPES,3591,9.379121489513043,9.271603150176457,9.44100116403885,-0.002236603738055323,-0.0731615589997786,0.09898301111686288,survived stellar mass,instantaneous
BAGPIPES,3631,9.376780190491756,9.27649936557853,9.450368983503195,0.2977756267100327,0.21172655985069777,0.44522057727099285,survived stellar mass,instantaneous
BAGPIPES,3647,11.089860088801869,11.014915229592711,11.16633911112429,-24.64129485223027,-112.00573135418553,-4.390224175470226,survived stellar mass,instantaneous
BAGPIPES,3653,9.337328116776083,9.23258811238768,9.428340136234931,0.15066936386117585,0.0687735473357727,0.2954318555037627,survived stellar mass,instantaneous
BAGPIPES,3683,10.133055966243802,9.967547039341591,10.253400070533516,1.2854475301068782,1.1496922891789922,1.5210761245732636,survived stellar mass,instantaneous
BAGPIPES,3707,9.295447876728591,9.220838403556376,9.359791336746003,0.3175642005236398,0.2154263437069352,0.4491679798015918,survived stellar mass,instantaneous
BAGPIPES,3767,10.447629761006349,10.369283307461457,10.548627691446194,-13.136581834208576,-42.457178840491146,-2.44582762751587,survived stellar mass,instantaneous
BAGPIPES,3811,9.141834097781484,9.006265730104523,9.257448069183976,-0.03200339565796291,-0.14717283509773835,0.15603311142946333,survived stellar mass,instantaneous
BAGPIPES,3871,8.973834022110506,8.868819516428491,9.058087462322174,0.20557494174119542,0.1012692128845976,0.32685493479252,survived stellar mass,instantaneous
BAGPIPES,4056,8.931766696386426,8.829615729984372,9.022632691414335,0.16274047182904414,0.03535130699040136,0.3184159280658658,survived stellar mass,instantaneous
BAGPIPES,4062,10.786543339084208,10.66944494880707,10.850352797795436,-14.764037811913553,-55.44199659580564,-2.304354794573248,survived stellar mass,instantaneous
BAGPIPES,4171,10.679697075598213,10.5412864440901,10.74736872491178,1.3355679256800925,1.2700770254409273,1.4449875648723411,survived stellar mass,instantaneous
BAGPIPES,4187,9.774097309864358,9.66171518390942,9.856906608435137,1.027037574850814,0.9279121568678642,1.1431029950482323,survived stellar mass,instantaneous
BAGPIPES,4216,11.06318645473717,11.008912193243363,11.140770088475547,1.738916873523073,1.5946972383863653,1.8560717990626845,survived stellar mass,instantaneous
BAGPIPES,4348,10.357291271072521,10.275264119847023,10.443458137745909,1.2363850306934323,1.138334168292979,1.3720686846946502,survived stellar mass,instantaneous
BAGPIPES,4376,10.772918277672643,10.732603235523053,10.80962539714329,1.9716479628635886,1.7401721879261824,2.1244143746997746,survived stellar mass,instantaneous
BAGPIPES,4459,10.107020508188953,10.035778210354811,10.193687885353627,-9.6096955726365,-33.75582991167296,-2.1048057152235162,survived stellar mass,instantaneous
BAGPIPES,4529,11.267875730653794,11.106043729241003,11.306219520323276,-36.75031592348723,-184.46182926669417,-6.018431247905149,survived stellar mass,instantaneous
BAGPIPES,4589,9.365278448438056,9.263958344357027,9.441490328046383,0.019893566507912734,-0.04927259537869008,0.1336641064595667,survived stellar mass,instantaneous
BAGPIPES,4608,10.876312068613807,10.821837156887016,10.943346614845819,0.85785801946335,-0.31033252853096727,1.111496516903857,survived stellar mass,instantaneous
BAGPIPES,4644,9.564378894667113,9.437322562159416,9.664909762727364,0.3386510641472106,0.22657674833427638,0.5328749122698375,survived stellar mass,instantaneous
BAGPIPES,5012,9.781814835373023,9.667342101097963,9.862360636105095,0.9560378715990182,0.8798434545147603,1.0901927999034462,survived stellar mass,instantaneous
BAGPIPES,5068,9.791980707426344,9.727783972395102,9.86912517150718,-4.646044614575535,-21.644837707251018,-0.9792967579153076,survived stellar mass,instantaneous
BAGPIPES,5219,9.616415800492467,9.499322286760329,9.697472164088731,0.8401857737816162,0.7114685794965383,0.9786543828847462,survived stellar mass,instantaneous
BAGPIPES,5568,9.506064213922338,9.37988053026311,9.59533854879021,0.19563194359761676,0.09694050698456579,0.3743161463736037,survived stellar mass,instantaneous
BAGPIPES,5789,9.481946452037072,9.35836130845106,9.582722047374533,0.2467110608567854,0.13069198037894034,0.4228348876555312,survived stellar mass,instantaneous
BAGPIPES,5845,9.250505298682713,9.148088148129244,9.324984975336065,-0.14426190094464256,-0.19737311244141398,-0.06991936149331313,survived stellar mass,instantaneous
BAGPIPES,5950,10.13043917838959,10.041296379316146,10.20790688682126,-12.206525003358376,-40.321357778777,-2.927368066858328,survived stellar mass,instantaneous
BAGPIPES,6141,9.673156405552078,9.591878803938174,9.736349652421794,0.8456560224176389,0.7496077730330886,0.9521085807064491,survived stellar mass,instantaneous
BAGPIPES,6159,9.509895662828207,9.394015400957588,9.6097036579926,0.8536207823798325,0.7356740911911408,0.9869968965997321,survived stellar mass,instantaneous
BAGPIPES,6221,10.870012533927202,10.807010388797009,10.926696453401073,1.7206073121845062,1.635345600476731,1.8152204654016844,survived stellar mass,instantaneous
BAGPIPES,6401,10.485279116001935,10.42665951317555,10.579105903551943,-1.0424109952830263,-8.548984530137286,0.06670646460774347,survived stellar mass,instantaneous
BAGPIPES,6665,9.359723621911495,9.252130255352721,9.437150358219764,0.7044433579303517,0.621788137669416,0.8201901830810426,survived stellar mass,instantaneous
BAGPIPES,7011,9.967836230732754,9.919632408753179,10.00703985233152,1.0293486421386262,0.9152270214523617,1.1112801829542582,survived stellar mass,instantaneous
BAGPIPES,7094,8.946654699601938,8.890858041409611,8.991228249450616,0.1172775083780545,0.046452725205755656,0.1962609534384501,survived stellar mass,instantaneous
BAGPIPES,7183,10.774915690637645,10.717751698412266,10.823768676883681,2.1395511801462193,2.0688986706207495,2.23651129427225,survived stellar mass,instantaneous
BAGPIPES,7195,10.908181047087732,10.818290990917003,10.980585215813685,1.5182214449138054,1.4410596145128165,1.6275573751470063,survived stellar mass,instantaneous
BAGPIPES,7219,10.497824680934752,10.402127217084212,10.568379524895745,-13.468321588420968,-49.64006545164397,-3.5014431427341974,survived stellar mass,instantaneous
BAGPIPES,7603,9.036602639769765,8.920238700341313,9.12178646178083,0.27982181330446954,0.1424569301129305,0.43433687783607317,survived stellar mass,instantaneous
BAGPIPES,7649,9.432637114659498,9.301381777901641,9.522035013226233,0.34530358190404964,0.24102507333057405,0.5214987271894591,survived stellar mass,instantaneous
BAGPIPES,7764,9.2707002920068,9.120502889325646,9.355147874411779,0.4669638966702165,0.32387570961595413,0.6610150245160686,survived stellar mass,instantaneous
BAGPIPES,7772,9.466393183998335,9.381042580462443,9.549175322141263,0.7498964294123336,0.641630688467464,0.8900680316168752,survived stellar mass,instantaneous
BAGPIPES,7837,10.317948151004005,10.238098941526868,10.397744966919845,1.6826872163821651,1.5819416416200034,1.7871421121864968,survived stellar mass,instantaneous
BAGPIPES,7886,10.686055254655844,10.632608932747328,10.736038492143962,1.210626821535469,1.111745555557479,1.2736484145307663,survived stellar mass,instantaneous
BAGPIPES,7988,9.804355496899786,9.730748153665898,9.868832035041924,0.8145755996977824,0.7366093459490232,0.9361389454623954,survived stellar mass,instantaneous
BAGPIPES,8038,9.425640812914047,9.343965185692493,9.500208902059494,0.8960384819135511,0.7669010440069176,1.0045004683502317,survived stellar mass,instantaneous
BAGPIPES,8041,10.4586471540417,10.35416057614129,10.53035308950114,-9.263142355933859,-33.906749468246346,-1.5737758283309238,survived stellar mass,instantaneous
BAGPIPES,8067,10.408331659707924,10.333584105417676,10.474905639124305,-0.5925728386398987,-4.819637515979625,-0.1545917028951866,survived stellar mass,instantaneous
BAGPIPES,8113,9.353720369917085,9.23756162710526,9.443288093861986,0.1896366948217545,0.08283747486756655,0.3484169718761795,survived stellar mass,instantaneous
BAGPIPES,8154,10.364019668025305,10.265689818635948,10.459734680694394,1.0880762426640334,0.9977754497134741,1.2317655365681568,survived stellar mass,instantaneous
BAGPIPES,8167,10.332883039007168,10.248585436496004,10.40866722162835,1.3351760455940995,1.2219055102782868,1.4846015406270403,survived stellar mass,instantaneous
BAGPIPES,8402,9.813834109815918,9.707479431720882,9.880802054187898,0.8847039736330052,0.7947023396008441,1.033235770242179,survived stellar mass,instantaneous
BAGPIPES,8461,9.182807027834992,9.058723842820275,9.276499860542216,0.2541544878535352,0.12001002706433156,0.4234974716837127,survived stellar mass,instantaneous
BAGPIPES,8540,9.288375906452698,9.176627635354704,9.366084641378864,-0.050013274572354216,-0.11444139715746357,0.08589222576977996,survived stellar mass,instantaneous
BAGPIPES,8586,9.124157413116077,9.009633317854195,9.186316892782827,0.2759450884954463,0.16765319842264456,0.4023358377073426,survived stellar mass,instantaneous
BAGPIPES,8976,9.146712461512088,9.026456819664894,9.230361062512234,0.1985790743151042,0.07460785213337032,0.36227242139947646,survived stellar mass,instantaneous
BAGPIPES,9026,10.321446175134426,10.280788896354196,10.3694006946229,-0.18070840923684334,-4.150099566377973,0.6809569199332839,survived stellar mass,instantaneous
BAGPIPES,9372,8.908019253721116,8.816739482869,8.984349411931452,-0.027507553256357925,-0.14725630728259642,0.10356090682200488,survived stellar mass,instantaneous
BAGPIPES,9380,9.550367829641834,9.470137343752222,9.618412714065144,0.9217240009729092,0.8098836430656953,1.0411060045354865,survived stellar mass,instantaneous
BAGPIPES,9606,9.037566443935182,8.885227182194802,9.128371856819493,-0.00042401442842284604,-0.11152051773023398,0.21419217316655928,survived stellar mass,instantaneous
BAGPIPES,9769,10.57238553030198,10.499006897249012,10.630049815748984,1.7619673426035318,1.6455370075445983,1.8910935583448103,survived stellar mass,instantaneous
BAGPIPES,9871,9.496793815821434,9.399408680640287,9.574706537404053,0.7024750966326715,0.6054930482148159,0.8265500013744544,survived stellar mass,instantaneous
BAGPIPES,9884,9.389159461980313,9.301654782879623,9.461357388684556,1.0595907568995169,0.9875675089623657,1.1468027112082677,survived stellar mass,instantaneous
BAGPIPES,10056,9.597538415362461,9.478812906736874,9.676065231034976,0.21221250528874416,0.08460838024884004,0.3685991308597602,survived stellar mass,instantaneous
BAGPIPES,10075,9.046312651264774,8.972149665423222,9.120555633689897,0.13018216789796286,0.01599306618480757,0.2547355525795532,survived stellar mass,instantaneous
BAGPIPES,10099,9.846637835187424,9.743058604896298,9.918895607298037,0.9374874348747352,0.8445593031013061,1.0993584714404265,survived stellar mass,instantaneous
BAGPIPES,10246,9.256711668556637,9.146007817691293,9.339170306426633,0.07688747030419038,-0.028733341781790458,0.2286945432296865,survived stellar mass,instantaneous
BAGPIPES,10413,11.190542836197428,11.093097594169848,11.27086476541755,1.8615713882256517,1.7726403939476885,1.9674812412263452,survived stellar mass,instantaneous
BAGPIPES,10465,9.475428613797344,9.358713370472408,9.56767960641078,0.23776549928192026,0.129099048425522,0.3975959722574992,survived stellar mass,instantaneous
BAGPIPES,10496,10.418871826080137,10.36722437541676,10.468818401786963,0.939417996569195,0.8277443026711073,1.0001116248489512,survived stellar mass,instantaneous
BAGPIPES,10679,9.396898450715094,9.347120628664292,9.447154362829396,1.473999415790035,1.4230892009602687,1.535283503687192,survived stellar mass,instantaneous
BAGPIPES,11058,9.61350874724866,9.508996253748217,9.684534665409688,0.9173858772000141,0.8169525246038782,1.038386293682353,survived stellar mass,instantaneous
BAGPIPES,11156,9.230109741862817,9.10995226519798,9.308449028818524,0.38236555617941986,0.2548132676799915,0.5330556267764939,survived stellar mass,instantaneous
BAGPIPES,11425,9.06022436234766,8.967062492526981,9.11847014479778,0.17755337811643865,0.09293396860021376,0.27705715309055184,survived stellar mass,instantaneous
BAGPIPES,11618,10.323068957437195,10.192768725865774,10.422587678534024,1.3626738495744055,1.2271088096599363,1.5149266331787101,survived stellar mass,instantaneous
BAGPIPES,11981,10.594037380428622,10.518547242827617,10.66501596725218,-11.117387243500145,-48.49931173467826,-1.7276536691568263,survived stellar mass,instantaneous
BAGPIPES,12216,9.383186313457774,9.28083751574582,9.471802258577544,0.9011580747631218,0.7884006209992713,1.0191334905578786,survived stellar mass,instantaneous
BAGPIPES,12304,9.510090131091918,9.397798682028016,9.576140187506883,0.9040871412540469,0.8111755502747132,1.0146217444435979,survived stellar mass,instantaneous
BAGPIPES,12354,9.051361489563774,8.921059895501445,9.137559888618787,0.17230595464980963,0.028918944070039237,0.36331453617523274,survived stellar mass,instantaneous
BAGPIPES,12588,9.342633646554994,9.247759097529107,9.428710870653664,0.19372343288500576,0.08641628090033024,0.3313156094966455,survived stellar mass,instantaneous
BAGPIPES,12829,9.520096802981104,9.390859267529713,9.609851521778317,0.2189002137754119,0.11469601254216343,0.39190599073830457,survived stellar mass,instantaneous
BAGPIPES,12997,9.4678621068052,9.379972804615754,9.5446488262576,0.8560048678543676,0.776635903058298,0.958660813924323,survived stellar mass,instantaneous
BAGPIPES,13086,9.239037836137946,9.137975587161517,9.336988653271373,0.16800582692080937,0.07263521805494617,0.31949279809434533,survived stellar mass,instantaneous
BAGPIPES,13097,10.21986185515834,10.128325485764977,10.283668389333661,1.5321406481306972,1.4348966872533684,1.6430685788067456,survived stellar mass,instantaneous
BAGPIPES,13249,9.676059647746298,9.597931734388943,9.745539809094511,0.9217987017501562,0.8201828082632188,1.0346142830015905,survived stellar mass,instantaneous
BAGPIPES,13312,9.39907663958268,9.336398399779114,9.450251011024818,0.5035329353202951,0.31496943260423355,0.6264452872136255,survived stellar mass,instantaneous
BAGPIPES,13400,9.52089591774858,9.427270490075417,9.606173368867283,0.9041205999576896,0.8113175462479836,1.0129254730249444,survived stellar mass,instantaneous
BAGPIPES,13601,10.842078124882722,10.794075212401982,10.880105389524267,1.6951448311635318,1.480542296770423,1.8806004407684618,survived stellar mass,instantaneous
BAGPIPES,13637,10.651713102610293,10.58097760169,10.726877049010676,-1.3178974491843458,-8.905633952608387,-0.16751046083254767,survived stellar mass,instantaneous
BAGPIPES,13890,9.298788940623268,9.168473680022359,9.399212078385842,0.2565631313666492,0.1296822768340336,0.4659412603784135,survived stellar mass,instantaneous
BAGPIPES,13903,9.3008960470243,9.199823493310953,9.372754911633347,0.4393971476845847,0.2830646905747703,0.6019106928165594,survived stellar mass,instantaneous
BAGPIPES,13995,8.963457895867998,8.849292227747656,9.041445937468717,0.2686734204965447,0.17563750168098097,0.3971042965051471,survived stellar mass,instantaneous
BAGPIPES,14098,9.591832960356015,9.50010399192943,9.664227032745963,0.54655400377735,0.43852785830483826,0.7077904016337058,survived stellar mass,instantaneous
BAGPIPES,14099,9.800603909291578,9.713267556940744,9.867334901458152,1.0385541889583776,0.9399807996715385,1.128071042876123,survived stellar mass,instantaneous
BAGPIPES,14222,9.19897543854394,9.107032596979494,9.291524034291022,0.11774108492015264,-0.000715153161825113,0.2939323775608771,survived stellar mass,instantaneous
BAGPIPES,14246,10.011283023893832,9.949861989068507,10.069844217770502,1.5299930500159704,1.4371431687378904,1.624001245220173,survived stellar mass,instantaneous
BAGPIPES,14288,9.228200436204137,9.116794666271042,9.309145650256195,0.387576906131332,0.28560784894031455,0.5217499659003191,survived stellar mass,instantaneous
BAGPIPES,14637,10.165607415199627,10.055173426332956,10.241211307236812,1.225614869661755,1.1419851950895377,1.3721328072111876,survived stellar mass,instantaneous
BAGPIPES,14650,9.16677674856016,9.059744755833758,9.259070815244183,-0.11819566824948392,-0.1915835245758828,0.02379366119277125,survived stellar mass,instantaneous
BAGPIPES,14773,9.490654116916165,9.392398190004732,9.561780572051251,0.2907960131805183,0.2219703027184619,0.40552252315479753,survived stellar mass,instantaneous
BAGPIPES,14782,9.465515890743813,9.374772835431717,9.536437025945188,1.0147961400324927,0.9271410898183524,1.1197895689061037,survived stellar mass,instantaneous
BAGPIPES,15122,10.111165686601755,10.006201417187716,10.191369489195461,0.9786386414765894,0.8975838927571211,1.1149707113994975,survived stellar mass,instantaneous
BAGPIPES,15154,9.389940611523171,9.357812554453027,9.428959400574618,-8.205118628160191,-27.55393554096232,-2.587524870759619,survived stellar mass,instantaneous
BAGPIPES,15300,9.0885205333785,9.017924789589127,9.16185752271384,-0.0024707479156888808,-0.059085039291957166,0.08615768366133407,survived stellar mass,instantaneous
BAGPIPES,15336,10.547439490542434,10.503089666445687,10.582370546836595,1.2242376082483242,0.8002618572956653,1.5269802301813864,survived stellar mass,instantaneous
BAGPIPES,15585,9.140481061971576,9.039710604983648,9.219864207751703,0.44311064229173186,0.35221742571266323,0.555056407923395,survived stellar mass,instantaneous
BAGPIPES,15704,9.377664862816435,9.270790996690376,9.461693700560089,0.5459520526314072,0.4251363070490276,0.6836528441621849,survived stellar mass,instantaneous
BAGPIPES,15746,9.148170969416027,9.055784290115279,9.231537856236011,0.2669928397132418,0.1478131580716958,0.41273694054477184,survived stellar mass,instantaneous
BAGPIPES,15753,9.730068196817873,9.616223901410596,9.801788914883911,0.3803991711122637,0.31391366852494484,0.5005146938645053,survived stellar mass,instantaneous
BAGPIPES,15775,10.327504451438887,10.245862633059996,10.391416034741976,1.5428826593533056,1.4432380329148204,1.678270705491254,survived stellar mass,instantaneous
BAGPIPES,15870,9.48762156733732,9.387204467834824,9.571248314274554,1.0285463157461756,0.9329969305661657,1.1341341428040934,survived stellar mass,instantaneous
BAGPIPES,15924,9.320534324564141,9.25044270600989,9.389220148535363,1.1661510922600642,1.0974237232063286,1.2420739716468998,survived stellar mass,instantaneous
BAGPIPES,15959,9.67722735403148,9.564157512811805,9.766948992987171,0.6426525980938221,0.552068274780403,0.7850533826584642,survived stellar mass,instantaneous
BAGPIPES,15967,10.057303738336108,9.964053989994417,10.125922286671944,1.154423998570125,1.0470564754617995,1.2951655338960624,survived stellar mass,instantaneous
BAGPIPES,15988,9.711546498377055,9.608827783245674,9.798685424302636,0.7299264836270547,0.6337455413494293,0.89771779801878,survived stellar mass,instantaneous
BAGPIPES,15991,9.167584121285293,9.087074599299717,9.222986225680847,0.23981504641541962,0.09016280009591945,0.39972818331270504,survived stellar mass,instantaneous
BAGPIPES,16048,9.897241976940695,9.835108448862023,9.94844093933856,0.909257153772705,0.8209195045061202,1.0285722009651221,survived stellar mass,instantaneous
BAGPIPES,16049,9.988424304892632,9.917054261942846,10.062809695379123,1.6541966710206488,1.5563152367582267,1.7459750690617992,survived stellar mass,instantaneous
BAGPIPES,16123,9.565869886333127,9.452663701904218,9.654464469059034,0.6253749911530606,0.4993325973254797,0.7978306922231096,survived stellar mass,instantaneous
BAGPIPES,16236,9.445469405263305,9.345177982879068,9.523023315936367,0.7663857723293703,0.6758121505036624,0.9008635501116548,survived stellar mass,instantaneous
BAGPIPES,16275,9.378039004017392,9.261300803639944,9.45326704709905,0.18490730278306378,0.10824381241020878,0.3283652780415764,survived stellar mass,instantaneous
BAGPIPES,16336,10.736263517009126,10.649877828675525,10.797566669542675,-16.335460995487075,-51.13205961341981,-4.6073706627642625,survived stellar mass,instantaneous
BAGPIPES,16360,10.337902072731964,10.246596778728373,10.414910952423616,-9.6202351795395,-33.20547799383873,-2.837002425354489,survived stellar mass,instantaneous
BAGPIPES,16435,10.70536860665857,10.60905666492026,10.777597306430216,1.346923845931158,1.2727297041164107,1.4724030051088295,survived stellar mass,instantaneous
BAGPIPES,16440,10.671306018385255,10.61990982638244,10.710219001965703,1.7586047049150901,1.6463275635535717,1.8492001213773008,survived stellar mass,instantaneous
BAGPIPES,16455,10.293766195786674,10.197787079850428,10.369937481939598,1.5933080765408238,1.5020666322910359,1.6983979318688762,survived stellar mass,instantaneous
BAGPIPES,16514,10.602134565468958,10.55308706647234,10.678171855161477,-0.6799630790396435,-4.20202279576871,0.5139900659636749,survived stellar mass,instantaneous
BAGPIPES,16697,9.651201820524557,9.557039877750439,9.73996778690343,1.1455254274957354,1.0241290950987891,1.274649639362729,survived stellar mass,instantaneous
BAGPIPES,16714,9.6931587027606,9.60213614395756,9.80526056371624,0.51030143543635,0.3976007525769344,0.6802520109296145,survived stellar mass,instantaneous
BAGPIPES,16854,9.667919903457092,9.571753110625107,9.742656849191077,0.8528375142946086,0.7565056652828205,0.9706272171724639,survived stellar mass,instantaneous
BAGPIPES,16871,8.984744946679745,8.882624108359497,9.055618802857431,0.22924030962597786,0.11198039582919203,0.3923942472416386,survived stellar mass,instantaneous
BAGPIPES,16921,9.836565827560316,9.725950609604046,9.976792618287798,-1.1412031534393285,-13.599875405038993,-0.3204702813856894,survived stellar mass,instantaneous
BAGPIPES,17026,9.053265950471848,8.957558821879767,9.124802059269962,0.1498107381019639,0.012018037167742333,0.31503490913259896,survived stellar mass,instantaneous
BAGPIPES,17062,9.51063230959894,9.455872928599641,9.559998386646221,0.3907258095799789,-0.050034927395326,0.5861387620992582,survived stellar mass,instantaneous
BAGPIPES,17064,10.253972672505032,10.180276590368814,10.351433258564187,-19.82156725734377,-92.2410129740955,-3.2479290179543523,survived stellar mass,instantaneous
BAGPIPES,17098,9.302666402802098,9.192018792160935,9.403924340589748,0.1877369451600801,0.08072907212207033,0.362316566114617,survived stellar mass,instantaneous
BAGPIPES,17185,9.226049473405817,9.107805157763057,9.336458393233153,0.2042244983916874,0.07439471208766421,0.43471215879328806,survived stellar mass,instantaneous
BAGPIPES,17211,10.469684615194511,10.40252152830659,10.525523505710682,1.6469935779223628,1.5456090468155117,1.7770811121152563,survived stellar mass,instantaneous
BAGPIPES,17214,10.103045505234286,10.007241160491589,10.193558081390409,0.8385674127847333,0.7620953700850241,0.976037673981083,survived stellar mass,instantaneous
BAGPIPES,17225,9.412836289354606,9.28290647298642,9.502146319377736,0.0859676517975143,0.013003617422345543,0.22124868321952113,survived stellar mass,instantaneous
BAGPIPES,17233,9.433972812097805,9.33627182999458,9.508598870014216,0.6914134305465114,0.5880745329031186,0.8053954640559882,survived stellar mass,instantaneous
BAGPIPES,17245,10.241743017774679,10.129948194777047,10.313871716813512,0.9296916915690233,0.861223911306557,1.0656951649297175,survived stellar mass,instantaneous
BAGPIPES,17254,9.490314241252918,9.382965485011619,9.604523457393324,0.32460982845704184,0.19393289074968728,0.4656716382950784,survived stellar mass,instantaneous
BAGPIPES,17265,9.801702699237874,9.682059264033567,9.88195411350888,1.147208785214179,1.048394846988875,1.2629837113056634,survived stellar mass,instantaneous
BAGPIPES,17376,10.080954702927233,9.973376516638938,10.17078836228134,1.3587507801451386,1.2344477068758233,1.4807315412937372,survived stellar mass,instantaneous
BAGPIPES,17418,11.480086245116633,11.396275328440554,11.552546336973515,-14.713808820098711,-57.776804254416014,-2.495421866464469,survived stellar mass,instantaneous
BAGPIPES,17422,9.231749606990784,9.110537585822117,9.324805557612397,0.6886828732236662,0.563852914193789,0.8445632586129497,survived stellar mass,instantaneous
BAGPIPES,17433,10.908215012367172,10.795872538789473,10.972525043645943,-6.682931972365696,-31.18695927307741,-1.0215865865631613,survived stellar mass,instantaneous
BAGPIPES,17474,9.43217357066558,9.345463976032834,9.49328055659026,0.5777317703013249,0.4747178823645059,0.7077942858622639,survived stellar mass,instantaneous
BAGPIPES,17652,9.519958274318679,9.418336534276184,9.587773742859863,0.9769196965251087,0.9064719137359459,1.0878179576342497,survived stellar mass,instantaneous
BAGPIPES,17843,9.669317297441523,9.577148441657874,9.749699385522963,0.7134571644018864,0.6134578868933814,0.8664340825542092,survived stellar mass,instantaneous
BAGPIPES,18048,10.485033445867984,10.399521987860952,10.544031471349829,-15.917745848187147,-48.799680198766744,-3.6405053963687766,survived stellar mass,instantaneous
BAGPIPES,18130,10.395211627508246,10.29195394256401,10.465173211839886,-16.813534735210027,-55.971439452298796,-4.6555667556272695,survived stellar mass,instantaneous
BAGPIPES,18132,10.020358732971749,9.943693916236683,10.08021099571275,1.409029742440812,1.3105475290465436,1.51128051405013,survived stellar mass,instantaneous
BAGPIPES,18146,8.854231075348395,8.81361961374428,8.916578339686282,0.4759323288572311,0.32954317930294125,0.6272100090363694,survived stellar mass,instantaneous
BAGPIPES,18160,11.003825319130476,10.915061667047713,11.05320952352629,1.6254905953377317,1.528844402780682,1.7341016329809433,survived stellar mass,instantaneous
BAGPIPES,18326,10.43093783776512,10.340467635943213,10.524911858125408,1.3977444756556496,1.2814290261491765,1.5362801394854737,survived stellar mass,instantaneous
BAGPIPES,18375,8.925269341936914,8.834260469416831,9.008199670858305,0.29318121786766727,0.19845562568421823,0.43013306270752794,survived stellar mass,instantaneous
BAGPIPES,18380,9.390570282317068,9.327968466381881,9.458552427012386,1.0731890963556532,1.0063732739935984,1.168007497949815,survived stellar mass,instantaneous
BAGPIPES,18405,9.240673638910383,9.114205602159727,9.344765102689454,0.0839973052235963,-0.01903314546225659,0.24401079755840144,survived stellar mass,instantaneous
BAGPIPES,18413,9.000814361676145,8.899461220360514,9.073221359531596,0.18564117508836847,0.08645099598982656,0.3187313457238015,survived stellar mass,instantaneous
BAGPIPES,18443,9.068349085900882,9.027349598221008,9.118755148886287,1.0025327552037573,0.9508276303957269,1.042237832210278,survived stellar mass,instantaneous
BAGPIPES,18572,8.980613109844622,8.868999563308854,9.051253850027663,0.1612063809768949,0.022877040785846885,0.32404272730417616,survived stellar mass,instantaneous
BAGPIPES,18619,9.671044097543973,9.593227625308911,9.745067644832137,0.5551558395613989,0.4345596607242921,0.6921506244439456,survived stellar mass,instantaneous
BAGPIPES,18661,10.290334222618503,10.200230714422718,10.351070148698335,0.9095069540452801,0.8193622971882799,1.024446472409661,survived stellar mass,instantaneous
BAGPIPES,18715,10.43932086807128,10.363280877440703,10.487545821985544,0.5889217713665036,0.39519625488708865,0.720918790820203,survived stellar mass,instantaneous
BAGPIPES,18732,9.395263647563066,9.285663019186345,9.483920007198165,0.38399951379216934,0.24568761813622056,0.5753398103326305,survived stellar mass,instantaneous
BAGPIPES,18767,9.927203015419137,9.870138295480094,9.964434867432775,-7.108740024073071,-24.305441859570163,-1.8753101555746288,survived stellar mass,instantaneous
BAGPIPES,18821,10.369562846773345,10.302781119329287,10.444225467690439,1.96785969705367,1.8578813457775711,2.0595430784111346,survived stellar mass,instantaneous
BAGPIPES,18908,9.779180180128412,9.664685020684347,9.874475120354953,0.5693149709189728,0.4774758789697776,0.72021914264024,survived stellar mass,instantaneous
BAGPIPES,18941,10.151882598422057,10.069497621375351,10.217778656932797,-17.744750592997388,-65.02382998196144,-4.6486364704069345,survived stellar mass,instantaneous
BAGPIPES,18946,9.281038594486162,9.1722147231557,9.376862991173653,0.20322999735361635,0.07620788756923766,0.39633110354588635,survived stellar mass,instantaneous
BAGPIPES,19133,9.187654333528288,9.051573374913902,9.27693902815469,0.05332778587372205,-0.04424276061674729,0.22976465513742972,survived stellar mass,instantaneous
BAGPIPES,19136,9.85182803025636,9.729482700249383,9.929363749634334,1.0306639288713377,0.9424018629283061,1.181189906491166,survived stellar mass,instantaneous
BAGPIPES,19176,9.23239625126401,9.096636145474813,9.317369144454394,0.2565725735322426,0.1634224516172116,0.41717646707644573,survived stellar mass,instantaneous
BAGPIPES,19202,9.266595856654812,9.1422078588571,9.353766817189953,0.06398449400178179,-0.05051337711114752,0.2590810751006787,survived stellar mass,instantaneous
BAGPIPES,19422,10.323248143299145,10.215567802967144,10.39744852543087,1.086604659986201,1.0060110125826316,1.2190564297635242,survived stellar mass,instantaneous
BAGPIPES,19508,10.430080505166208,10.361190098364156,10.484124146105492,1.381666208220888,1.2809394136080934,1.4985173613702074,survived stellar mass,instantaneous
BAGPIPES,19633,9.947408492267149,9.854734595241595,10.010870319724507,1.1929273178952051,1.0913621293700646,1.3144454731537547,survived stellar mass,instantaneous
BAGPIPES,20066,9.238111232118008,9.142742624692547,9.300628439454194,0.4526804146540507,0.37710369673911626,0.5795096107787476,survived stellar mass,instantaneous
BAGPIPES,20168,9.951823459979998,9.827435215748963,10.050930502135936,1.381711900135018,1.2606554119516244,1.518918247607426,survived stellar mass,instantaneous
BAGPIPES,20261,9.744641350535751,9.639888956776415,9.826965980201845,0.4207332415090582,0.33942034703793433,0.5296305806980945,survived stellar mass,instantaneous
BAGPIPES,20344,9.732006650526213,9.63907421659665,9.805099478970886,0.8071578467903245,0.6933904507955021,0.9358106997913425,survived stellar mass,instantaneous
BAGPIPES,20539,9.484690181618973,9.402647088733632,9.568781090055015,0.6503585938811898,0.5256262465739446,0.8039552546540966,survived stellar mass,instantaneous
BAGPIPES,20627,9.622482229375104,9.510426737995498,9.69623865257266,0.6585522252822091,0.5636472737777636,0.7994712100259853,survived stellar mass,instantaneous
BAGPIPES,20639,10.469485065473073,10.381426111428311,10.551069755390827,1.3562932171982875,1.2425217363576806,1.4801291451206116,survived stellar mass,instantaneous
BAGPIPES,20663,9.171888602307057,9.03395235699858,9.269115977544393,0.19445612183485209,0.07675707380302524,0.3904425429604984,survived stellar mass,instantaneous
BAGPIPES,20860,9.17825147698765,9.066349804206096,9.249321871110627,-0.14312199120469,-0.22138429641209778,-0.024849409379241884,survived stellar mass,instantaneous
BAGPIPES,21038,10.265200298104203,10.180405624104175,10.343432908562663,1.2945468411476702,1.188026266134986,1.4284771377573997,survived stellar mass,instantaneous
BAGPIPES,21174,9.55549695528223,9.41379959318193,9.658837532104107,0.27082030117288053,0.1778475587114551,0.4340297217932701,survived stellar mass,instantaneous
BAGPIPES,21201,9.27639228353362,9.18987305320671,9.35083459177193,-0.08760038559060647,-0.17411808364604853,0.047246731051763725,survived stellar mass,instantaneous
BAGPIPES,21226,9.404540099285828,9.280066935058683,9.492640056482989,0.34590501570839155,0.23180261900164695,0.5403250276080243,survived stellar mass,instantaneous
BAGPIPES,21315,8.99448883987441,8.875626120875364,9.076686211295046,0.046170059827356384,-0.05381730274346364,0.2161476406157364,survived stellar mass,instantaneous
BAGPIPES,21329,9.481190108236614,9.401121529415144,9.558692905877756,1.180224203484657,1.075420516783185,1.2658309274668533,survived stellar mass,instantaneous
BAGPIPES,21379,9.521787794412695,9.380371540834402,9.599766570632887,0.9499533010874837,0.8827975475639671,1.0933721438117907,survived stellar mass,instantaneous
BAGPIPES,21708,10.314258606363095,10.273888418904614,10.366877205963712,0.205555733284347,-2.0577846627649508,0.802004702982287,survived stellar mass,instantaneous
BAGPIPES,21772,10.853219825851305,10.737834279735434,10.900373633751824,-37.850759622148736,-202.6979081150052,-6.761976254020387,survived stellar mass,instantaneous
BAGPIPES,21894,10.425896833388896,10.300694761200061,10.493783615038586,-26.413513942480726,-155.85995100273746,-5.234201291477402,survived stellar mass,instantaneous
BAGPIPES,21926,11.007245854181168,10.92032323918206,11.108386308412767,-26.54941852196463,-116.17438116445007,-3.798587259229443,survived stellar mass,instantaneous
BAGPIPES,21963,9.449724951152152,9.333838750944093,9.538622477222004,0.32331810153736434,0.21044878885030288,0.48766874556511075,survived stellar mass,instantaneous
BAGPIPES,21971,9.152623993568335,9.106914039114278,9.195732041022726,-0.6956841430713543,-2.893725074255069,0.00047350950269424565,survived stellar mass,instantaneous
BAGPIPES,22002,11.252364477757665,11.184264174334583,11.32739186591887,-26.027872806524513,-99.05803464979101,-4.006310012238074,survived stellar mass,instantaneous
BAGPIPES,22059,10.592631210836503,10.511030874405543,10.684689051920408,1.1939942796792449,1.0525668722396955,1.2868468461597358,survived stellar mass,instantaneous
BAGPIPES,22173,10.37336769196286,10.321405830906187,10.414906354098779,0.9207590513617395,0.8886967351506038,0.9643527108478763,survived stellar mass,instantaneous
BAGPIPES,22279,10.264861391459576,10.225153298385022,10.316582572663929,0.23571257884516025,-2.120193512328489,0.7882725282118058,survived stellar mass,instantaneous
BAGPIPES,22312,8.913801317670291,8.819041298293568,8.977601272568064,0.05007129661143555,-0.03405729995802305,0.1760931911282483,survived stellar mass,instantaneous
BAGPIPES,22343,10.027634662520363,9.922700873134922,10.083077154827178,0.6242792705252102,0.5596953363460979,0.7334511606914935,survived stellar mass,instantaneous
BAGPIPES,22371,10.648107768454805,10.606940278894497,10.685254454361427,2.0228123810081877,1.9324113249324089,2.1540706145603092,survived stellar mass,instantaneous
BAGPIPES,22385,10.082275231855018,10.002390809583018,10.150864041269118,1.2586117840091668,1.1479629264478124,1.3636670470099415,survived stellar mass,instantaneous
BAGPIPES,22456,9.965347370855113,9.894055077920829,10.02755335636283,1.7127475498757359,1.6407409987544004,1.7864267070915916,survived stellar mass,instantaneous
BAGPIPES,22632,8.991231640785061,8.884768410700591,9.047270894258094,0.2053610177369901,0.08483190941361315,0.3381162370188431,survived stellar mass,instantaneous
BAGPIPES,22697,9.249183413765184,9.113188456163869,9.334375528382235,-0.09164686337987869,-0.1879646132454711,0.1100036888191451,survived stellar mass,instantaneous
BAGPIPES,22727,8.953349675403429,8.852507039465618,9.033129001131565,0.10969865651434618,-0.03743312332516281,0.2564513584987372,survived stellar mass,instantaneous
BAGPIPES,22795,9.894919313404575,9.837372365061675,9.93653425958716,-2.1560419384557665,-12.741178780394241,-0.10657450458450937,survived stellar mass,instantaneous
BAGPIPES,22804,9.368982274716766,9.258750187625738,9.4804992615034,0.2434475982192583,0.13636542870627677,0.4197981197032758,survived stellar mass,instantaneous
BAGPIPES,22833,9.492829774447905,9.424718972623383,9.543744770508663,0.5980739900556101,0.4846065474659078,0.7160575162554595,survived stellar mass,instantaneous
BAGPIPES,22834,10.445824760081726,10.38732074702998,10.504995460967695,-0.29913488710605723,-3.6231750626055774,0.4476872412958886,survived stellar mass,instantaneous
BAGPIPES,22847,10.320193418670792,10.189376934597526,10.465642594483471,-0.6959938998850776,-6.6173460941514195,-0.24068511426945932,survived stellar mass,instantaneous
BAGPIPES,22857,9.957319471733484,9.855060002428106,10.040788734220564,0.9384992135044963,0.8600961086299665,1.069217954641888,survived stellar mass,instantaneous
BAGPIPES,22919,10.662424425419154,10.569946457670424,10.728339964820293,-15.329539722208226,-63.00684057182912,-4.026447887764265,survived stellar mass,instantaneous
BAGPIPES,23053,10.04735716932436,9.959377813847961,10.133424803828687,1.1590307274185738,1.0323727434763517,1.2700659093440756,survived stellar mass,instantaneous
BAGPIPES,23086,9.141493471021755,9.043120259637638,9.231554108691467,0.3520072213445427,0.2502442638583781,0.48949579647030667,survived stellar mass,instantaneous
BAGPIPES,23156,9.259949268002416,9.177310719616834,9.32922672392275,0.40648922027525003,0.3073592719983809,0.5507632815496422,survived stellar mass,instantaneous
BAGPIPES,23250,9.718291255525926,9.571289655078418,9.80677689670401,0.36606064815015155,0.23643782250437637,0.5558860588819401,survived stellar mass,instantaneous
BAGPIPES,23316,10.064051263006588,9.967656624089036,10.116669568141276,0.6528222757775429,0.5427016439358875,0.7609095851423212,survived stellar mass,instantaneous
BAGPIPES,23351,9.636438955116352,9.536488165369974,9.715292027728328,-0.3463732160631853,-0.4788295044936391,-0.16697616952117464,survived stellar mass,instantaneous
BAGPIPES,23441,10.078741190133405,10.005797691570253,10.139256653830342,1.245974248348004,1.1347340427231158,1.3701574472441609,survived stellar mass,instantaneous
BAGPIPES,23451,9.363195230249556,9.22120174208714,9.45110084679412,0.4349599026265722,0.3345569651392744,0.5968161438778573,survived stellar mass,instantaneous
BAGPIPES,23491,9.85188517247799,9.750853323013224,9.961266827975392,-0.7183322175330974,-1.1278810763625735,-0.3916615876713743,survived stellar mass,instantaneous
BAGPIPES,23570,9.282825770344273,9.158184334135347,9.370784644810195,0.5536814126453631,0.4470410839854786,0.7054076355035297,survived stellar mass,instantaneous
BAGPIPES,23579,10.334437779183016,10.248490803596589,10.458000819994012,-1.021240877176034,-14.465865645461754,-0.39588894085667414,survived stellar mass,instantaneous
BAGPIPES,23685,9.563866389593894,9.456671077186797,9.666178155508842,0.4853288306355464,0.3941375395545688,0.6402896930511558,survived stellar mass,instantaneous
BAGPIPES,23720,9.048739117765507,8.932794586444023,9.144516679841646,0.2528425253756586,0.07680257220529434,0.42714238595937426,survived stellar mass,instantaneous
BAGPIPES,23761,10.404816598247175,10.33915631218108,10.472369859763175,0.602815565956261,0.08879043391553428,0.8568961079238632,survived stellar mass,instantaneous
BAGPIPES,23795,10.583745510368356,10.50681049263079,10.673315049823175,-0.01798892855053265,-0.2820643448768523,0.17271731078990543,survived stellar mass,instantaneous
BAGPIPES,23817,9.12833525568493,9.043690621742456,9.209585980186484,0.38758426813817787,0.2876890465560979,0.5393778213506809,survived stellar mass,instantaneous
BAGPIPES,23844,9.599427000290637,9.492456693474145,9.68540648968177,0.5317755488564946,0.443525962267752,0.6993402338538554,survived stellar mass,instantaneous
BAGPIPES,23851,9.029003589686424,8.898288862411004,9.110057375201844,0.09680267888323299,-0.010178503829554295,0.25015775255938777,survived stellar mass,instantaneous
BAGPIPES,23855,9.583679691514911,9.507182391423251,9.645255146379908,1.2786946024197985,1.1958757307806347,1.363363928312389,survived stellar mass,instantaneous
BAGPIPES,23882,9.606048935496213,9.473669105084367,9.683164803480723,0.23623334354660305,0.1311660137218976,0.3719319418994676,survived stellar mass,instantaneous
BAGPIPES,23903,9.000079379367842,8.868721552705184,9.08244816505802,0.376158797686454,0.284748533131471,0.49120831039270624,survived stellar mass,instantaneous
BAGPIPES,23927,10.232333223022597,10.120414604360036,10.321851218068966,0.9697813339864685,0.8753080000955795,1.1024388928614073,survived stellar mass,instantaneous
BAGPIPES,23941,9.238957159814769,9.11934506834914,9.336231447181387,0.281696113204721,0.1684844307514922,0.4781064997275234,survived stellar mass,instantaneous
BAGPIPES,24066,8.763794168294092,8.653921395555656,8.839291851699972,0.21775781545116088,0.15188711255593115,0.34539152204703033,survived stellar mass,instantaneous
BAGPIPES,24130,10.753937910019676,10.673171603455415,10.813576543256914,0.08712475527188965,-2.116061140522241,0.48893481164593,survived stellar mass,instantaneous
BAGPIPES,24144,9.359886995715287,9.194235732835764,9.447345546118306,0.13527776807023822,0.019217327954048916,0.38138349353708284,survived stellar mass,instantaneous
BAGPIPES,24185,10.320336718607148,10.181930039790052,10.414832078362712,1.103300000622069,1.0123910161535221,1.2448542516407184,survived stellar mass,instantaneous
BAGPIPES,24257,9.628502664570409,9.515916265246943,9.706848442883732,0.6474517136712812,0.5624243112057364,0.7852196949718947,survived stellar mass,instantaneous
BAGPIPES,24313,10.00235611449893,9.968582544574213,10.04300699161806,0.2474501684231094,0.1340814844622801,0.3912020478059054,survived stellar mass,instantaneous
BAGPIPES,24316,10.26607310099375,10.185845402384333,10.36810171599897,1.2392847360171833,1.1223908748199045,1.3607192298054258,survived stellar mass,instantaneous
BAGPIPES,24336,9.306993187000804,9.177831253744019,9.380954133430617,-0.08137340125781499,-0.24861652765463363,0.089945016365631,survived stellar mass,instantaneous
BAGPIPES,24348,10.760370675089336,10.66119140740372,10.815299259730908,-18.395311136325553,-65.6997260717656,-4.493061325515542,survived stellar mass,instantaneous
BAGPIPES,24354,10.349322327122431,10.260709617549997,10.432947664526061,1.2025018334910982,1.1091878944847262,1.3460246814998198,survived stellar mass,instantaneous
BAGPIPES,24355,9.72747763479595,9.642045464541429,9.795711315575137,0.9072887417131329,0.7916522892524829,1.0439739648273718,survived stellar mass,instantaneous
BAGPIPES,24372,10.752745968680804,10.681017979524938,10.807890946389762,-12.042027433778644,-39.45444461725038,-2.0697878350866428,survived stellar mass,instantaneous
BAGPIPES,24389,9.21677062353857,9.114104554904934,9.310976033388162,0.14199699290413034,0.05829752315759234,0.2874270658485864,survived stellar mass,instantaneous
BAGPIPES,24408,9.803903216089893,9.661933781613492,9.910824566846028,-12.861494835069053,-77.52293471358801,-1.7400284636465766,survived stellar mass,instantaneous
BAGPIPES,24497,10.865124187705138,10.815402332552779,10.931019442502052,1.937790501417972,1.9146873311054675,1.970537178780942,survived stellar mass,instantaneous
BAGPIPES,24511,9.737826372628014,9.636250168315128,9.81307087366355,1.0156563339930307,0.9187740488921396,1.1512827527658316,survived stellar mass,instantaneous
BAGPIPES,24720,9.266243393622203,9.202548794300442,9.343431230860508,0.30480052603176,0.17228784269223865,0.4339161389460797,survived stellar mass,instantaneous
BAGPIPES,24779,10.904714562219851,10.829345321857504,10.996171665631106,1.4589978823214058,1.2828566353447495,1.576921390281055,survived stellar mass,instantaneous
BAGPIPES,24785,9.194233841942438,9.069404209641327,9.278990035758408,0.17095904867345985,0.08643757149885102,0.3261032246380502,survived stellar mass,instantaneous
BAGPIPES,24786,9.082256000681852,9.046718934755088,9.109139835011458,1.1868969202377042,1.1484970925633333,1.2170015603469246,survived stellar mass,instantaneous
BAGPIPES,24814,9.468267178000179,9.360541388317005,9.551538877145948,0.5186108172189999,0.43741771483703173,0.6347609019655911,survived stellar mass,instantaneous
BAGPIPES,24851,9.351986064199359,9.193254811461266,9.453577129839264,0.07068949521060615,-0.017527672303301014,0.21610623054222838,survived stellar mass,instantaneous
BAGPIPES,24862,9.965088708513779,9.907604930195829,10.01265887433606,-0.08829688310964595,-3.372842451165157,0.6009761227466385,survived stellar mass,instantaneous
BAGPIPES,24943,10.141927449568136,10.082413479175964,10.188249943940086,1.2251606828836155,1.1268461726511299,1.3332522890172676,survived stellar mass,instantaneous
BAGPIPES,25028,9.469156881971136,9.403523816640098,9.531920817019254,0.5657125219166568,0.43412912630511424,0.695992708616836,survived stellar mass,instantaneous
BAGPIPES,25037,9.694794012104644,9.637262366358753,9.767775736109488,1.3957506941020132,1.3075201397649676,1.4783198506670736,survived stellar mass,instantaneous
BAGPIPES,25060,10.821021745892935,10.737892551305055,10.958730455289498,-26.99916273810087,-94.0239845369486,-6.100247062490163,survived stellar mass,instantaneous
BAGPIPES,25120,9.997636996812744,9.928035487214396,10.070863198897607,1.5268550688482987,1.4154262080991247,1.625741613838624,survived stellar mass,instantaneous
BAGPIPES,25137,9.78063459802651,9.710732702180882,9.82950882034064,0.8163297782502662,0.718698182691856,0.9290938670267473,survived stellar mass,instantaneous
BAGPIPES,25206,11.234438774986849,11.178204114802217,11.31749465700116,0.5803936653875763,-3.6211174567197593,1.0768281822762655,survived stellar mass,instantaneous
BAGPIPES,25211,9.273936109825947,9.132109622926096,9.379353302309912,0.1377095149220693,0.024049047659987458,0.27556777298753476,survived stellar mass,instantaneous
BAGPIPES,25246,10.581936765753607,10.512445983693178,10.636896345941796,0.5118947095326324,0.40657047539818664,0.6194147948049694,survived stellar mass,instantaneous
BAGPIPES,25248,9.289121355278457,9.156461200454329,9.379949130353653,0.4431834960882625,0.2946396376291977,0.6430470476342675,survived stellar mass,instantaneous
BAGPIPES,25250,10.730743513134982,10.644546879645846,10.794614215291805,-15.899197275723829,-60.988114667954434,-4.4242679005940575,survived stellar mass,instantaneous
BAGPIPES,25270,9.6294836038434,9.506276607020556,9.712121822619967,0.7597884579097077,0.636818277290227,0.918950703410086,survived stellar mass,instantaneous
BAGPIPES,25295,10.670060448874981,10.6296930237748,10.713644862004337,1.600849972515064,1.4391901849839677,1.7150878134589767,survived stellar mass,instantaneous
BAGPIPES,25341,9.269568035596933,9.1324080150841,9.364898654450695,0.12808799643435417,0.022831976181013743,0.3187408001615979,survived stellar mass,instantaneous
BAGPIPES,25373,9.493861433654134,9.38639024034694,9.578546723359358,0.7259733373817016,0.5947616691718086,0.866443151379113,survived stellar mass,instantaneous
BAGPIPES,25389,9.243986721115814,9.089544471907416,9.340479638800025,-0.069686548723458,-0.1950950219631126,0.16219216011334472,survived stellar mass,instantaneous
BAGPIPES,25406,9.37636576636843,9.311902661717737,9.449268048341972,-0.5095686151892214,-0.9951939448270914,-0.18280413112509214,survived stellar mass,instantaneous
BAGPIPES,25465,10.892988819071233,10.790757257792377,10.972671737087223,-13.48840618959529,-61.103631900905896,-2.3448419746655444,survived stellar mass,instantaneous
BAGPIPES,25489,10.808848277562161,10.705563818225343,10.894848902051264,-11.3189979776299,-39.598021482908976,-1.826540572090853,survived stellar mass,instantaneous
BAGPIPES,25565,9.156897064996087,9.097125308302012,9.213461767947052,-0.7417243395080835,-3.103771532829472,-0.12328710280157855,survived stellar mass,instantaneous
BAGPIPES,25573,10.725781899264016,10.688477628449169,10.764299152290157,1.2093896898565413,0.984346002634722,1.3800686287203447,survived stellar mass,instantaneous
BAGPIPES,25681,9.548505896985397,9.499143825587005,9.623548057129103,-5.353190742614078,-21.97746289088315,-1.5787212213551836,survived stellar mass,instantaneous
BAGPIPES,25794,9.761106082222568,9.630777343968457,9.858970032203427,0.4636023360960257,0.35293475668975166,0.6580990898503487,survived stellar mass,instantaneous
BAGPIPES,26039,9.506836313519786,9.36670472745529,9.613302754202786,0.3591020146548621,0.24474912498443768,0.6092279902700395,survived stellar mass,instantaneous
BAGPIPES,26092,10.314075274211612,10.225145314021107,10.380626315201534,1.4513815716463605,1.348651069207693,1.5797705938691105,survived stellar mass,instantaneous
BAGPIPES,26173,10.03950759554368,9.96973577434126,10.11531664653892,-0.1332698488343216,-2.2258256803617553,0.2470014323088038,survived stellar mass,instantaneous
BAGPIPES,26185,9.953516766653506,9.827441141032418,10.039553884636078,1.1387698411676839,1.0074505905175937,1.3021585007666636,survived stellar mass,instantaneous
BAGPIPES,26255,9.858151364674749,9.739019478900024,9.937861337218367,1.0553328986625996,0.9556577778103952,1.1964188806214087,survived stellar mass,instantaneous
BAGPIPES,26300,10.070537998694755,9.954969246973064,10.168172277480668,1.0380268923981657,0.9246580295718181,1.2048962897261786,survived stellar mass,instantaneous
BAGPIPES,26345,9.512867656617123,9.403455000321957,9.603027357998092,0.7814996742746102,0.6359867921473255,0.9193090712539065,survived stellar mass,instantaneous
BAGPIPES,26397,9.168578972722068,9.02824672555844,9.259242384649667,0.07022254077666241,-0.0472458183843591,0.24261231063541291,survived stellar mass,instantaneous
BAGPIPES,26398,9.786261536639591,9.742616230450562,9.838120583968141,1.786733768350594,1.597468392418257,1.8999607799186087,survived stellar mass,instantaneous
BAGPIPES,26476,9.438438206175904,9.35077643767758,9.503345060509462,0.6444938850743757,0.5464394140223084,0.7698802667731837,survived stellar mass,instantaneous
BAGPIPES,26491,9.051112939981968,8.958581693958735,9.120257355204547,0.2438316248438309,0.16195856267079894,0.3465511864920011,survived stellar mass,instantaneous
BAGPIPES,26535,10.873085666906679,10.794211292544816,10.950019549354515,-18.775803518152387,-85.45477651112569,-3.826450366148936,survived stellar mass,instantaneous
BAGPIPES,26600,8.974246944437565,8.911597968160992,9.029053142225253,0.28502875108762754,0.15159190729159844,0.37244488175624696,survived stellar mass,instantaneous
BAGPIPES,26605,9.224621635596373,9.100486054269062,9.327716013127173,-0.04775962398096085,-0.11976456778834904,0.09151905643186438,survived stellar mass,instantaneous
BAGPIPES,26618,9.578191832020973,9.490247042170187,9.64787378738314,0.8115892987703138,0.7132340799157961,0.9288980785858196,survived stellar mass,instantaneous
BAGPIPES,26647,9.42995088195305,9.298551858648226,9.520850067911903,0.7928302402162443,0.6583749024890831,0.945138178964248,survived stellar mass,instantaneous
BAGPIPES,26722,10.176415420325114,10.098474642753882,10.23033731127644,0.6911000257424518,0.573410846139988,0.7590924670902697,survived stellar mass,instantaneous
BAGPIPES,26755,11.075110066591117,10.98128183807691,11.137223385465466,1.7171375464988263,1.6300484209285953,1.8140991940201459,survived stellar mass,instantaneous
BEAGLE,21,9.96583,9.841499,10.080263,1.1295135,0.9532624,1.2897294,survived stellar mass,100 Myr averaged
BEAGLE,25,9.465491,9.418415,9.505639,0.30465358,0.14831068,0.4588472,survived stellar mass,100 Myr averaged
BEAGLE,40,10.165062,10.031484,10.281106,1.8451008,1.7276239,1.9360423,survived stellar mass,100 Myr averaged
BEAGLE,58,9.827052,9.789901,9.879649,1.7929862,1.7032925,1.8502688,survived stellar mass,100 Myr averaged
BEAGLE,79,11.104506,11.040281,11.160894,2.1386733,1.9828992,2.2310283,survived stellar mass,100 Myr averaged
BEAGLE,143,9.431108,9.212719,9.585712,1.0063492,0.8824801,1.0927231,survived stellar mass,100 Myr averaged
BEAGLE,170,9.280514,9.2193775,9.339884,-0.07503563,-0.21904786,0.09678263,survived stellar mass,100 Myr averaged
BEAGLE,190,9.429691,9.367813,9.583177,1.0604583,0.87849253,1.1629225,survived stellar mass,100 Myr averaged
BEAGLE,239,9.408262,9.347244,9.498197,0.13332382,0.03254607,0.25500262,survived stellar mass,100 Myr averaged
BEAGLE,267,10.395983,10.344987,10.449156,1.5289996,1.4274747,1.5897617,survived stellar mass,100 Myr averaged
BEAGLE,274,9.992085,9.823095,10.080844,1.3318994,1.193805,1.482929,survived stellar mass,100 Myr averaged
BEAGLE,300,10.16027,10.089664,10.222445,1.2873836,1.182061,1.4044731,survived stellar mass,100 Myr averaged
BEAGLE,344,9.129157,9.11446,9.143967,-1.2312652,-2.5966403,-0.31861314,survived stellar mass,100 Myr averaged
BEAGLE,407,9.6137495,9.547579,9.671623,-1.3345188,-2.351442,-0.861394,survived stellar mass,100 Myr averaged
BEAGLE,482,10.621996,10.39912,10.706323,1.2676295,1.1181294,1.39433,survived stellar mass,100 Myr averaged
BEAGLE,499,10.152536,10.070891,10.236335,-1.664453,-2.6643102,-0.9933175,survived stellar mass,100 Myr averaged
BEAGLE,513,10.013531,9.919346,10.089908,1.5213882,1.4300344,1.6266152,survived stellar mass,100 Myr averaged
BEAGLE,528,11.258053,11.231497,11.284283,0.5598,-1.5272987,1.5381641,survived stellar mass,100 Myr averaged
BEAGLE,533,8.949662,8.926983,9.207801,-1.054498,-2.2517707,-0.09759095,survived stellar mass,100 Myr averaged
BEAGLE,570,8.75775,8.672009,8.877672,0.66832536,0.60683924,0.7099936,survived stellar mass,100 Myr averaged
BEAGLE,601,9.362078,9.325068,9.399558,0.13728577,0.06044304,0.2312967,survived stellar mass,100 Myr averaged
BEAGLE,744,10.01709,9.857433,10.141582,1.5177308,1.3781573,1.6605483,survived stellar mass,100 Myr averaged
BEAGLE,797,10.662458,10.616891,10.709765,1.5612713,1.458791,1.6547318,survived stellar mass,100 Myr averaged
BEAGLE,931,9.672178,9.5699835,9.718066,0.31655714,-0.002770801,0.54607284,survived stellar mass,100 Myr averaged
BEAGLE,952,9.18445,9.021748,9.27042,0.521624,0.3875212,0.7013503,survived stellar mass,100 Myr averaged
BEAGLE,994,9.813373,9.771404,9.856426,1.614826,1.4825249,1.7082459,survived stellar mass,100 Myr averaged
BEAGLE,1025,9.816182,9.757011,9.872033,0.716203,0.5305157,0.9382713,survived stellar mass,100 Myr averaged
BEAGLE,1205,8.773938,8.679187,8.869103,0.52985394,0.43022582,0.6026764,survived stellar mass,100 Myr averaged
BEAGLE,1256,11.365631,11.327815,11.399071,-0.7182034,-2.0699027,0.18179749,survived stellar mass,100 Myr averaged
BEAGLE,1603,8.965466,8.8805275,9.0713215,0.8363919,0.7392875,0.8947946,survived stellar mass,100 Myr averaged
BEAGLE,1609,8.921376,8.834371,9.155977,0.6886741,0.5693579,0.7771694,survived stellar mass,100 Myr averaged
BEAGLE,1695,8.844702,8.78226,8.944181,0.75747126,0.67344356,0.8071986,survived stellar mass,100 Myr averaged
BEAGLE,1772,9.909646,9.877118,9.945829,-0.91933715,-2.3066921,0.08462955,survived stellar mass,100 Myr averaged
BEAGLE,1826,8.830905,8.753819,8.89676,0.5696741,0.42252305,0.7038711,survived stellar mass,100 Myr averaged
BEAGLE,1848,10.694445,10.631847,10.75572,2.0086236,1.9228908,2.0933692,survived stellar mass,100 Myr averaged
BEAGLE,1851,11.019935,10.967234,11.055584,0.09065647,-1.0200756,0.46076807,survived stellar mass,100 Myr averaged
BEAGLE,1862,10.167177,10.125794,10.205549,1.3600442,1.2801393,1.4612663,survived stellar mass,100 Myr averaged
BEAGLE,1872,9.89364,9.837371,9.938694,0.34780812,0.17030184,0.53981435,survived stellar mass,100 Myr averaged
BEAGLE,1886,10.156482,10.101845,10.209662,1.324146,1.2393371,1.4190066,survived stellar mass,100 Myr averaged
BEAGLE,1918,10.746012,10.716982,10.773046,1.0717727,0.9877522,1.1489971,survived stellar mass,100 Myr averaged
BEAGLE,2013,9.928393,9.838375,10.000562,1.2805997,1.1962484,1.3862408,survived stellar mass,100 Myr averaged
BEAGLE,2046,9.953448,9.807502,10.103327,1.3933281,1.1430038,1.5296111,survived stellar mass,100 Myr averaged
BEAGLE,2068,9.134167,9.05769,9.198672,0.06554432,-0.05436954,0.19654728,survived stellar mass,100 Myr averaged
BEAGLE,2096,9.518759,9.344601,9.637789,1.086104,0.9815254,1.1614137,survived stellar mass,100 Myr averaged
BEAGLE,2100,9.3914585,9.333463,9.43433,0.28556558,0.1834217,0.44110015,survived stellar mass,100 Myr averaged
BEAGLE,2102,9.133206,9.112733,9.418411,-0.9991478,-2.352319,0.13581078,survived stellar mass,100 Myr averaged
BEAGLE,2149,8.984843,8.966873,9.002397,-0.9924643,-2.3323162,-0.10202089,survived stellar mass,100 Myr averaged
BEAGLE,2228,10.689288,10.620876,10.739133,1.4076207,1.2976052,1.5074639,survived stellar mass,100 Myr averaged
BEAGLE,2583,9.728744,9.528295,9.866747,1.3785594,1.3139007,1.4294919,survived stellar mass,100 Myr averaged
BEAGLE,2697,10.077995,9.937193,10.176518,1.5414333,1.3775228,1.6995832,survived stellar mass,100 Myr averaged
BEAGLE,2784,9.491909,9.347156,9.578101,0.8369258,0.6949565,0.97671473,survived stellar mass,100 Myr averaged
BEAGLE,2793,10.704867,10.626708,10.769163,1.5694522,1.4037308,1.7008784,survived stellar mass,100 Myr averaged
BEAGLE,2862,10.616562,10.591955,10.643992,-0.045258105,-1.2627127,0.34789896,survived stellar mass,100 Myr averaged
BEAGLE,2903,9.606431,9.49326,9.695948,1.1684153,1.0519314,1.2803487,survived stellar mass,100 Myr averaged
BEAGLE,2921,10.290922,10.2452965,10.341483,1.498829,1.3892775,1.6024016,survived stellar mass,100 Myr averaged
BEAGLE,2976,9.6940975,9.612817,9.839334,1.5722345,1.4925838,1.6204617,survived stellar mass,100 Myr averaged
BEAGLE,3315,8.880097,8.799703,8.981907,0.47118273,0.3448887,0.57361776,survived stellar mass,100 Myr averaged
BEAGLE,3336,9.413382,9.113685,9.476374,0.08558835,-0.14487505,0.43342206,survived stellar mass,100 Myr averaged
BEAGLE,3371,10.2736225,10.222394,10.317768,0.25932425,0.106099,0.45910633,survived stellar mass,100 Myr averaged
BEAGLE,3404,10.23706,10.165694,10.290296,1.3604372,1.2555282,1.4788494,survived stellar mass,100 Myr averaged
BEAGLE,3412,9.185377,9.154858,9.224672,0.80096436,0.033083573,1.0179212,survived stellar mass,100 Myr averaged
BEAGLE,3432,8.942244,8.771869,9.136756,0.5847788,0.29427066,0.6940598,survived stellar mass,100 Myr averaged
BEAGLE,3451,9.073835,8.989473,9.13388,0.2674742,0.17663518,0.36964467,survived stellar mass,100 Myr averaged
BEAGLE,3458,9.630485,9.582688,9.68101,0.59703064,0.5102149,0.69232595,survived stellar mass,100 Myr averaged
BEAGLE,3591,9.412594,9.2768345,9.536288,0.4596304,0.34841642,0.5575981,survived stellar mass,100 Myr averaged
BEAGLE,3631,9.34176,9.26132,9.397697,0.4839748,0.36951005,0.6201474,survived stellar mass,100 Myr averaged
BEAGLE,3647,11.125344,11.068014,11.167064,-1.1568965,-2.3545275,-0.513157,survived stellar mass,100 Myr averaged
BEAGLE,3653,9.3442335,9.301033,9.389208,0.28062904,0.18030336,0.39111447,survived stellar mass,100 Myr averaged
BEAGLE,3683,10.365601,10.294685,10.436063,1.7090907,1.6213105,1.8158747,survived stellar mass,100 Myr averaged
BEAGLE,3707,9.077638,9.053652,9.154531,-0.9258436,-2.3060338,-0.048132695,survived stellar mass,100 Myr averaged
BEAGLE,3767,10.521014,10.451322,10.578677,-1.5955187,-2.6461573,-0.86981654,survived stellar mass,100 Myr averaged
BEAGLE,3811,8.849262,8.829085,8.887364,-1.3397652,-2.5510397,-0.52383214,survived stellar mass,100 Myr averaged
BEAGLE,3871,8.83887,8.77174,9.052495,0.10899303,-0.114218,0.31554005,survived stellar mass,100 Myr averaged
BEAGLE,4056,9.194955,9.139555,9.233201,-1.266703,-2.5118933,-0.26545492,survived stellar mass,100 Myr averaged
BEAGLE,4062,10.9111,10.811759,10.957449,-0.7974477,-1.9748139,-0.3007404,survived stellar mass,100 Myr averaged
BEAGLE,4171,10.821847,10.757701,10.886791,1.7859002,1.7081107,1.8765695,survived stellar mass,100 Myr averaged
BEAGLE,4187,9.585897,9.548014,9.62163,1.1379694,1.0192215,1.2395502,survived stellar mass,100 Myr averaged
BEAGLE,4216,11.3080015,11.27461,11.339648,2.2684407,2.1263974,2.3649437,survived stellar mass,100 Myr averaged
BEAGLE,4348,10.6570015,10.604671,10.701512,1.5245254,1.4021714,1.6391364,survived stellar mass,100 Myr averaged
BEAGLE,4376,11.170822,11.136694,11.201154,1.7403698,1.6227417,1.8667067,survived stellar mass,100 Myr averaged
BEAGLE,4459,10.215684,10.0822,10.2811985,-1.3506314,-2.4124153,-0.75428605,survived stellar mass,100 Myr averaged
BEAGLE,4529,11.159382,11.083285,11.213373,-2.0341852,-2.9771557,-1.301834,survived stellar mass,100 Myr averaged
BEAGLE,4589,9.288479,9.218042,9.3468,0.2949935,0.18123978,0.4474477,survived stellar mass,100 Myr averaged
BEAGLE,4608,11.1824,11.131517,11.219473,0.89371866,0.6754786,1.0856361,survived stellar mass,100 Myr averaged
BEAGLE,4644,9.855431,9.757309,9.942231,0.80731636,0.6633865,0.9220915,survived stellar mass,100 Myr averaged
BEAGLE,5012,9.554468,9.416591,9.749381,1.3881962,1.3371367,1.4290533,survived stellar mass,100 Myr averaged
BEAGLE,5068,10.069746,9.981281,10.139028,-0.96020174,-2.1461854,-0.28738236,survived stellar mass,100 Myr averaged
BEAGLE,5219,9.7929735,9.690893,9.866566,0.9471718,0.76346546,1.1474451,survived stellar mass,100 Myr averaged
BEAGLE,5568,9.492763,9.258869,9.572506,0.0934851,-1.0025504,0.44945136,survived stellar mass,100 Myr averaged
BEAGLE,5789,9.302373,9.284085,9.32552,-0.96937764,-2.487907,0.0154335145,survived stellar mass,100 Myr averaged
BEAGLE,5845,9.21487,9.086692,9.341538,0.30482337,0.20971267,0.40314934,survived stellar mass,100 Myr averaged
BEAGLE,5950,10.122458,9.9120455,10.275474,-1.9077789,-2.8896606,-1.0455197,survived stellar mass,100 Myr averaged
BEAGLE,6141,9.572806,9.435657,9.712974,1.0850269,0.9778602,1.2004017,survived stellar mass,100 Myr averaged
BEAGLE,6159,9.325223,9.261845,9.4349985,1.1454844,1.0584781,1.21854,survived stellar mass,100 Myr averaged
BEAGLE,6221,11.032559,10.999522,11.070578,2.3755317,2.2481802,2.4522636,survived stellar mass,100 Myr averaged
BEAGLE,6401,10.78838,10.744166,10.827763,-0.9758105,-2.4646373,-0.028897814,survived stellar mass,100 Myr averaged
BEAGLE,6665,9.433787,9.236962,9.55694,0.9885602,0.91175723,1.0554702,survived stellar mass,100 Myr averaged
BEAGLE,7011,10.126111,10.096423,10.156608,0.2662296,0.11096273,0.45226184,survived stellar mass,100 Myr averaged
BEAGLE,7094,8.826549,8.717801,8.9164095,0.42605132,0.31134978,0.53221506,survived stellar mass,100 Myr averaged
BEAGLE,7183,11.157918,11.125089,11.203987,2.3040986,2.1887825,2.396969,survived stellar mass,100 Myr averaged
BEAGLE,7195,11.003272,10.950917,11.055723,1.9692022,1.8616171,2.0824115,survived stellar mass,100 Myr averaged
BEAGLE,7219,10.506688,10.403722,10.592148,-1.6921479,-2.7304077,-1.0171793,survived stellar mass,100 Myr averaged
BEAGLE,7603,8.933183,8.884886,9.043286,0.21137457,0.038892128,0.38524222,survived stellar mass,100 Myr averaged
BEAGLE,7649,9.451006,9.164546,9.538927,0.6548781,0.36605325,0.9124286,survived stellar mass,100 Myr averaged
BEAGLE,7764,9.365856,9.245616,9.468925,0.92176694,0.74489397,1.0308741,survived stellar mass,100 Myr averaged
BEAGLE,7772,9.443978,9.339559,9.576412,1.2004864,1.1085832,1.2856326,survived stellar mass,100 Myr averaged
BEAGLE,7837,10.283559,10.236582,10.347296,2.0414324,1.988926,2.1293118,survived stellar mass,100 Myr averaged
BEAGLE,7886,10.561788,10.439624,10.768542,1.0132704,0.80600154,1.2407582,survived stellar mass,100 Myr averaged
BEAGLE,7988,9.796769,9.691975,9.904973,1.372305,1.2507924,1.4863665,survived stellar mass,100 Myr averaged
BEAGLE,8038,9.793025,9.742206,9.842436,0.46282598,0.28868827,0.64445907,survived stellar mass,100 Myr averaged
BEAGLE,8041,10.566523,10.503535,10.600854,-0.9281984,-2.1337073,-0.4901856,survived stellar mass,100 Myr averaged
BEAGLE,8067,10.573227,10.539254,10.606486,-1.4566022,-2.5844529,-0.48253742,survived stellar mass,100 Myr averaged
BEAGLE,8113,9.064671,9.047202,9.081283,-0.8492289,-2.2624016,-0.08935727,survived stellar mass,100 Myr averaged
BEAGLE,8154,10.629698,10.542299,10.690504,1.6254199,1.4557345,1.7502987,survived stellar mass,100 Myr averaged
BEAGLE,8167,10.76684,10.659636,10.860713,1.6308472,1.5696869,1.6697664,survived stellar mass,100 Myr averaged
BEAGLE,8402,9.862865,9.768396,9.945422,1.3694167,1.2878077,1.4614573,survived stellar mass,100 Myr averaged
BEAGLE,8461,9.166184,8.982836,9.26952,0.51320016,0.30997106,0.6665699,survived stellar mass,100 Myr averaged
BEAGLE,8540,9.220578,9.152683,9.268316,0.073881,-0.0638521,0.21822856,survived stellar mass,100 Myr averaged
BEAGLE,8586,8.93061,8.763777,9.060366,0.63466346,0.5534983,0.6922921,survived stellar mass,100 Myr averaged
BEAGLE,8976,8.941339,8.914421,9.024303,-0.5069984,-1.7669638,0.037723124,survived stellar mass,100 Myr averaged
BEAGLE,9026,10.626908,10.595153,10.651414,-0.55776745,-1.9575064,0.20284271,survived stellar mass,100 Myr averaged
BEAGLE,9372,8.726052,8.6992035,8.905842,-0.80699503,-2.0649009,-0.14725018,survived stellar mass,100 Myr averaged
BEAGLE,9380,9.719847,9.647115,9.800074,1.4285415,1.3646636,1.4972639,survived stellar mass,100 Myr averaged
BEAGLE,9606,8.989556,8.836691,9.066936,0.2942245,0.1370377,0.43950224,survived stellar mass,100 Myr averaged
BEAGLE,9769,11.0451145,10.98934,11.090533,1.9495544,1.8495406,2.0037966,survived stellar mass,100 Myr averaged
BEAGLE,9871,9.564434,9.400886,9.665438,1.0525125,0.9173125,1.1631516,survived stellar mass,100 Myr averaged
BEAGLE,9884,9.275711,9.201695,9.36862,1.1838094,1.1321406,1.2204498,survived stellar mass,100 Myr averaged
BEAGLE,10056,9.697242,9.64342,9.747739,0.22896922,0.018228902,0.41279882,survived stellar mass,100 Myr averaged
BEAGLE,10075,9.156932,9.095976,9.193952,-0.42523327,-1.9095292,0.17001115,survived stellar mass,100 Myr averaged
BEAGLE,10099,9.751056,9.623457,9.895502,1.5031912,1.4056705,1.5840884,survived stellar mass,100 Myr averaged
BEAGLE,10246,9.009109,8.989152,9.03506,-0.18487278,-1.7269466,0.47626898,survived stellar mass,100 Myr averaged
BEAGLE,10413,11.307873,11.264381,11.34543,2.173891,2.101355,2.2578375,survived stellar mass,100 Myr averaged
BEAGLE,10465,9.186554,9.16558,9.206147,-0.39876452,-2.065677,0.38114184,survived stellar mass,100 Myr averaged
BEAGLE,10496,10.55763,10.469228,10.616313,1.1326646,1.035172,1.2248371,survived stellar mass,100 Myr averaged
BEAGLE,10679,9.8192215,9.6501875,9.93538,1.3370388,1.2818655,1.3923968,survived stellar mass,100 Myr averaged
BEAGLE,11058,9.53464,9.49966,9.568771,1.2939186,1.2175666,1.3602835,survived stellar mass,100 Myr averaged
BEAGLE,11156,9.079942,9.02791,9.139891,0.48991042,0.28139478,0.63387984,survived stellar mass,100 Myr averaged
BEAGLE,11425,8.957359,8.781325,9.098988,0.6070328,0.49009395,0.68417484,survived stellar mass,100 Myr averaged
BEAGLE,11618,10.465187,10.389959,10.526624,1.4090462,1.135877,1.6715324,survived stellar mass,100 Myr averaged
BEAGLE,11981,10.710034,10.66182,10.749081,-1.3558843,-2.4835536,-0.55648273,survived stellar mass,100 Myr averaged
BEAGLE,12216,9.478473,9.350971,9.607358,1.248643,1.1216191,1.335049,survived stellar mass,100 Myr averaged
BEAGLE,12304,9.582086,9.373666,9.699671,1.2433511,1.1509904,1.3063601,survived stellar mass,100 Myr averaged
BEAGLE,12354,8.974075,8.81841,9.054762,0.42174828,0.20051053,0.5273181,survived stellar mass,100 Myr averaged
BEAGLE,12588,9.355132,9.271151,9.422067,0.5483756,0.40535873,0.6790219,survived stellar mass,100 Myr averaged
BEAGLE,12829,9.573342,9.463648,9.659069,0.6934369,0.44266042,0.9093051,survived stellar mass,100 Myr averaged
BEAGLE,12997,9.356614,9.238372,9.512678,1.1608485,1.0870038,1.2233851,survived stellar mass,100 Myr averaged
BEAGLE,13086,9.037028,8.889307,9.185063,0.38613987,0.22168733,0.5478666,survived stellar mass,100 Myr averaged
BEAGLE,13097,10.456374,10.39297,10.509709,1.862733,1.7944067,1.9256068,survived stellar mass,100 Myr averaged
BEAGLE,13249,9.890782,9.818016,9.948712,1.2346126,1.1331595,1.3529795,survived stellar mass,100 Myr averaged
BEAGLE,13312,9.343421,9.326264,9.362854,-0.6916891,-2.1486468,0.23904999,survived stellar mass,100 Myr averaged
BEAGLE,13400,9.393916,9.341064,9.576218,1.032127,0.8698363,1.1493099,survived stellar mass,100 Myr averaged
BEAGLE,13601,11.161195,11.1297245,11.191415,2.0318115,1.930321,2.129636,survived stellar mass,100 Myr averaged
BEAGLE,13637,10.804165,10.762718,10.838355,-1.1272471,-2.507875,-0.21552302,survived stellar mass,100 Myr averaged
BEAGLE,13890,9.399101,9.309525,9.474237,0.6738625,0.5591829,0.7922311,survived stellar mass,100 Myr averaged
BEAGLE,13903,9.215264,9.19679,9.234329,-0.6212038,-2.1412375,0.4331695,survived stellar mass,100 Myr averaged
BEAGLE,13995,8.789134,8.622474,8.979178,0.5500441,0.48785266,0.5981021,survived stellar mass,100 Myr averaged
BEAGLE,14098,9.41881,9.407059,9.430477,-1.1757296,-2.4799798,-0.14639574,survived stellar mass,100 Myr averaged
BEAGLE,14099,9.927462,9.821523,9.999752,1.2410986,1.1262689,1.3567263,survived stellar mass,100 Myr averaged
BEAGLE,14222,8.978179,8.960195,8.994087,-0.41743279,-1.9836621,0.19697647,survived stellar mass,100 Myr averaged
BEAGLE,14246,10.557683,10.4892235,10.604189,1.582669,1.5556982,1.6027637,survived stellar mass,100 Myr averaged
BEAGLE,14288,9.000208,8.955707,9.164227,0.43664107,0.2507757,0.6671006,survived stellar mass,100 Myr averaged
BEAGLE,14637,10.325979,10.25752,10.382613,1.5379571,1.4529155,1.6546313,survived stellar mass,100 Myr averaged
BEAGLE,14650,9.090158,8.81745,9.153844,0.020950224,-0.1769848,0.37966296,survived stellar mass,100 Myr averaged
BEAGLE,14773,9.628137,9.515092,9.72016,0.8679943,0.76847214,0.9608966,survived stellar mass,100 Myr averaged
BEAGLE,14782,9.48953,9.465152,9.514646,0.64476746,0.48911002,0.79249924,survived stellar mass,100 Myr averaged
BEAGLE,15122,10.073798,10.009234,10.129977,1.6392125,1.5578109,1.7260721,survived stellar mass,100 Myr averaged
BEAGLE,15154,9.586101,9.552338,9.629435,-1.1400546,-2.2624745,-0.8131878,survived stellar mass,100 Myr averaged
BEAGLE,15300,9.20205,9.113349,9.310989,0.2061995,0.12710223,0.28837192,survived stellar mass,100 Myr averaged
BEAGLE,15336,10.66184,10.625235,10.691526,0.9868762,0.8563492,1.0675672,survived stellar mass,100 Myr averaged
BEAGLE,15585,9.221331,9.158104,9.271684,0.5276416,0.44662485,0.60136324,survived stellar mass,100 Myr averaged
BEAGLE,15704,9.191764,9.148505,9.252528,0.5732448,0.42618725,0.6810263,survived stellar mass,100 Myr averaged
BEAGLE,15746,8.962363,8.949765,8.985108,-0.8628204,-2.137324,-0.20793785,survived stellar mass,100 Myr averaged
BEAGLE,15753,9.745111,9.694521,9.783794,0.4928268,0.3672557,0.66575164,survived stellar mass,100 Myr averaged
BEAGLE,15775,10.587214,10.547017,10.691324,2.141093,2.1079748,2.1593053,survived stellar mass,100 Myr averaged
BEAGLE,15870,9.5077095,9.361328,9.648492,1.3138924,1.2738148,1.353652,survived stellar mass,100 Myr averaged
BEAGLE,15924,9.569001,9.385942,9.694926,1.2184707,1.1788234,1.2607561,survived stellar mass,100 Myr averaged
BEAGLE,15959,9.705862,9.551547,9.793369,0.9932577,0.8340812,1.1756892,survived stellar mass,100 Myr averaged
BEAGLE,15967,10.216308,10.172782,10.2649975,1.8705623,1.7801057,1.9112414,survived stellar mass,100 Myr averaged
BEAGLE,15988,9.749646,9.625529,9.846973,1.0873173,0.9056158,1.2625364,survived stellar mass,100 Myr averaged
BEAGLE,15991,9.261089,9.156468,9.313469,0.0986238,-0.29565692,0.39867505,survived stellar mass,100 Myr averaged
BEAGLE,16048,9.982128,9.915889,10.040911,1.2143698,1.029835,1.3595272,survived stellar mass,100 Myr averaged
BEAGLE,16049,10.285593,10.221382,10.340387,1.8589555,1.7792996,1.9210196,survived stellar mass,100 Myr averaged
BEAGLE,16123,9.66381,9.494963,9.760601,1.0222855,0.8630056,1.2391505,survived stellar mass,100 Myr averaged
BEAGLE,16275,9.302283,9.248565,9.352549,0.40417334,0.30886748,0.5073513,survived stellar mass,100 Myr averaged
BEAGLE,16336,10.945848,10.9179735,10.967503,-0.64912975,-2.0957932,-0.024192668,survived stellar mass,100 Myr averaged
BEAGLE,16360,10.414003,10.336072,10.471613,-1.6849148,-2.7933557,-0.8669141,survived stellar mass,100 Myr averaged
BEAGLE,16435,10.924833,10.867981,10.97225,1.6269542,1.5398321,1.703929,survived stellar mass,100 Myr averaged
BEAGLE,16440,11.012736,10.976,11.055289,2.1133718,2.0291493,2.1809282,survived stellar mass,100 Myr averaged
BEAGLE,16455,10.369365,10.181078,10.47527,2.0293496,1.9641758,2.086003,survived stellar mass,100 Myr averaged
BEAGLE,16514,10.83339,10.796253,10.873297,-1.4143497,-2.5668952,-0.5494935,survived stellar mass,100 Myr averaged
BEAGLE,16697,9.666914,9.600524,9.775494,1.5052276,1.4397326,1.564723,survived stellar mass,100 Myr averaged
BEAGLE,16714,9.786368,9.728523,9.837458,0.9347755,0.7723059,1.1178534,survived stellar mass,100 Myr averaged
BEAGLE,16854,9.512021,9.447087,9.607531,1.3051498,1.2372562,1.379269,survived stellar mass,100 Myr averaged
BEAGLE,16871,9.100928,8.89351,9.247122,0.15027705,-1.3749542,0.46843922,survived stellar mass,100 Myr averaged
BEAGLE,16921,9.933155,9.832016,9.996517,-0.70524466,-1.0652891,-0.43894836,survived stellar mass,100 Myr averaged
BEAGLE,17026,8.88327,8.867474,8.902518,-1.1707575,-2.4625204,-0.2748041,survived stellar mass,100 Myr averaged
BEAGLE,17062,9.821561,9.788763,9.855757,0.0226639,-0.4492288,0.38513973,survived stellar mass,100 Myr averaged
BEAGLE,17064,10.331384,10.269052,10.375321,-1.6934906,-2.7018275,-0.95826644,survived stellar mass,100 Myr averaged
BEAGLE,17098,9.012605,8.999414,9.026513,-0.7189914,-2.1409643,-0.13236515,survived stellar mass,100 Myr averaged
BEAGLE,17185,9.2775345,9.062565,9.347342,0.2532199,-0.04137835,0.5036954,survived stellar mass,100 Myr averaged
BEAGLE,17211,10.931029,10.878901,10.973648,1.6283445,1.4468582,1.7499703,survived stellar mass,100 Myr averaged
BEAGLE,17214,10.003954,9.983491,10.028581,1.5570606,1.412351,1.6594942,survived stellar mass,100 Myr averaged
BEAGLE,17225,9.03956,9.004889,9.322524,-0.32295662,-2.208313,0.2884389,survived stellar mass,100 Myr averaged
BEAGLE,17233,9.295494,9.160917,9.472636,0.95291954,0.84669477,1.0560566,survived stellar mass,100 Myr averaged
BEAGLE,17245,10.597049,10.526151,10.676414,1.4952776,1.4010884,1.5639719,survived stellar mass,100 Myr averaged
BEAGLE,17254,9.565371,9.5006485,9.6215,0.38665006,0.16455664,0.6382175,survived stellar mass,100 Myr averaged
BEAGLE,17265,9.904349,9.677054,10.064954,1.3325411,1.2336501,1.4531657,survived stellar mass,100 Myr averaged
BEAGLE,17376,10.033829,9.957391,10.153583,1.6695368,1.5604154,1.7719103,survived stellar mass,100 Myr averaged
BEAGLE,17418,11.601221,11.538864,11.635204,-0.84900886,-2.1493638,0.12681548,survived stellar mass,100 Myr averaged
BEAGLE,17422,9.34502,9.197741,9.413855,0.8161822,0.7418358,0.8885869,survived stellar mass,100 Myr averaged
BEAGLE,17433,11.047925,10.978953,11.0799465,0.06310709,-0.4353871,0.197916,survived stellar mass,100 Myr averaged
BEAGLE,17474,9.335848,9.289691,9.373976,0.48847806,-0.042315345,0.6928823,survived stellar mass,100 Myr averaged
BEAGLE,17652,9.42521,9.362227,9.543808,1.1137769,0.9049851,1.209014,survived stellar mass,100 Myr averaged
BEAGLE,17843,9.523599,9.468918,9.820783,0.5667499,-0.642872,1.0411294,survived stellar mass,100 Myr averaged
BEAGLE,18048,10.495254,10.399418,10.591328,-1.7423072,-2.716707,-1.1046028,survived stellar mass,100 Myr averaged
BEAGLE,18130,10.462854,10.408956,10.496351,-2.1106427,-3.0458214,-1.4183079,survived stellar mass,100 Myr averaged
BEAGLE,18132,10.193857,10.132387,10.254087,1.7265475,1.6568098,1.7938251,survived stellar mass,100 Myr averaged
BEAGLE,18146,8.754505,8.67287,8.879144,0.6615352,0.59646976,0.71153635,survived stellar mass,100 Myr averaged
BEAGLE,18160,11.207509,11.16368,11.244063,2.0145729,1.90351,2.1104019,survived stellar mass,100 Myr averaged
BEAGLE,18326,10.560801,10.501974,10.619358,1.7216446,1.6271328,1.8124496,survived stellar mass,100 Myr averaged
BEAGLE,18375,8.687283,8.635262,8.733889,0.3933767,0.30328557,0.4773422,survived stellar mass,100 Myr averaged
BEAGLE,18380,9.536801,9.493278,9.613688,0.9230399,0.8021742,1.0166396,survived stellar mass,100 Myr averaged
BEAGLE,18405,9.213764,8.955743,9.27484,0.16333161,-0.69495475,0.33026093,survived stellar mass,100 Myr averaged
BEAGLE,18413,8.775521,8.659515,8.889169,0.42604798,0.30184856,0.5300617,survived stellar mass,100 Myr averaged
BEAGLE,18443,9.454483,9.35077,9.52976,0.62478757,0.46423915,0.839255,survived stellar mass,100 Myr averaged
BEAGLE,18572,8.85199,8.789814,8.91725,0.38326222,0.02598016,0.52584505,survived stellar mass,100 Myr averaged
BEAGLE,18619,9.874136,9.840503,9.907381,0.6424407,0.35714468,0.8126822,survived stellar mass,100 Myr averaged
BEAGLE,18661,10.486186,10.425261,10.535699,1.127134,0.9742382,1.2610415,survived stellar mass,100 Myr averaged
BEAGLE,18715,10.766725,10.648449,10.849022,1.7104118,1.5991291,1.777546,survived stellar mass,100 Myr averaged
BEAGLE,18732,9.41938,9.347922,9.476316,0.49005845,0.23425855,0.619894,survived stellar mass,100 Myr averaged
BEAGLE,18767,10.144499,10.029919,10.22414,-1.2724515,-2.3813243,-0.6965297,survived stellar mass,100 Myr averaged
BEAGLE,18821,10.912656,10.817223,10.987124,2.2698271,2.208066,2.3157609,survived stellar mass,100 Myr averaged
BEAGLE,18908,9.798368,9.659157,9.85496,0.77056795,0.5691167,0.97456795,survived stellar mass,100 Myr averaged
BEAGLE,18941,10.171164,10.090476,10.216879,-2.1933534,-2.9759738,-1.5978696,survived stellar mass,100 Myr averaged
BEAGLE,18946,9.1199665,9.101557,9.145952,-0.49190468,-2.147066,0.42209703,survived stellar mass,100 Myr averaged
BEAGLE,19133,8.829707,8.812632,8.895284,-1.3858734,-2.6547475,-0.2136815,survived stellar mass,100 Myr averaged
BEAGLE,19136,10.00019,9.917848,10.0581665,1.3040422,1.2118918,1.3945206,survived stellar mass,100 Myr averaged
BEAGLE,19176,9.4353,9.335219,9.525975,0.4545998,0.34825352,0.55409217,survived stellar mass,100 Myr averaged
BEAGLE,19202,9.200382,9.109146,9.309605,-0.025322968,-1.3622392,0.34153786,survived stellar mass,100 Myr averaged
BEAGLE,19422,10.492716,10.429226,10.548381,1.5883176,1.5070091,1.6789895,survived stellar mass,100 Myr averaged
BEAGLE,19508,10.637337,10.57779,10.73591,0.9478835,0.88802433,1.0067457,survived stellar mass,100 Myr averaged
BEAGLE,19633,9.892333,9.833264,9.969873,1.623102,1.5567371,1.7029294,survived stellar mass,100 Myr averaged
BEAGLE,20168,9.792814,9.738834,9.923239,1.759666,1.7150172,1.7966605,survived stellar mass,100 Myr averaged
BEAGLE,20261,9.748055,9.419152,9.791022,0.4737364,0.15839292,0.66021705,survived stellar mass,100 Myr averaged
BEAGLE,20344,9.5680895,9.54538,9.619905,0.3499803,-1.623771,0.84946054,survived stellar mass,100 Myr averaged
BEAGLE,20539,9.370713,9.337113,9.663446,0.51082987,-0.82349104,0.8192174,survived stellar mass,100 Myr averaged
BEAGLE,20627,9.754268,9.683717,9.804121,0.82553726,0.66706777,0.98702496,survived stellar mass,100 Myr averaged
BEAGLE,20639,10.6956835,10.648835,10.744273,1.9702613,1.8632232,2.0535693,survived stellar mass,100 Myr averaged
BEAGLE,20663,9.01192,8.933909,9.275022,-0.030934615,-1.2647254,0.40333796,survived stellar mass,100 Myr averaged
BEAGLE,20860,8.818004,8.797192,8.848113,-1.541827,-2.7013965,-0.66979665,survived stellar mass,100 Myr averaged
BEAGLE,21038,10.520792,10.466248,10.57926,1.6207211,1.505333,1.7372569,survived stellar mass,100 Myr averaged
BEAGLE,21174,9.59945,9.511817,9.674942,0.7213385,0.5296001,0.8858835,survived stellar mass,100 Myr averaged
BEAGLE,21201,9.341613,9.248282,9.412347,-0.01714062,-0.2687073,0.409737,survived stellar mass,100 Myr averaged
BEAGLE,21226,9.229547,9.172043,9.3761215,1.0186075,0.91133326,1.0897558,survived stellar mass,100 Myr averaged
BEAGLE,21315,9.062668,8.766237,9.11221,-0.042284127,-0.8173108,0.362654,survived stellar mass,100 Myr averaged
BEAGLE,21329,10.008188,9.94573,10.076352,1.2153771,1.0865742,1.3191061,survived stellar mass,100 Myr averaged
BEAGLE,21379,9.333763,9.229231,9.468954,1.1718044,1.1045233,1.2157434,survived stellar mass,100 Myr averaged
BEAGLE,21708,10.701381,10.674432,10.732567,1.4801335,1.3206295,1.5720005,survived stellar mass,100 Myr averaged
BEAGLE,21772,10.805162,10.768176,10.828867,-1.973508,-2.8611176,-1.3171303,survived stellar mass,100 Myr averaged
BEAGLE,21894,10.4151535,10.375538,10.454549,-1.8300234,-2.7822852,-1.2608848,survived stellar mass,100 Myr averaged
BEAGLE,21926,11.106324,11.073202,11.13198,-1.2439133,-2.4321651,-0.33768377,survived stellar mass,100 Myr averaged
BEAGLE,21963,9.456454,9.199151,9.5396,0.6973577,0.5649627,0.8711114,survived stellar mass,100 Myr averaged
BEAGLE,21971,9.200024,9.168119,9.249674,-1.1792305,-2.4590724,-0.27033606,survived stellar mass,100 Myr averaged
BEAGLE,22002,11.317057,11.281761,11.347276,-0.6014715,-1.9063201,-0.15662947,survived stellar mass,100 Myr averaged
BEAGLE,22059,10.918116,10.85269,10.96229,1.427701,1.3415476,1.4914988,survived stellar mass,100 Myr averaged
BEAGLE,22173,10.52043,10.481523,10.543452,1.3771088,1.3680755,1.3894768,survived stellar mass,100 Myr averaged
BEAGLE,22279,10.59646,10.56956,10.624923,1.4500588,1.2406826,1.5786768,survived stellar mass,100 Myr averaged
BEAGLE,22312,9.006265,8.952676,9.043911,-1.0343806,-2.4995697,-0.2725791,survived stellar mass,100 Myr averaged
BEAGLE,22343,10.142805,10.075475,10.199389,0.97249424,0.85390216,1.0864505,survived stellar mass,100 Myr averaged
BEAGLE,22371,10.833182,10.796802,10.8735895,2.6009972,2.543606,2.6246123,survived stellar mass,100 Myr averaged
BEAGLE,22385,10.144812,10.067428,10.218675,1.5909586,1.5125414,1.6506443,survived stellar mass,100 Myr averaged
BEAGLE,22456,10.736105,10.665142,10.811493,1.8148544,1.7648126,1.8554546,survived stellar mass,100 Myr averaged
BEAGLE,22632,9.183389,8.878055,9.232067,-0.70281553,-2.1157398,0.0010552269,survived stellar mass,100 Myr averaged
BEAGLE,22697,9.063043,8.989089,9.28565,0.21979646,-0.41572186,0.538064,survived stellar mass,100 Myr averaged
BEAGLE,22727,8.875227,8.793348,8.976549,-0.27927583,-1.6684675,-0.0035263305,survived stellar mass,100 Myr averaged
BEAGLE,22795,10.250078,10.189711,10.296516,-1.0398625,-2.165722,-0.25969166,survived stellar mass,100 Myr averaged
BEAGLE,22804,9.254321,9.073496,9.436899,0.45156386,-1.1898594,1.0346278,survived stellar mass,100 Myr averaged
BEAGLE,22833,9.472501,9.446159,9.584995,0.51060396,-1.4345464,1.1532953,survived stellar mass,100 Myr averaged
BEAGLE,22834,10.998455,10.966184,11.025397,1.5739446,1.4595485,1.6619091,survived stellar mass,100 Myr averaged
BEAGLE,22847,10.445234,10.398017,10.512248,-0.32284847,-0.5333857,-0.041481122,survived stellar mass,100 Myr averaged
BEAGLE,22857,10.144417,10.101881,10.2036495,1.262695,1.1685958,1.3556998,survived stellar mass,100 Myr averaged
BEAGLE,22919,10.769377,10.683668,10.811281,-1.4627665,-2.534207,-0.70662165,survived stellar mass,100 Myr averaged
BEAGLE,23053,9.899796,9.8601055,10.106283,1.3201449,1.1862139,1.4357926,survived stellar mass,100 Myr averaged
BEAGLE,23086,8.862487,8.791979,8.969085,0.7953881,0.7288128,0.8407883,survived stellar mass,100 Myr averaged
BEAGLE,23156,9.113738,9.049593,9.23113,0.3361637,0.16568194,0.4968884,survived stellar mass,100 Myr averaged
BEAGLE,23250,9.855091,9.788421,9.917668,0.8207072,0.6037432,1.0277327,survived stellar mass,100 Myr averaged
BEAGLE,23316,10.213514,10.150752,10.262078,0.5047142,0.3115605,0.66606885,survived stellar mass,100 Myr averaged
BEAGLE,23351,9.879363,9.773865,9.941924,-0.12316139,-0.29745364,0.048166893,survived stellar mass,100 Myr averaged
BEAGLE,23441,10.436397,10.403928,10.479039,1.4952061,1.3910389,1.5723397,survived stellar mass,100 Myr averaged
BEAGLE,23451,9.39713,9.177554,9.487342,0.7312204,0.4957255,0.9222296,survived stellar mass,100 Myr averaged
BEAGLE,23491,10.125317,9.948111,10.207263,0.04545967,-0.322707,0.26913923,survived stellar mass,100 Myr averaged
BEAGLE,23570,9.397979,9.145352,9.514968,0.88997996,0.7465895,1.0054125,survived stellar mass,100 Myr averaged
BEAGLE,23579,10.439256,10.389574,10.479245,-0.16558674,-0.36785713,0.005945199,survived stellar mass,100 Myr averaged
BEAGLE,23685,9.293522,9.278289,9.308754,-0.14145105,-1.5194862,0.391149,survived stellar mass,100 Myr averaged
BEAGLE,23720,8.97626,8.903515,9.114013,0.17648178,-1.4354565,0.468555,survived stellar mass,100 Myr averaged
BEAGLE,23761,10.767369,10.709996,10.811183,0.8493772,0.64546835,1.0100368,survived stellar mass,100 Myr averaged
BEAGLE,23795,10.645588,10.598555,10.720272,0.14617842,-0.09566348,0.42760137,survived stellar mass,100 Myr averaged
BEAGLE,23817,8.940029,8.867299,9.02478,0.57662284,0.4581528,0.6674547,survived stellar mass,100 Myr averaged
BEAGLE,23844,9.366125,9.335553,9.399584,0.53054017,0.26015297,0.6756284,survived stellar mass,100 Myr averaged
BEAGLE,23851,9.088912,9.003004,9.149114,0.24462968,0.13371684,0.3742275,survived stellar mass,100 Myr averaged
BEAGLE,23855,10.150322,10.055529,10.251311,1.5470725,1.4939661,1.594563,survived stellar mass,100 Myr averaged
BEAGLE,23882,9.727315,9.636218,9.80637,0.3021771,0.03893889,0.63011557,survived stellar mass,100 Myr averaged
BEAGLE,23903,9.0592165,8.844423,9.168766,0.4709606,0.25274736,0.6001952,survived stellar mass,100 Myr averaged
BEAGLE,23927,10.389951,10.342718,10.431802,1.2590292,1.1426437,1.3659438,survived stellar mass,100 Myr averaged
BEAGLE,23941,9.081073,9.055504,9.100946,-0.32802764,-1.4140148,0.08427284,survived stellar mass,100 Myr averaged
BEAGLE,24066,8.612064,8.522708,8.730927,0.46008468,0.35897896,0.53481674,survived stellar mass,100 Myr averaged
BEAGLE,24130,10.782557,10.688376,10.836897,0.37999365,0.2260308,0.4970735,survived stellar mass,100 Myr averaged
BEAGLE,24144,9.082725,9.0595255,9.191944,-1.2012607,-2.482581,-0.28957322,survived stellar mass,100 Myr averaged
BEAGLE,24185,10.451467,10.403017,10.527323,1.4520824,1.3418146,1.5540963,survived stellar mass,100 Myr averaged
BEAGLE,24313,10.27072,10.249909,10.291757,0.24206798,0.14837885,0.37564403,survived stellar mass,100 Myr averaged
BEAGLE,24316,10.110428,10.08817,10.161129,1.9647464,1.879992,2.02387,survived stellar mass,100 Myr averaged
BEAGLE,24336,9.49543,9.377413,9.578753,0.044543467,-0.27479556,0.27792802,survived stellar mass,100 Myr averaged
BEAGLE,24348,10.7175255,10.556476,10.875793,-1.7972207,-2.7554336,-0.98778033,survived stellar mass,100 Myr averaged
BEAGLE,24354,10.703936,10.627257,10.822376,1.9955854,1.9601268,2.0157628,survived stellar mass,100 Myr averaged
BEAGLE,24355,9.585025,9.530742,10.019322,1.3613209,1.2641305,1.5159711,survived stellar mass,100 Myr averaged
BEAGLE,24372,10.657097,10.565981,10.900629,-1.0328062,-2.4246812,-0.012476902,survived stellar mass,100 Myr averaged
BEAGLE,24389,9.251343,9.196582,9.29951,0.3344402,0.24099767,0.42204916,survived stellar mass,100 Myr averaged
BEAGLE,24408,9.853103,9.804742,9.904839,-1.4371017,-2.296507,-0.82460624,survived stellar mass,100 Myr averaged
BEAGLE,24497,10.672084,10.565638,10.763112,2.4122803,2.4054017,2.420409,survived stellar mass,100 Myr averaged
BEAGLE,24511,9.956175,9.86388,10.018475,1.3188876,1.2075962,1.4190753,survived stellar mass,100 Myr averaged
BEAGLE,24720,9.425213,9.381067,9.455881,-1.304282,-2.6634207,-0.29319522,survived stellar mass,100 Myr averaged
BEAGLE,24779,11.159905,11.130598,11.207177,2.2191052,2.1730802,2.2498636,survived stellar mass,100 Myr averaged
BEAGLE,24785,9.244251,9.1904955,9.292231,0.28180623,0.19149582,0.3714502,survived stellar mass,100 Myr averaged
BEAGLE,24786,9.212103,9.173873,9.251865,1.1523342,1.1180336,1.1909692,survived stellar mass,100 Myr averaged
BEAGLE,24814,9.584949,9.476367,9.681342,0.85572755,0.7602939,0.9436523,survived stellar mass,100 Myr averaged
BEAGLE,24851,9.325781,9.108716,9.486053,0.73931015,0.5764034,0.8648362,survived stellar mass,100 Myr averaged
BEAGLE,24862,10.417248,10.377,10.450314,-0.21051818,-1.8436549,0.5366114,survived stellar mass,100 Myr averaged
BEAGLE,24943,10.168366,10.126335,10.224327,1.7566915,1.6455859,1.8515563,survived stellar mass,100 Myr averaged
BEAGLE,25028,9.376672,9.359591,9.39741,-0.3299367,-1.8040245,0.51212656,survived stellar mass,100 Myr averaged
BEAGLE,25037,10.053582,9.933736,10.196437,1.7417055,1.6310376,1.7855011,survived stellar mass,100 Myr averaged
BEAGLE,25060,10.873273,10.817677,10.908975,-1.8254396,-2.815163,-1.1401191,survived stellar mass,100 Myr averaged
BEAGLE,25120,10.35354,10.180243,10.421487,1.8542184,1.7106824,1.9704337,survived stellar mass,100 Myr averaged
BEAGLE,25137,9.860628,9.680125,9.993792,1.1514177,0.2636591,1.3119954,survived stellar mass,100 Myr averaged
BEAGLE,25206,11.564701,11.517326,11.597031,1.2151918,0.21031617,1.5928109,survived stellar mass,100 Myr averaged
BEAGLE,25211,9.309666,9.25551,9.358235,0.25567624,0.13645388,0.39152488,survived stellar mass,100 Myr averaged
BEAGLE,25246,10.54413,10.506232,10.592224,0.9496896,0.838855,1.0810469,survived stellar mass,100 Myr averaged
BEAGLE,25248,9.218481,9.133976,9.342736,0.9939608,0.7553522,1.0687631,survived stellar mass,100 Myr averaged
BEAGLE,25250,10.853508,10.779671,10.893652,-1.5338941,-2.567274,-0.8356292,survived stellar mass,100 Myr averaged
BEAGLE,25270,9.712303,9.599327,9.801256,1.1006716,0.97628766,1.2134519,survived stellar mass,100 Myr averaged
BEAGLE,25295,11.050141,11.017146,11.084485,2.0276263,1.9267908,2.0779908,survived stellar mass,100 Myr averaged
BEAGLE,25341,8.964637,8.946745,9.095062,-1.1164099,-2.5447743,0.113287166,survived stellar mass,100 Myr averaged
BEAGLE,25389,9.022989,8.972739,9.15463,-1.190171,-2.3212354,-0.35433337,survived stellar mass,100 Myr averaged
BEAGLE,25406,9.609738,9.546335,9.667067,-0.29391482,-0.6180903,-0.0059536775,survived stellar mass,100 Myr averaged
BEAGLE,25465,10.944265,10.906926,10.977331,-0.44611946,-1.4351358,-0.17487636,survived stellar mass,100 Myr averaged
BEAGLE,25489,10.996734,10.916723,11.046915,-0.90303695,-2.171133,-0.065246396,survived stellar mass,100 Myr averaged
BEAGLE,25565,9.282336,9.238119,9.318858,-1.5435131,-2.6624,-0.69360393,survived stellar mass,100 Myr averaged
BEAGLE,25573,10.988382,10.954353,11.020876,1.2980212,1.1331424,1.4612161,survived stellar mass,100 Myr averaged
BEAGLE,25681,9.681814,9.634026,9.726209,-1.2717732,-2.3557608,-0.65273637,survived stellar mass,100 Myr averaged
BEAGLE,25794,9.891695,9.8401165,9.949563,0.72189593,0.49437994,0.9237943,survived stellar mass,100 Myr averaged
BEAGLE,26039,9.457524,9.311436,9.582267,0.9872435,0.64635855,1.1060989,survived stellar mass,100 Myr averaged
BEAGLE,26092,10.236418,10.201048,10.270061,1.6443895,1.5179933,1.7248335,survived stellar mass,100 Myr averaged
BEAGLE,26173,10.288315,10.249205,10.330854,0.04368507,-0.81951314,0.5029494,survived stellar mass,100 Myr averaged
BEAGLE,26185,10.31393,10.218787,10.407334,1.602681,1.5304139,1.6603951,survived stellar mass,100 Myr averaged
BEAGLE,26255,9.935823,9.834809,9.987026,1.1464547,1.0394651,1.2604861,survived stellar mass,100 Myr averaged
BEAGLE,26300,10.41074,10.321594,10.48502,1.5867523,1.5110142,1.6718547,survived stellar mass,100 Myr averaged
BEAGLE,26345,9.426997,9.402699,9.4647875,0.6437797,-0.993967,0.8165909,survived stellar mass,100 Myr averaged
BEAGLE,26397,9.215565,9.146374,9.26743,0.19071957,0.054550115,0.35554728,survived stellar mass,100 Myr averaged
BEAGLE,26398,9.923267,9.85718,10.036523,1.8679962,1.8181906,1.9033155,survived stellar mass,100 Myr averaged
BEAGLE,26476,9.3743305,9.355588,9.3933,-0.51002663,-2.2071733,0.52762955,survived stellar mass,100 Myr averaged
BEAGLE,26491,8.894674,8.826641,9.022502,0.31835762,0.15915486,0.4341007,survived stellar mass,100 Myr averaged
BEAGLE,26535,10.919512,10.831337,10.9639015,-1.2826971,-2.434584,-0.6218737,survived stellar mass,100 Myr averaged
BEAGLE,26600,9.214413,9.030532,9.277281,0.23864236,-0.10767297,0.4981124,survived stellar mass,100 Myr averaged
BEAGLE,26605,8.907408,8.834908,8.948304,-1.4212985,-2.6240923,-0.6236143,survived stellar mass,100 Myr averaged
BEAGLE,26618,9.802735,9.727104,9.869355,1.2077341,1.1098651,1.3116565,survived stellar mass,100 Myr averaged
BEAGLE,26647,9.638505,9.438432,9.695683,0.7147471,0.5117016,1.0257015,survived stellar mass,100 Myr averaged
BEAGLE,26722,10.379122,10.314731,10.432544,0.9561669,0.81253415,1.0740213,survived stellar mass,100 Myr averaged
BEAGLE,26755,11.212981,11.17441,11.251806,1.929755,1.8303888,2.0288801,survived stellar mass,100 Myr averaged
CIGALE,21,9.91294751728899,9.59634407159807,10.229550962979909,1.2648758131379734,-0.8207385378935608,3.3504901641695075,survived stellar mass,100 Myr mean
CIGALE,25,9.799172490933975,9.481721413638626,10.116623568229324,1.0843443589381783,0.012413159910875882,2.156275557965481,survived stellar mass,100 Myr mean
CIGALE,40,10.39368443030409,10.190773853805503,10.596595006802676,1.5893656093667932,0.7464707310390335,2.4322604876945526,survived stellar mass,100 Myr mean
CIGALE,58,10.19821294423811,9.969059694106559,10.427366194369661,1.5819537065376474,0.2277935803711959,2.936113832704099,survived stellar mass,100 Myr mean
CIGALE,79,11.04592627428932,10.828220465641126,11.263632082937514,2.1437481442849897,0.10756158418073802,4.179934704389241,survived stellar mass,100 Myr mean
CIGALE,143,9.578202779865313,9.356726189633651,9.799679370096975,0.7798525162554404,-0.2764098639715762,1.836114896482457,survived stellar mass,100 Myr mean
CIGALE,170,9.288117320989269,9.10922612417133,9.467008517807207,0.1555029379930375,-0.4369489787170454,0.7479548547031204,survived stellar mass,100 Myr mean
CIGALE,190,9.587970391193972,9.39702155098606,9.778919231401883,0.8568105246760301,0.023578234350264737,1.6900428150017954,survived stellar mass,100 Myr mean
CIGALE,239,9.348630351703255,9.201597724091577,9.495662979314933,0.1645935279321459,-0.35048207063387593,0.6796691264981677,survived stellar mass,100 Myr mean
CIGALE,267,10.332085123806294,10.114846225914578,10.54932402169801,1.767903549345209,-0.11709771427710236,3.6529048129675203,survived stellar mass,100 Myr mean
CIGALE,274,10.10220821623666,9.914268657826588,10.290147774646732,1.2079940173817747,0.2927681933567713,2.123219841406778,survived stellar mass,100 Myr mean
CIGALE,300,10.210703910889407,10.061380506847417,10.360027314931397,1.159033025514346,0.08846246396701396,2.229603587061678,survived stellar mass,100 Myr mean
CIGALE,344,9.400263942394503,9.1673889538392,9.633138930949805,0.6239557120153655,0.0745149832128087,1.1733964408179223,survived stellar mass,100 Myr mean
CIGALE,407,9.702194366085363,9.633496031777339,9.770892700393388,0.05866547915969766,-3.5001324054344742,3.6174633637538696,survived stellar mass,100 Myr mean
CIGALE,482,10.693640206024241,10.470963036654,10.916317375394483,1.3536818737343164,0.21135980338299354,2.496003944085639,survived stellar mass,100 Myr mean
CIGALE,499,10.373672267561053,10.323672267561053,10.423672267561054,-1.0880001088517275,-3.5729815839552392,1.396981366251784,survived stellar mass,100 Myr mean
CIGALE,513,10.092735364788773,9.917650235589933,10.267820493987612,1.3480572306575935,-0.3182156222468382,3.014330083562025,survived stellar mass,100 Myr mean
CIGALE,528,11.24960274809417,11.181481845270774,11.317723650917564,2.4489809551264177,1.2781149749878757,3.6198469352649596,survived stellar mass,100 Myr mean
CIGALE,533,9.099016074564458,8.931681572383226,9.26635057674569,0.49831514197788307,-0.0967610573943718,1.093391341350138,survived stellar mass,100 Myr mean
CIGALE,570,9.063622237218201,8.864160742404925,9.263083732031477,0.6676211916720288,-0.8690103669019952,2.2042527502460527,survived stellar mass,100 Myr mean
CIGALE,601,9.37211265142563,9.14942908716457,9.594796215686689,0.5200401656078796,-0.043298528189286145,1.0833788594050453,survived stellar mass,100 Myr mean
CIGALE,744,10.11213418648809,9.920425888895759,10.303842484080421,1.2917350254908606,0.27676075461315697,2.306709296368564,survived stellar mass,100 Myr mean
CIGALE,797,10.611496540297537,10.47934417778975,10.743648902805324,1.7220396387781476,-1.386751357206726,4.830830634763021,survived stellar mass,100 Myr mean
CIGALE,931,9.65739764041872,9.494108359217861,9.82068692161958,0.7389303703967467,-0.38709925156072256,1.864959992354216,survived stellar mass,100 Myr mean
CIGALE,952,9.255028555360475,9.011916929093305,9.498140181627646,0.4761136561520623,-0.30967330018364075,1.2619006124877654,survived stellar mass,100 Myr mean
CIGALE,994,9.956503557274026,9.766450149228895,10.146556965319157,1.4079024959802136,0.35491863494210363,2.4608863570183237,survived stellar mass,100 Myr mean
CIGALE,1025,9.816641427322862,9.673822384304012,9.959460470341712,0.7759067483854143,-0.41072158592842767,1.9625350826992563,survived stellar mass,100 Myr mean
CIGALE,1205,8.970695664269385,8.766766975424826,9.174624353113945,0.3787815264329572,-0.34322447526403405,1.1007875281299484,survived stellar mass,100 Myr mean
CIGALE,1256,11.327468824468715,11.218856537110192,11.436081111827239,2.383985612910038,0.661876971846916,4.1060942539731595,survived stellar mass,100 Myr mean
CIGALE,1603,9.323206465888866,9.074812818690209,9.571600113087523,0.8077610236959367,-0.4677268809256183,2.0832489283174915,survived stellar mass,100 Myr mean
CIGALE,1609,9.145962674195953,9.00131481232033,9.290610536071576,0.9579533940750817,-1.2298691206747954,3.145775908824959,survived stellar mass,100 Myr mean
CIGALE,1695,9.179044430594642,9.030384291925804,9.32770456926348,0.7376434712711885,-0.4946249623646831,1.9699119049070601,survived stellar mass,100 Myr mean
CIGALE,1772,9.91468593978526,9.734121835540744,10.095250044029775,1.2864708694764848,-0.8867425540478295,3.459684293000799,survived stellar mass,100 Myr mean
CIGALE,1826,9.087393508212735,8.811250244602139,9.36353677182333,0.8231046178437567,-1.0685685945723666,2.71477783025988,survived stellar mass,100 Myr mean
CIGALE,1848,10.722606393560081,10.485378220538779,10.959834566581383,1.985496493336587,0.7549188604825514,3.2160741261906227,survived stellar mass,100 Myr mean
CIGALE,1851,10.953736147611375,10.875827864566089,11.03164443065666,0.4171983570492108,-4.787550015890401,5.621946729988823,survived stellar mass,100 Myr mean
CIGALE,1862,10.191796765505167,10.010198671071006,10.373394859939328,1.412012477921093,-0.8129931988100367,3.637018154652223,survived stellar mass,100 Myr mean
CIGALE,1872,9.878434422095879,9.755462987792875,10.001405856398883,0.767137286867184,-0.7963537248491857,2.3306282985835534,survived stellar mass,100 Myr mean
CIGALE,1886,10.121349663708175,9.946799087999667,10.295900239416683,1.3445910746694913,-1.0499647333869966,3.7391468827259793,survived stellar mass,100 Myr mean
CIGALE,1918,10.633940599109952,10.499488678891295,10.768392519328609,1.3775822413382914,0.6435482925270452,2.1116161901495376,survived stellar mass,100 Myr mean
CIGALE,2013,10.02003859816172,9.852574689362353,10.187502506961088,1.0981482059986347,0.09334084675625287,2.1029555652410163,survived stellar mass,100 Myr mean
CIGALE,2046,10.034527379783626,9.835255925115229,10.233798834452022,1.2612009260670876,0.35156061517906734,2.170841236955108,survived stellar mass,100 Myr mean
CIGALE,2068,9.155562017332965,8.935270998239737,9.375853036426193,0.22073156336270738,-0.5033384666144249,0.9448015933398397,survived stellar mass,100 Myr mean
CIGALE,2096,9.568104407796532,9.294718011087195,9.84149080450587,0.9366556341653094,0.28702509928168574,1.586286169048933,survived stellar mass,100 Myr mean
CIGALE,2100,9.304261539487566,9.072280716155065,9.536242362820067,0.5593209969642582,-0.09508360202457478,1.213725595953091,survived stellar mass,100 Myr mean
CIGALE,2102,9.387139556936766,9.164494347951344,9.609784765922189,0.5760949096040783,-0.019481092365543073,1.1716709115736996,survived stellar mass,100 Myr mean
CIGALE,2149,9.243427144041993,9.011458147427984,9.475396140656002,0.5129193443533441,-0.09417403915520872,1.120012727861897,survived stellar mass,100 Myr mean
CIGALE,2228,10.620257195657409,10.475862573407097,10.76465181790772,1.7172326218358884,-1.2685619108646773,4.703027154536454,survived stellar mass,100 Myr mean
CIGALE,2583,9.896024096118499,9.674490755881171,10.117557436355826,1.2010162470657122,0.5773576932345054,1.824674800896919,survived stellar mass,100 Myr mean
CIGALE,2697,10.176423827325754,9.99577273018831,10.357074924463198,1.308251234920076,0.42582592058587554,2.190676549254276,survived stellar mass,100 Myr mean
CIGALE,2784,9.528004229318025,9.290999757209816,9.765008701426234,0.8038597338890324,-0.15473829298610742,1.7624577607641723,survived stellar mass,100 Myr mean
CIGALE,2793,10.620498741887301,10.40396876385531,10.837028719919292,2.026756383211624,-1.3543600656076071,5.407872832030855,survived stellar mass,100 Myr mean
CIGALE,2862,10.614703131202425,10.532551564875453,10.696854697529398,1.7699624552211748,-0.5438123344519747,4.0837372448943245,survived stellar mass,100 Myr mean
CIGALE,2903,9.75828570368623,9.565282274346723,9.951289133025737,0.9203138008411289,-0.3221181713896957,2.1627457730719533,survived stellar mass,100 Myr mean
CIGALE,2921,10.300754505597704,10.131028293850928,10.47048071734448,1.479625871554413,-0.25533683965994447,3.2145885827687706,survived stellar mass,100 Myr mean
CIGALE,2976,9.981144526094473,9.759819468631612,10.202469583557335,1.332664179418975,0.46085512867696743,2.204473230160983,survived stellar mass,100 Myr mean
CIGALE,3315,9.090073548498518,8.947831757500177,9.232315339496859,0.5648995682697429,-0.24737712937056178,1.3771762659100475,survived stellar mass,100 Myr mean
CIGALE,3336,9.345647763643273,9.15131179020996,9.539983737076586,0.4684184293842532,-0.2612413207053919,1.1980781794738984,survived stellar mass,100 Myr mean
CIGALE,3371,10.218228498477135,10.094499291654314,10.341957705299956,0.9041598636136811,-3.8923589589515046,5.7006786861788665,survived stellar mass,100 Myr mean
CIGALE,3404,10.243983359939442,10.066226385572593,10.42174033430629,1.320731631801371,0.4865365768760127,2.1549266867267294,survived stellar mass,100 Myr mean
CIGALE,3412,9.44649422830193,9.25369908560469,9.639289370999169,0.5955966955945416,-0.4121553435931017,1.6033487347821849,survived stellar mass,100 Myr mean
CIGALE,3432,9.089081478458622,8.86017932645174,9.317983630465504,0.38450026591683323,-0.43442947336076404,1.2034300051944304,survived stellar mass,100 Myr mean
CIGALE,3451,9.045599290193,8.832728040217932,9.258470540168068,0.2553042401702767,-0.40568925118822224,0.9162977315287757,survived stellar mass,100 Myr mean
CIGALE,3458,9.596798134756462,9.402855638040819,9.790740631472104,0.6622744656846449,-0.0315320287746188,1.3560809601439086,survived stellar mass,100 Myr mean
CIGALE,3591,9.333190344113886,9.068264066884614,9.598116621343157,0.5386497664640306,-0.7846759777110934,1.8619755106391547,survived stellar mass,100 Myr mean
CIGALE,3631,9.309609111073547,9.104040613459134,9.51517760868796,0.6623137849955899,0.0021061089885026085,1.3225214610026772,survived stellar mass,100 Myr mean
CIGALE,3647,11.256335182892906,11.206335182892905,11.306335182892907,-0.36514599812573056,-1.0344839876976115,0.3041919914461504,survived stellar mass,100 Myr mean
CIGALE,3653,9.24278644357266,9.023269010490042,9.462303876655279,0.5365494340634849,-0.05933097115277319,1.132429839279743,survived stellar mass,100 Myr mean
CIGALE,3683,10.410588069875757,10.13927554214596,10.681900597605555,1.6660597114201388,1.2134163137850527,2.118703109055225,survived stellar mass,100 Myr mean
CIGALE,3707,9.252105259776714,9.092012888914095,9.412197630639334,0.6713266548373108,0.034593526771958816,1.3080597829026628,survived stellar mass,100 Myr mean
CIGALE,3767,10.730100857242022,10.68010085724202,10.780100857242022,-0.9506775082039074,-4.425417549249233,2.524062532841418,survived stellar mass,100 Myr mean
CIGALE,3811,9.051072461465845,8.837073990374684,9.265070932557006,0.3960393808745956,-0.26392152228103233,1.0560002840302236,survived stellar mass,100 Myr mean
CIGALE,3871,8.973500740664601,8.841756933569952,9.10524454775925,0.45318001937976016,-0.3927290950144694,1.2990891337739896,survived stellar mass,100 Myr mean
CIGALE,4056,8.905732611489928,8.77911146991813,9.032353753061725,0.6151386011883211,-1.1996627413321275,2.42993994370877,survived stellar mass,100 Myr mean
CIGALE,4062,11.001706401467663,10.931207264567037,11.072205538368289,-0.4999196934225967,-29.694123224593966,28.69428383774877,survived stellar mass,100 Myr mean
CIGALE,4171,10.873066312251973,10.557156732923229,11.188975891580718,1.8230153868719865,0.8186120105529042,2.8274187631910688,survived stellar mass,100 Myr mean
CIGALE,4187,9.794355279952983,9.64319515387756,9.945515406028406,1.3029631918632862,0.45704465822519125,2.148881725501381,survived stellar mass,100 Myr mean
CIGALE,4216,11.310000913278703,11.200279917019204,11.419721909538202,2.3335669288439727,0.28103913003044445,4.3860947276575,survived stellar mass,100 Myr mean
CIGALE,4348,10.62294315169512,10.506380414703536,10.739505888686704,1.689882732927646,-1.111610393900734,4.491375859756026,survived stellar mass,100 Myr mean
CIGALE,4376,11.144941008248933,10.961531513231757,11.32835050326611,2.423488835695997,0.4768204498752029,4.370157221516791,survived stellar mass,100 Myr mean
CIGALE,4459,10.345278524299601,10.2952785242996,10.395278524299602,-0.8866259054584525,-21.520840957621076,19.747589146704172,survived stellar mass,100 Myr mean
CIGALE,4529,11.309539746793412,11.259539746793411,11.359539746793413,-0.2892595070132731,-0.6931662681402757,0.11464725411372956,survived stellar mass,100 Myr mean
CIGALE,4589,9.29009208317234,9.08530968922822,9.49487447711646,0.3403820593306931,-0.299489953912349,0.9802540725737352,survived stellar mass,100 Myr mean
CIGALE,4608,11.104411900158926,11.041243396104463,11.167580404213389,1.418727999620605,-0.8412147385507596,3.6786707377919696,survived stellar mass,100 Myr mean
CIGALE,4644,9.756666234728698,9.544948613718862,9.968383855738534,0.8116001861091966,-1.0327146021018387,2.6559149743202317,survived stellar mass,100 Myr mean
CIGALE,5012,9.934065133310504,9.676050132643654,10.192080133977354,1.2956492655790703,-0.4531018549104491,3.04440038606859,survived stellar mass,100 Myr mean
CIGALE,5068,10.0110710457008,9.90161795049175,10.120524140909852,-0.07371000892985789,-8.773165511696183,8.625745493836467,survived stellar mass,100 Myr mean
CIGALE,5219,9.813945006219736,9.641281161528454,9.986608850911018,0.9435330418752175,0.07448764607652925,1.8125784376739058,survived stellar mass,100 Myr mean
CIGALE,5568,9.498554006519372,9.338945664597421,9.658162348441323,0.5559204869591877,-0.2412091673860609,1.3530501413044362,survived stellar mass,100 Myr mean
CIGALE,5789,9.487728165869026,9.316921311234642,9.65853502050341,0.7231369225280878,-0.6304176809458794,2.076691526002055,survived stellar mass,100 Myr mean
CIGALE,5845,9.183923077908892,8.964260122711632,9.403586033106151,0.2470191751379857,-1.110327474782309,1.6043658250582806,survived stellar mass,100 Myr mean
CIGALE,5950,10.330019600629505,10.254701679666617,10.405337521592394,-0.37191463424901516,-78.54650533493512,77.8026760664371,survived stellar mass,100 Myr mean
CIGALE,6141,9.704218810285944,9.495565506014751,9.912872114557137,1.1606053475199978,0.3582039910345778,1.9630067040054178,survived stellar mass,100 Myr mean
CIGALE,6159,9.569651161473317,9.404449263219048,9.734853059727586,1.0391981342099257,0.2531027848689107,1.8252934835509407,survived stellar mass,100 Myr mean
CIGALE,6221,11.10314453916203,10.972347530867816,11.233941547456242,2.2033014169632272,-0.04290846716746133,4.449511301093915,survived stellar mass,100 Myr mean
CIGALE,6401,10.709555551882618,10.603117353169857,10.815993750595378,1.2648901375603794,-19.629742271875187,22.159522546995944,survived stellar mass,100 Myr mean
CIGALE,6665,9.513308264314425,9.265268076459357,9.761348452169493,0.9392794265441607,-0.20285341510973687,2.0814122681980582,survived stellar mass,100 Myr mean
CIGALE,7011,10.109304529085268,9.94803793735517,10.270571120815365,1.246880830678591,0.07800686672012014,2.4157547946370617,survived stellar mass,100 Myr mean
CIGALE,7094,8.755663419416543,8.656494301368808,8.854832537464278,0.4443594280839147,-1.0685274000622724,1.9572462562301018,survived stellar mass,100 Myr mean
CIGALE,7183,11.142207820368148,11.001751288827691,11.282664351908604,2.288429585941388,-0.2784812289283001,4.855340400811077,survived stellar mass,100 Myr mean
CIGALE,7195,10.995580482612615,10.88562981255618,11.10553115266905,2.0028708590332487,-0.38400642353552206,4.38974814160202,survived stellar mass,100 Myr mean
CIGALE,7219,10.764679594796327,10.714679594796326,10.814679594796328,-0.9405702255258224,-1.1325962215008682,-0.7485442295507766,survived stellar mass,100 Myr mean
CIGALE,7603,9.042971157873792,8.905317900084214,9.18062441566337,0.5641899883849596,-0.5084126470669118,1.6367926238368309,survived stellar mass,100 Myr mean
CIGALE,7649,9.466389220035213,9.256495864604899,9.676282575465526,0.6870478075633629,-0.08192470805570373,1.4560203231824296,survived stellar mass,100 Myr mean
CIGALE,7764,9.435962863131062,9.237110664826462,9.634815061435662,0.7109432856345098,-0.3771693018182639,1.7990558730872834,survived stellar mass,100 Myr mean
CIGALE,7772,9.7094777482764,9.53847186223583,9.88048363431697,0.818836862427306,-0.12382793032404316,1.7615016551786553,survived stellar mass,100 Myr mean
CIGALE,7837,10.583061970993498,10.394741421271995,10.771382520715001,1.7700347171772837,0.6344406699981213,2.905628764356446,survived stellar mass,100 Myr mean
CIGALE,7886,10.888399770220746,10.761617576369511,11.01518196407198,1.2491425493407522,-0.09867543931207212,2.5969605379935765,survived stellar mass,100 Myr mean
CIGALE,7988,9.974484251686505,9.796228022099461,10.152740481273549,1.1818082347421317,-0.32579312080475953,2.689409590289023,survived stellar mass,100 Myr mean
CIGALE,8038,9.778888735141146,9.658012262635037,9.899765207647256,0.6828599723301303,-0.6419096172020793,2.00762956186234,survived stellar mass,100 Myr mean
CIGALE,8041,10.65919979910127,10.609199799101269,10.70919979910127,-1.0124502966223454,-5.379189627528424,3.354289034283733,survived stellar mass,100 Myr mean
CIGALE,8067,10.577845829680685,10.527845829680684,10.627845829680686,-0.07250504709114805,-7.487207427174072,7.342197332991775,survived stellar mass,100 Myr mean
CIGALE,8113,9.258171584277104,9.076468111595444,9.439875056958764,0.5960850996371329,-0.17902407083530858,1.3711942701095743,survived stellar mass,100 Myr mean
CIGALE,8154,10.563305233910516,10.431247024939802,10.695363442881229,1.6977612908815751,-1.4844914664503026,4.880014048213453,survived stellar mass,100 Myr mean
CIGALE,8167,10.780039199434846,10.505493663504994,11.054584735364697,1.8088338823419963,0.10638897754132848,3.511278787142664,survived stellar mass,100 Myr mean
CIGALE,8402,10.023242230535287,9.860617911480505,10.185866549590068,1.1720645492313295,0.19100310576997592,2.153125992692683,survived stellar mass,100 Myr mean
CIGALE,8461,9.198768010282112,8.991464836208776,9.406071184355449,0.542675563521358,-0.2749165991387652,1.3602677261814813,survived stellar mass,100 Myr mean
CIGALE,8540,9.184952819981948,8.97496910088589,9.394936539078007,0.30504177452679265,-0.2406712700230354,0.8507548190766208,survived stellar mass,100 Myr mean
CIGALE,8586,9.11453822487236,8.900791652915906,9.328284796828815,0.6777433027259308,-0.7455331732894379,2.1010197787412994,survived stellar mass,100 Myr mean
CIGALE,8976,9.101431101347622,8.92670365376671,9.276158548928533,0.5254722090245496,-0.1708923886908873,1.2218368067399865,survived stellar mass,100 Myr mean
CIGALE,9026,10.558639757192429,10.499793568933399,10.61748594545146,0.8778990503608938,-1.4987101883183316,3.2545082890401194,survived stellar mass,100 Myr mean
CIGALE,9372,8.859849293354065,8.706919687543774,9.012778899164356,0.24198723358506022,-0.3359370842908168,0.8199115514609373,survived stellar mass,100 Myr mean
CIGALE,9380,9.88734646583755,9.669951041095128,10.104741890579973,1.3490953201753078,-1.2122329014052546,3.91042354175587,survived stellar mass,100 Myr mean
CIGALE,9606,8.9971657586204,8.788221298994877,9.206110218245922,0.34995164878274293,-0.3636648099543201,1.063568107519806,survived stellar mass,100 Myr mean
CIGALE,9769,10.95369525693011,10.778156951909542,11.129233561950679,2.2228723470839507,0.7733617646425885,3.6723829295253125,survived stellar mass,100 Myr mean
CIGALE,9871,9.659149568151204,9.453168354642804,9.865130781659603,0.8499740393302051,0.14633178445492767,1.5536162942054825,survived stellar mass,100 Myr mean
CIGALE,9884,9.556276772781718,9.380089122910656,9.73246442265278,1.1414187971150678,-0.036142499712365606,2.318980093942501,survived stellar mass,100 Myr mean
CIGALE,10056,9.676115054623262,9.546204963955038,9.806025145291486,0.588537321100759,-1.3512080326474711,2.528282674848989,survived stellar mass,100 Myr mean
CIGALE,10075,8.934298599807368,8.830801548578096,9.03779565103664,0.31142690538926016,-0.2658020973350759,0.8886559081135963,survived stellar mass,100 Myr mean
CIGALE,10099,10.006397628957616,9.800812930010649,10.211982327904584,1.2030393826073804,0.06356530608277455,2.342513459131986,survived stellar mass,100 Myr mean
CIGALE,10246,9.185565360292454,9.007831937431764,9.363298783153144,0.4860624216889495,-0.27249164147595534,1.2446164848538543,survived stellar mass,100 Myr mean
CIGALE,10413,11.305917155469706,11.17997067780042,11.431863633138992,2.296809836464916,-0.14551666115420758,4.73913633408404,survived stellar mass,100 Myr mean
CIGALE,10465,9.36600713594764,9.185494942792163,9.546519329103118,0.6502626464705273,0.034435942428687305,1.2660893505123674,survived stellar mass,100 Myr mean
CIGALE,10496,10.53802116880328,10.383528241418116,10.692514096188443,1.3285214339681322,-0.415389409823963,3.0724322777602273,survived stellar mass,100 Myr mean
CIGALE,10679,9.888356249567382,9.666894255790538,10.109818243344225,1.2896649138477614,0.3389332673223998,2.240396560373123,survived stellar mass,100 Myr mean
CIGALE,11058,9.86540456278937,9.672690728026545,10.058118397552196,1.075454752830643,-0.06105864535063499,2.211968151011921,survived stellar mass,100 Myr mean
CIGALE,11156,9.229176993641989,9.066672814681024,9.391681172602954,0.708894496280285,-0.14166721333644605,1.559456205897016,survived stellar mass,100 Myr mean
CIGALE,11425,9.147141804178334,8.899698624687321,9.394584983669347,0.5109232849586035,-0.5911220366385382,1.6129686065557451,survived stellar mass,100 Myr mean
CIGALE,11618,10.440939471146901,10.239857547226931,10.642021395066871,1.7064393432561282,0.39065910434243456,3.022219582169822,survived stellar mass,100 Myr mean
CIGALE,11981,10.734450261785558,10.653516752283064,10.815383771288051,-0.3547729157475658,-15.794030099694496,15.084484268199365,survived stellar mass,100 Myr mean
CIGALE,12216,9.711335810643286,9.522918246780051,9.89975337450652,0.8502890263317364,-0.022013954305775685,1.7225920069692484,survived stellar mass,100 Myr mean
CIGALE,12304,9.732835082822437,9.495357102893092,9.970313062751782,1.0993806381505127,0.22799916353833694,1.9707621127626884,survived stellar mass,100 Myr mean
CIGALE,12354,9.030069496346703,8.870032798012604,9.190106194680803,0.46908687106733926,-0.18708381532782303,1.1252575574625014,survived stellar mass,100 Myr mean
CIGALE,12588,9.326735674073651,9.119868967038078,9.533602381109224,0.5603587505355102,-0.15980096408532474,1.2805184651563453,survived stellar mass,100 Myr mean
CIGALE,12829,9.552361012710115,9.407708111510345,9.697013913909885,0.5250109194859179,-0.35791761745923034,1.407939456431066,survived stellar mass,100 Myr mean
CIGALE,12997,9.6293994719641,9.39167109953728,9.867127844390918,1.0086557126076294,0.11929916247466532,1.8980122627405935,survived stellar mass,100 Myr mean
CIGALE,13086,9.149023790696596,8.966263619969125,9.331783961424067,0.5109555529076625,-0.06513393265672596,1.087045038472051,survived stellar mass,100 Myr mean
CIGALE,13097,10.483531659666728,10.295890515107564,10.671172804225892,1.6927432324202065,0.4600047667202216,2.9254816981201914,survived stellar mass,100 Myr mean
CIGALE,13249,9.940797201691904,9.765396914037401,10.116197489346407,1.2585646953660592,-0.3173058595911957,2.834435250323314,survived stellar mass,100 Myr mean
CIGALE,13312,9.4900488561523,9.343373976109469,9.636723736195133,0.7524673266444682,-0.09642459905742284,1.6013592523463593,survived stellar mass,100 Myr mean
CIGALE,13400,9.609593571950994,9.43373273803774,9.785454405864247,1.0920648403390092,0.31098291343464957,1.8731467672433688,survived stellar mass,100 Myr mean
CIGALE,13601,11.197962648193466,11.06367612901252,11.33224916737441,2.3161651267868324,0.2555896470326786,4.376740606540986,survived stellar mass,100 Myr mean
CIGALE,13637,10.834413923374138,10.784413923374137,10.884413923374138,-0.07299050838166352,-4.298410616713036,4.152429599949708,survived stellar mass,100 Myr mean
CIGALE,13890,9.458210632079112,9.291936766762317,9.624484497395907,0.546180278698752,-0.5512003455111925,1.6435609029086964,survived stellar mass,100 Myr mean
CIGALE,13903,9.414157549065218,9.233917120801186,9.59439797732925,0.6788564506053651,-0.3293428137006864,1.6870557149114167,survived stellar mass,100 Myr mean
CIGALE,13995,9.03376387058118,8.80484233590852,9.262685405253839,0.5303635448445401,-0.7535219914336038,1.814249081122684,survived stellar mass,100 Myr mean
CIGALE,14098,9.569418146135996,9.422993583527635,9.715842708744358,0.8348345285143651,0.17294994806624286,1.4967191089624874,survived stellar mass,100 Myr mean
CIGALE,14099,9.934459887681545,9.726831390739894,10.142088384623195,1.1789383582895276,0.47984142617525183,1.8780352904038033,survived stellar mass,100 Myr mean
CIGALE,14222,9.116779841025856,8.978577368102027,9.254982313949686,0.49068351269785504,-0.36795715695299647,1.3493241823487065,survived stellar mass,100 Myr mean
CIGALE,14246,10.481983200513945,10.169693748327179,10.79427265270071,2.015091380611171,-0.2703085737409143,4.300491334963256,survived stellar mass,100 Myr mean
CIGALE,14288,9.184746777966337,9.059485639170386,9.310007916762288,0.6723208628048758,-0.19627926545755636,1.540920991067308,survived stellar mass,100 Myr mean
CIGALE,14637,10.336179225516474,10.177874553792659,10.49448389724029,1.3827929189530421,0.4854336147725037,2.2801522231335807,survived stellar mass,100 Myr mean
CIGALE,14650,9.061036550251679,8.833832926674166,9.288240173829191,0.3036952960376487,-0.395149557398319,1.0025401494736164,survived stellar mass,100 Myr mean
CIGALE,14773,9.565890680595903,9.321754732335275,9.81002662885653,0.8776475199224987,0.2302710717224863,1.525023968122511,survived stellar mass,100 Myr mean
CIGALE,14782,9.601699521768746,9.466894773825873,9.736504269711618,1.0622991585323207,0.4157215575557319,1.7088767595089096,survived stellar mass,100 Myr mean
CIGALE,15122,10.24220184187046,10.094048055751763,10.390355627989155,1.308231464408824,0.2141139762050317,2.4023489526126163,survived stellar mass,100 Myr mean
CIGALE,15154,9.557459683161799,9.482812315759086,9.632107050564512,0.8214934775828907,-0.366194799667816,2.0091817548335973,survived stellar mass,100 Myr mean
CIGALE,15300,9.088495217349845,8.903976279057753,9.273014155641937,0.19251450189051283,-0.4742043557564474,0.859233359537473,survived stellar mass,100 Myr mean
CIGALE,15336,11.012101103222758,10.798193428269625,11.22600877817589,2.7258935022827937,-2.4085524166058305,7.8603394211714175,survived stellar mass,100 Myr mean
CIGALE,15585,9.183869844098611,8.99727647296221,9.370463215235013,0.6111026700095988,-0.15559113339868846,1.3777964734178862,survived stellar mass,100 Myr mean
CIGALE,15704,9.347565497267553,9.211974471851118,9.483156522683988,0.8010003520038154,0.1002383623513673,1.5017623416562635,survived stellar mass,100 Myr mean
CIGALE,15746,9.113067451869528,8.97455730625459,9.251577597484465,0.5452533564507664,-0.06493555709294652,1.1554422699944795,survived stellar mass,100 Myr mean
CIGALE,15753,9.693471252432758,9.524154331325596,9.86278817353992,0.71571758464584,-0.015116778238829731,1.4465519475305098,survived stellar mass,100 Myr mean
CIGALE,15775,10.669117874673777,10.511620385694343,10.826615363653211,1.8501642502565752,-0.36718954301841955,4.06751804353157,survived stellar mass,100 Myr mean
CIGALE,15870,9.68357047793654,9.419636979418826,9.947503976454254,1.380830374613238,-0.5056636076926047,3.2673243569190804,survived stellar mass,100 Myr mean
CIGALE,15924,9.735627239709642,9.42405563384755,10.047198845571733,1.3256681357683116,-0.4179364879029326,3.0692727594395555,survived stellar mass,100 Myr mean
CIGALE,15959,9.767702535434104,9.580870271473646,9.954534799394562,0.857832427914945,0.06653626263066847,1.6491285931992214,survived stellar mass,100 Myr mean
CIGALE,15967,10.332553472297421,10.159529956128466,10.505576988466377,1.5483827100736323,-0.6317065599092466,3.7284719800565114,survived stellar mass,100 Myr mean
CIGALE,15988,9.814557093888954,9.634335340598597,9.994778847179312,0.9225222790226701,0.01864888509962037,1.8263956729457198,survived stellar mass,100 Myr mean
CIGALE,15991,9.233316319691294,9.08816973303421,9.378462906348378,0.5343524978957677,-0.442733053723556,1.5114380495150912,survived stellar mass,100 Myr mean
CIGALE,16048,10.038042435120975,9.865292582915822,10.210792287326127,1.2468625169154874,-0.3442285949426487,2.8379536287736236,survived stellar mass,100 Myr mean
CIGALE,16049,10.38967653128017,10.123021909508415,10.656331153051925,1.8289499441377715,1.1986419924489848,2.459257895826558,survived stellar mass,100 Myr mean
CIGALE,16123,9.723160001798941,9.5490612645822,9.897258739015683,0.8617353051724954,-0.37986349835724376,2.1033341087022346,survived stellar mass,100 Myr mean
CIGALE,16236,9.454156084406035,9.32860152068019,9.579710648131881,1.1451381083863177,-0.413185395508485,2.7034616122811204,survived stellar mass,100 Myr mean
CIGALE,16275,9.248987691403283,9.038075266958108,9.459900115848457,0.5382213182690262,-0.027005951322384925,1.1034485878604374,survived stellar mass,100 Myr mean
CIGALE,16336,11.05485503352767,11.004855033527669,11.10485503352767,-0.6507922469872988,-0.8429222606820621,-0.4586622332925354,survived stellar mass,100 Myr mean
CIGALE,16360,10.586789837146075,10.536789837146074,10.636789837146075,-0.8002854327283757,-3.52245485827415,1.9218839928173985,survived stellar mass,100 Myr mean
CIGALE,16435,10.919567809042988,10.807021785628132,11.032113832457844,1.7813998831554319,-0.8972495944742263,4.46004936078509,survived stellar mass,100 Myr mean
CIGALE,16440,10.975330913745337,10.794798386309393,11.15586344118128,2.3538511037889522,-0.32887872730503354,5.036580934882938,survived stellar mass,100 Myr mean
CIGALE,16455,10.485727111269524,10.26571569921868,10.705738523320369,1.8455056873215017,0.7988590297335452,2.892152344909458,survived stellar mass,100 Myr mean
CIGALE,16514,10.826256592613605,10.775145068239544,10.877368116987666,0.984475975936101,-0.042307931784984154,2.0112598836571864,survived stellar mass,100 Myr mean
CIGALE,16697,9.87995409409245,9.64163073687921,10.118277451305692,1.3121464848604751,0.2342366028178373,2.3900563669031127,survived stellar mass,100 Myr mean
CIGALE,16714,9.787405504497062,9.618300722641658,9.956510286352467,0.9075801461542193,-0.38397887630645633,2.199139168614895,survived stellar mass,100 Myr mean
CIGALE,16854,9.807930628902032,9.597759564262024,10.01810169354204,1.0430172832023739,0.13192497925419178,1.954109587150556,survived stellar mass,100 Myr mean
CIGALE,16871,8.951641251762439,8.815962882428583,9.087319621096295,0.5974341562213369,-0.9927488830360575,2.1876171954787313,survived stellar mass,100 Myr mean
CIGALE,16921,9.977212672304617,9.918889439390924,10.03553590521831,0.387765921893214,-7.828422470905117,8.603954314691546,survived stellar mass,100 Myr mean
CIGALE,17026,9.06258336803904,8.911905641927296,9.213261094150782,0.5202475112846865,-0.531118078920729,1.571613101490102,survived stellar mass,100 Myr mean
CIGALE,17062,9.796923563357444,9.657985937352272,9.935861189362615,0.7946040881390671,-1.3105788223809807,2.899786998659115,survived stellar mass,100 Myr mean
CIGALE,17064,10.375186765772076,10.291912744729851,10.458460786814301,-0.6381041947115463,-49.72903371922037,48.45282532979728,survived stellar mass,100 Myr mean
CIGALE,17098,9.222696002740925,9.042936886859435,9.402455118622415,0.5796214811847558,0.016278839117764732,1.1429641232517467,survived stellar mass,100 Myr mean
CIGALE,17185,9.254102405367304,9.071529332112494,9.436675478622114,0.47133215549817137,-0.14809345725414785,1.0907577682504905,survived stellar mass,100 Myr mean
CIGALE,17211,10.850589446192888,10.662509009169852,11.038669883215924,2.10652573169842,-0.3194289762674942,4.532480439664335,survived stellar mass,100 Myr mean
CIGALE,17214,10.255113406371697,10.147951595264125,10.362275217479269,1.292629841711501,-1.0965017961408086,3.6817614795638107,survived stellar mass,100 Myr mean
CIGALE,17225,9.329150911846643,9.103175817466722,9.555126006226564,0.44308211392852587,-0.09276683507790334,0.978931062934955,survived stellar mass,100 Myr mean
CIGALE,17233,9.483598356997488,9.262697402348532,9.704499311646444,0.9114672146635555,0.11333314170022268,1.7096012876268882,survived stellar mass,100 Myr mean
CIGALE,17245,10.612058244058561,10.39320485601812,10.830911632099003,1.4043308358086433,0.4148213364462414,2.393840335171045,survived stellar mass,100 Myr mean
CIGALE,17254,9.568552945103304,9.409081476256752,9.728024413949857,0.5197969026958477,-0.17412922828220567,1.2137230336739009,survived stellar mass,100 Myr mean
CIGALE,17265,9.94724080872777,9.73787562612966,10.156605991325879,1.2892328713721746,0.517916996421761,2.060548746322588,survived stellar mass,100 Myr mean
CIGALE,17376,10.2172406540052,10.018513838608158,10.415967469402243,1.5297577818345576,0.6456995041771842,2.413816059491931,survived stellar mass,100 Myr mean
CIGALE,17418,11.678845999398545,11.61325256234432,11.74443943645277,0.025331390041617753,-0.9578560428542198,1.0085188229374553,survived stellar mass,100 Myr mean
CIGALE,17422,9.31294514543589,9.170752328313093,9.455137962558688,0.8947292242544284,-0.45738061886046,2.246839067369317,survived stellar mass,100 Myr mean
CIGALE,17433,11.092725123450714,11.042725123450714,11.142725123450715,-0.5745495161028032,-6.639549936503986,5.490450904298379,survived stellar mass,100 Myr mean
CIGALE,17474,9.457594865002633,9.31939875887755,9.595790971127716,0.9499371356248766,-0.12140184550143018,2.0212761167511832,survived stellar mass,100 Myr mean
CIGALE,17652,9.63015648962759,9.42583411227805,9.834478866977129,1.1311559050796103,-5.9248702461767166e-05,2.2623710588616825,survived stellar mass,100 Myr mean
CIGALE,17843,9.634797640007216,9.488670153077933,9.780925126936499,1.0559365399134237,0.4066130753127417,1.7052600045141058,survived stellar mass,100 Myr mean
CIGALE,18048,10.752785153699419,10.702785153699418,10.80278515369942,-0.923875555464176,-1.2163106434058883,-0.6314404675224636,survived stellar mass,100 Myr mean
CIGALE,18130,10.695418670549177,10.645418670549176,10.745418670549178,-1.0213032219510352,-1.1361314405356593,-0.9064750033664111,survived stellar mass,100 Myr mean
CIGALE,18132,10.310776891994218,10.13593995826636,10.485613825722076,1.515762079523569,-0.3929162666428869,3.4244404256900247,survived stellar mass,100 Myr mean
CIGALE,18146,9.056341738770222,8.824308511119238,9.288374966421205,0.9307660922469035,-1.9458511323940666,3.807383316887874,survived stellar mass,100 Myr mean
CIGALE,18160,11.18888429004736,11.060938613317484,11.316829966777236,2.204268120979854,-0.5914536183823018,4.99998986034201,survived stellar mass,100 Myr mean
CIGALE,18326,10.601990008202856,10.457253542657995,10.746726473747717,1.6358008062392484,0.3881857158526727,2.883415896625824,survived stellar mass,100 Myr mean
CIGALE,18375,8.944085445941532,8.843044171707882,9.045126720175181,0.6190699807469746,-0.9574887613749343,2.1956287228688836,survived stellar mass,100 Myr mean
CIGALE,18380,9.639569053309936,9.470120038577205,9.809018068042667,0.9643928871934407,0.19596765961561136,1.7328181147712702,survived stellar mass,100 Myr mean
CIGALE,18405,9.157530534588522,8.956827623054794,9.35823344612225,0.48264239348584903,-0.08450452973096945,1.0497893167026675,survived stellar mass,100 Myr mean
CIGALE,18413,8.990878056326151,8.805458146631505,9.176297966020798,0.4268190469861539,-0.39943223622341706,1.253070330195725,survived stellar mass,100 Myr mean
CIGALE,18443,9.477225015762766,9.286613241852384,9.667836789673148,0.5745610583815849,-0.15988721608873213,1.309009332851902,survived stellar mass,100 Myr mean
CIGALE,18572,8.960821956800306,8.828221833758766,9.093422079841845,0.5211156705782969,-0.6760760360885436,1.7183073772451374,survived stellar mass,100 Myr mean
CIGALE,18619,9.84577168063963,9.708130588742264,9.983412772536994,0.8891960525757303,-0.6950085615520494,2.47340066670351,survived stellar mass,100 Myr mean
CIGALE,18661,10.459323281559493,10.335874203540735,10.582772359578252,1.5208885413259499,-1.334950374560526,4.376727457212426,survived stellar mass,100 Myr mean
CIGALE,18715,10.469659015012454,10.337876986031066,10.601441043993841,1.6142399455905438,-0.6696863909890134,3.8981662821701013,survived stellar mass,100 Myr mean
CIGALE,18732,9.49814642998472,9.316311911349562,9.679980948619878,0.643701693103743,-0.35942268743661276,1.6468260736440987,survived stellar mass,100 Myr mean
CIGALE,18767,10.308959982912333,10.222132309817903,10.395787656006762,1.6777725533176557,-0.1535591761492685,3.50910428278458,survived stellar mass,100 Myr mean
CIGALE,18821,10.891267442088886,10.559813180680768,11.222721703497003,2.183679965822119,-0.22557337107288777,4.5929333027171255,survived stellar mass,100 Myr mean
CIGALE,18908,9.776815182755335,9.58090359276794,9.97272677274273,0.9300916115848371,0.09009120674262072,1.7700920164270535,survived stellar mass,100 Myr mean
CIGALE,18941,10.359914249842072,10.309914249842071,10.409914249842073,-1.3387987048134633,-1.562088533404034,-1.1155088762228926,survived stellar mass,100 Myr mean
CIGALE,18946,9.291868230103209,9.103465925162734,9.480270535043683,0.5633850250763187,-0.369720247029551,1.4964902971821883,survived stellar mass,100 Myr mean
CIGALE,19133,9.147597220923888,8.924846523379474,9.370347918468303,0.31571756394169553,-0.21905389599223807,0.8504890238756291,survived stellar mass,100 Myr mean
CIGALE,19136,10.026536964869901,9.847103270061776,10.205970659678027,1.1229237196908004,0.38422216167172796,1.861625277709873,survived stellar mass,100 Myr mean
CIGALE,19176,9.336193245337647,9.131797422457888,9.540589068217406,0.5722189641089904,-0.4175022366721597,1.5619401648901405,survived stellar mass,100 Myr mean
CIGALE,19202,9.236953113743331,9.053991888656709,9.419914338829953,0.41766218780515885,-0.2877830532341019,1.1231074288444196,survived stellar mass,100 Myr mean
CIGALE,19422,10.467897111622365,10.334518443728587,10.601275779516143,1.609697081035415,-1.2356791901622595,4.455073352233089,survived stellar mass,100 Myr mean
CIGALE,19508,10.917508086675301,10.715144242169822,11.11987193118078,2.565683553329772,-4.698227763530179,9.829594870189723,survived stellar mass,100 Myr mean
CIGALE,19633,10.173311826326458,9.987205597361097,10.359418055291819,1.3494157152012682,0.1628218096413956,2.536009620761141,survived stellar mass,100 Myr mean
CIGALE,20066,9.219129335892921,9.110533883080633,9.32772478870521,0.8074909492140672,-0.4796814412107042,2.0946633396388386,survived stellar mass,100 Myr mean
CIGALE,20168,10.21259830342704,10.00862226560491,10.41657434124917,1.4410212187625921,0.6195925726212982,2.262449864903886,survived stellar mass,100 Myr mean
CIGALE,20261,9.68317801051131,9.505125495975726,9.861230525046896,0.7716414507031434,0.054947571583073174,1.4883353298232136,survived stellar mass,100 Myr mean
CIGALE,20344,9.751789115024883,9.575082117897523,9.928496112152242,1.1140742706628346,0.44071761916426455,1.7874309221614046,survived stellar mass,100 Myr mean
CIGALE,20539,9.53059561217796,9.36100222985182,9.7001889945041,0.9281318569629533,0.07041089533601752,1.785852818589889,survived stellar mass,100 Myr mean
CIGALE,20627,9.686119931029179,9.481649524767352,9.890590337291005,0.9026344641142372,0.2079957190011975,1.5972732092272768,survived stellar mass,100 Myr mean
CIGALE,20639,10.7136664357465,10.591735449924172,10.835597421568828,1.7833990595268208,-0.47684524072794265,4.043643359781584,survived stellar mass,100 Myr mean
CIGALE,20663,9.10028171339871,8.953766158167392,9.246797268630027,0.5288719223252639,-0.08438325990069007,1.1421271045512178,survived stellar mass,100 Myr mean
CIGALE,20860,8.98211394658363,8.787818987681208,9.176408905486051,0.26559327278602207,-0.22186415637488693,0.753050701946931,survived stellar mass,100 Myr mean
CIGALE,21038,10.522661088682783,10.395645631734872,10.649676545630694,1.6212666092641361,-0.7928387787152589,4.035371997243531,survived stellar mass,100 Myr mean
CIGALE,21174,9.61781653608718,9.454771363836151,9.780861708338207,0.5811723286170286,-0.4854382043497908,1.6477828615838481,survived stellar mass,100 Myr mean
CIGALE,21201,9.253291419214673,9.099819249629329,9.406763588800017,0.22273618982080295,-0.6023862515023508,1.0478586311439566,survived stellar mass,100 Myr mean
CIGALE,21226,9.48370163202215,9.290720383503922,9.676682880540378,0.709602423070104,-0.5442639809137736,1.9634688270539815,survived stellar mass,100 Myr mean
CIGALE,21315,8.917269962454865,8.78792863760477,9.04661128730496,0.34711023156314413,-0.3199682944831028,1.014188757609391,survived stellar mass,100 Myr mean
CIGALE,21329,9.952985335494645,9.670769290641323,10.235201380347968,1.3865888537380373,0.022565277067349454,2.750612430408725,survived stellar mass,100 Myr mean
CIGALE,21379,9.698455257215146,9.435776272819501,9.961134241610791,1.168957348369854,0.1051482659893781,2.2327664307503303,survived stellar mass,100 Myr mean
CIGALE,21708,10.647761187083406,10.511263029743706,10.784259344423106,2.0805902135392342,0.08790164990437743,4.073278777174091,survived stellar mass,100 Myr mean
CIGALE,21772,10.894100180497857,10.832454161582067,10.955746199413646,-0.7598865092445268,-1.108795132325279,-0.41097788616377484,survived stellar mass,100 Myr mean
CIGALE,21894,10.485203831074303,10.428991553230546,10.54141610891806,-1.1845221027242996,-1.4966025249481958,-0.8724416805004034,survived stellar mass,100 Myr mean
CIGALE,21926,11.08844149737646,11.038441497376459,11.13844149737646,-0.5799848080661083,-0.8887123229488944,-0.27125729318332226,survived stellar mass,100 Myr mean
CIGALE,21963,9.468500747019037,9.259761096272062,9.677240397766013,0.6238462584635333,-0.05408933887989198,1.3017818558069585,survived stellar mass,100 Myr mean
CIGALE,21971,9.269663539457156,9.14112188316407,9.398205195750242,1.0083340294901224,-1.5077176952923135,3.5243857542725583,survived stellar mass,100 Myr mean
CIGALE,22002,11.385450617309294,11.331211323572806,11.439689911045782,-0.24648316900906697,-0.8557632230023293,0.3627968849841954,survived stellar mass,100 Myr mean
CIGALE,22059,10.895885814061874,10.766995320884478,11.02477630723927,1.9762532172347507,-0.24177588592413835,4.19428232039364,survived stellar mass,100 Myr mean
CIGALE,22173,10.561528256465625,10.322898049814919,10.80015846311633,2.076876568656626,-0.9346117292272735,5.088364866540526,survived stellar mass,100 Myr mean
CIGALE,22279,10.58782566833484,10.436285232856427,10.739366103813254,1.8168160075379058,0.04123181050607072,3.592400204569741,survived stellar mass,100 Myr mean
CIGALE,22312,8.868340493771694,8.71997090978143,9.016710077761957,0.2843495311883545,-0.36855079320700634,0.9372498555837153,survived stellar mass,100 Myr mean
CIGALE,22343,10.073053826796382,9.942710282513499,10.203397371079266,0.951169193503859,-0.2971282416190201,2.199466628626738,survived stellar mass,100 Myr mean
CIGALE,22371,11.004058552569976,10.798216141621518,11.209900963518434,2.3717447406958025,0.9212045597619107,3.822284921629694,survived stellar mass,100 Myr mean
CIGALE,22385,10.29764927923783,10.112554496220376,10.482744062255282,1.4220485836210015,0.24225212323209266,2.6018450440099103,survived stellar mass,100 Myr mean
CIGALE,22456,10.73005095732589,10.524976720527341,10.935125194124439,1.5668925531277247,0.24627716922145337,2.887507937033996,survived stellar mass,100 Myr mean
CIGALE,22632,8.98642091272001,8.877073529902399,9.095768295537622,0.4727594989196621,-0.5255189462963876,1.471037944135712,survived stellar mass,100 Myr mean
CIGALE,22697,9.226797481995163,9.050132959136478,9.403462004853848,0.29973926847178595,-0.6851790277484666,1.2846575646920384,survived stellar mass,100 Myr mean
CIGALE,22727,8.946883594704826,8.80760510424164,9.086162085168011,0.37905544138965247,-0.32235361111717525,1.0804644938964802,survived stellar mass,100 Myr mean
CIGALE,22795,10.230213725838231,10.106338446926195,10.354089004750268,1.1432391519606788,-3.3320082128182653,5.618486516739623,survived stellar mass,100 Myr mean
CIGALE,22804,9.334247909926694,9.111249857691364,9.557245962162023,0.6316710648557147,-0.06571610450313403,1.3290582342145634,survived stellar mass,100 Myr mean
CIGALE,22833,9.602072479448708,9.431789577363059,9.772355381534357,0.898033693222816,-0.37958200873408143,2.1756493951797133,survived stellar mass,100 Myr mean
CIGALE,22834,10.65514243424327,10.510187956243843,10.800096912242697,2.6327398578974526,-1.949709643700281,7.215189359495186,survived stellar mass,100 Myr mean
CIGALE,22847,10.411549925689512,10.356247270554666,10.466852580824357,-0.5502111483076586,-1.7395032265160972,0.63908092990078,survived stellar mass,100 Myr mean
CIGALE,22857,10.109362102104882,9.958666904030576,10.260057300179188,1.0739721919981184,0.27626303161072696,1.8716813523855098,survived stellar mass,100 Myr mean
CIGALE,22919,10.856634706700818,10.783805109529473,10.929464303872164,-0.6028660940106376,-10.441739770682284,9.236007582661008,survived stellar mass,100 Myr mean
CIGALE,23053,10.087873092723159,9.893919219928401,10.281826965517917,1.4140185704961319,0.7016840554676017,2.126353085524662,survived stellar mass,100 Myr mean
CIGALE,23086,9.324482987092283,9.026032370292565,9.622933603892001,0.7405134636208047,-0.36509180314371836,1.846118730385328,survived stellar mass,100 Myr mean
CIGALE,23156,9.248354379586411,9.119415637861447,9.377293121311375,0.6820713848164159,-0.1219396512952099,1.4860824209280419,survived stellar mass,100 Myr mean
CIGALE,23250,9.871213483818053,9.658791576098357,10.083635391537749,0.9805768527546618,-1.2074430745511004,3.168596780060424,survived stellar mass,100 Myr mean
CIGALE,23316,10.169519225090644,10.014272969342429,10.32476548083886,0.9252115076154322,-0.9892658692879538,2.8396888845188184,survived stellar mass,100 Myr mean
CIGALE,23351,9.340880119900637,9.257442144090309,9.424318095710966,0.5282502571640852,0.06301305916619443,0.9934874551619761,survived stellar mass,100 Myr mean
CIGALE,23441,10.421976734162206,10.304128964430376,10.539824503894035,1.4232590088051693,-0.9525488583644552,3.799066875974794,survived stellar mass,100 Myr mean
CIGALE,23451,9.459612957722708,9.244500042634414,9.674725872811003,0.5989571369788373,-0.1630000330990361,1.360914307056711,survived stellar mass,100 Myr mean
CIGALE,23491,9.891375807423978,9.825942080372057,9.9568095344759,-0.21805151700161043,-4.8031009685519415,4.366997934548721,survived stellar mass,100 Myr mean
CIGALE,23570,9.46727011682034,9.217920709980994,9.716619523659684,0.7580069733847159,-0.1438998558365211,1.6599138026059528,survived stellar mass,100 Myr mean
CIGALE,23579,10.43865762298822,10.365063555603417,10.512251690373024,0.12195760072760256,-28.921320930290264,29.165236131745466,survived stellar mass,100 Myr mean
CIGALE,23685,9.48688808057929,9.313763095097427,9.660013066061152,0.8469705825324966,0.349351391027844,1.344589774037149,survived stellar mass,100 Myr mean
CIGALE,23720,9.137383993281023,8.927079222573521,9.347688763988526,0.48726889663438994,-0.38655165661601903,1.361089449884799,survived stellar mass,100 Myr mean
CIGALE,23761,10.756557339448856,10.612640232032758,10.900474446864953,1.7169443381830427,-0.8064409142830882,4.240329590649173,survived stellar mass,100 Myr mean
CIGALE,23795,10.598583741764962,10.548583741764961,10.648583741764963,0.7155618043350618,-9.785425221263983,11.216548829934107,survived stellar mass,100 Myr mean
CIGALE,23817,9.146457930607696,9.029739791281669,9.263176069933722,0.635222562040516,-0.2425139012232287,1.5129590253042606,survived stellar mass,100 Myr mean
CIGALE,23844,9.640007048089643,9.386973353526466,9.89304074265282,0.8776634888513277,0.0725291548412651,1.6827978228613905,survived stellar mass,100 Myr mean
CIGALE,23851,9.040471944592984,8.787462120323358,9.293481768862609,0.37460589534113325,-0.5345962044533126,1.283807995135579,survived stellar mass,100 Myr mean
CIGALE,23855,10.129353260717187,9.800740791516985,10.457965729917388,1.389874911241785,-0.055143845133252434,2.8348936676168224,survived stellar mass,100 Myr mean
CIGALE,23882,9.689554195433786,9.547950355496466,9.831158035371105,0.643197263232916,-1.5297069787273263,2.8161015051931586,survived stellar mass,100 Myr mean
CIGALE,23903,9.121573799086471,8.877999679800704,9.365147918372239,0.5601560884494341,-0.5207025493670756,1.6410147262659438,survived stellar mass,100 Myr mean
CIGALE,23927,10.389024121508868,10.27786146512994,10.500186777887796,1.3791527784470758,-0.9130796596544426,3.671385216548594,survived stellar mass,100 Myr mean
CIGALE,23941,9.196092543441143,9.026115537551632,9.366069549330653,0.6167933143920254,-0.04458078717106839,1.2781674159551193,survived stellar mass,100 Myr mean
CIGALE,24066,8.868477978488954,8.730278179232382,9.006677777745526,0.36624416799430154,-0.23696535348884346,0.9694536894774466,survived stellar mass,100 Myr mean
CIGALE,24130,10.892108515333224,10.827316685996044,10.956900344670403,0.3903324775740143,-5.663369622267711,6.444034577415739,survived stellar mass,100 Myr mean
CIGALE,24144,9.2761037337764,9.073292533534556,9.478914934018245,0.4903365678700884,-0.17497788093227007,1.1556510166724467,survived stellar mass,100 Myr mean
CIGALE,24185,10.405592421686793,10.271652107323524,10.539532736050061,1.2913316939782493,0.5101417738467289,2.0725216141097698,survived stellar mass,100 Myr mean
CIGALE,24257,9.693331792912026,9.486836652928888,9.899826932895165,0.8291876255852777,0.14609651404282775,1.5122787371277275,survived stellar mass,100 Myr mean
CIGALE,24313,9.9071122810364,9.851696769092015,9.962527792980783,1.1393180958276812,0.5629050177526302,1.715731173902732,survived stellar mass,100 Myr mean
CIGALE,24316,10.390553138379268,10.220674775922161,10.560431500836374,1.505464347745214,0.2844295209145995,2.726499174575829,survived stellar mass,100 Myr mean
CIGALE,24336,9.209048081639306,9.044605540248028,9.373490623030584,0.41459615852900494,-0.7654680482918665,1.5946603653498765,survived stellar mass,100 Myr mean
CIGALE,24348,11.044617711987948,10.98831998456061,11.100915439415287,-0.5798844632040712,-1.9015428786676698,0.7417739522595275,survived stellar mass,100 Myr mean
CIGALE,24354,10.588017272294486,10.450714885749337,10.725319658839636,1.7570693335005851,-0.5762028717733101,4.090341538774481,survived stellar mass,100 Myr mean
CIGALE,24355,9.801342215838543,9.635644611863754,9.967039819813333,1.322741987793457,0.14629777378358955,2.499186201803324,survived stellar mass,100 Myr mean
CIGALE,24372,11.018033272921391,10.960959297446248,11.075107248396534,-0.505514609799424,-29.787995172674883,28.776965953076036,survived stellar mass,100 Myr mean
CIGALE,24389,9.22540885950757,8.996705151485378,9.454112567529764,0.421331244504295,-0.3313074973412014,1.1739699863497914,survived stellar mass,100 Myr mean
CIGALE,24408,9.845661576086565,9.775512443567937,9.915810708605193,-0.44087424777752837,-3.3360151475148045,2.454266651959748,survived stellar mass,100 Myr mean
CIGALE,24497,11.297834585390312,11.075502255939337,11.520166914841287,2.4694044227487373,0.12502894652009422,4.81377989897738,survived stellar mass,100 Myr mean
CIGALE,24511,9.988059499286072,9.804674734373888,10.171444264198255,1.0882124141046658,0.16270852599647523,2.0137163022128566,survived stellar mass,100 Myr mean
CIGALE,24720,9.111977031236936,9.010626721838479,9.213327340635393,0.5215525995842802,-0.050013486224914194,1.0931186853934747,survived stellar mass,100 Myr mean
CIGALE,24779,11.116193142130857,10.931022277819743,11.301364006441972,2.3717398743735933,-0.01812348376917683,4.7616032325163635,survived stellar mass,100 Myr mean
CIGALE,24785,9.228832727570515,9.014493660368029,9.443171794773,0.39031957161509434,-0.2909116984614254,1.071550841691614,survived stellar mass,100 Myr mean
CIGALE,24786,9.516276462356464,9.38978795179288,9.642764972920048,1.7368242324031287,0.5321444740907522,2.941503990715505,survived stellar mass,100 Myr mean
CIGALE,24814,9.589864783919305,9.386084286754988,9.793645281083622,0.7499116019973898,-0.17704154365519076,1.6768647476499705,survived stellar mass,100 Myr mean
CIGALE,24851,9.387861380377126,9.17061596171073,9.605106799043522,0.5386602165075438,-0.32976970359927427,1.4070901366143618,survived stellar mass,100 Myr mean
CIGALE,24862,10.350648070000016,10.173083964349738,10.528212175650294,1.7569428518212602,0.0666536566067717,3.4472320470357487,survived stellar mass,100 Myr mean
CIGALE,24943,10.333432210799364,10.176686600598668,10.49017782100006,1.5715277208366067,0.2452509696393268,2.8978044720338865,survived stellar mass,100 Myr mean
CIGALE,25028,9.4849087744772,9.356817767707426,9.612999781246973,0.8407095259266173,0.02469478429901717,1.6567242675542175,survived stellar mass,100 Myr mean
CIGALE,25037,10.169133458102593,9.918971007352877,10.419295908852309,1.5802990074909764,0.383444099460861,2.777153915521092,survived stellar mass,100 Myr mean
CIGALE,25060,11.027860647452302,10.966674016812284,11.08904727809232,-0.6272431466992858,-0.973688353515554,-0.2807979398830176,survived stellar mass,100 Myr mean
CIGALE,25120,10.36806892929259,10.129660542461263,10.606477316123918,1.9108112827374548,-0.9216390613280303,4.74326162680294,survived stellar mass,100 Myr mean
CIGALE,25137,9.783925749331141,9.649344706240374,9.918506792421908,1.1415043301146257,0.22267058198732126,2.06033807824193,survived stellar mass,100 Myr mean
CIGALE,25206,11.546910805689775,11.472514445582002,11.621307165797548,2.6056322848201323,-7.033958795145276,12.24522336478554,survived stellar mass,100 Myr mean
CIGALE,25211,9.290309148484104,9.064917092850255,9.515701204117953,0.4188029882432624,-0.3878034416568184,1.2254094181433433,survived stellar mass,100 Myr mean
CIGALE,25246,10.519651001897774,10.394013120021267,10.645288883774281,1.2744420983419955,0.3813428197586606,2.1675413769253304,survived stellar mass,100 Myr mean
CIGALE,25248,9.402908922003599,9.17605063673416,9.629767207273037,0.7961262237527854,-0.3610949244896472,1.9533473719952181,survived stellar mass,100 Myr mean
CIGALE,25250,10.980401152533663,10.927220921306965,11.03358138376036,-0.6815961180395316,-1.006382525597208,-0.35680971048185506,survived stellar mass,100 Myr mean
CIGALE,25270,9.800046589927529,9.60217847288043,9.997914706974628,0.9429121822355928,0.011895194882468263,1.8739291695887172,survived stellar mass,100 Myr mean
CIGALE,25295,11.013593746668159,10.820443224554884,11.206744268781433,2.309301019347052,0.22622425530546586,4.392377783388638,survived stellar mass,100 Myr mean
CIGALE,25341,9.22512156491023,8.995886235619349,9.454356894201112,0.45381437040684264,-0.14872345419968075,1.056352195013366,survived stellar mass,100 Myr mean
CIGALE,25373,9.614565261619449,9.40546413664724,9.823666386591658,0.9148681953245265,-0.028896389042064152,1.858632779691117,survived stellar mass,100 Myr mean
CIGALE,25389,9.082777881527203,8.9070084098129,9.258547353241507,0.37268195208871485,-0.487753208676642,1.2331171128540717,survived stellar mass,100 Myr mean
CIGALE,25406,9.551652304690613,9.414039719695166,9.68926488968606,1.130140085341359,-0.7805255550492451,3.040805725731963,survived stellar mass,100 Myr mean
CIGALE,25465,11.01129192792407,10.96129192792407,11.06129192792407,-0.690553267101886,-0.8946216437384957,-0.48648489046527627,survived stellar mass,100 Myr mean
CIGALE,25489,11.037806041685043,10.957859806321956,11.11775227704813,-0.45588728334834067,-19.33070107779747,18.418926511100793,survived stellar mass,100 Myr mean
CIGALE,25565,9.305274815962088,9.133216241121316,9.47733339080286,0.5030901711004098,-0.9222978449515461,1.9284781871523657,survived stellar mass,100 Myr mean
CIGALE,25573,10.95597358680281,10.829949123836089,11.08199804976953,1.6936962365380723,-1.024689894635848,4.412082367711992,survived stellar mass,100 Myr mean
CIGALE,25681,9.816157117156392,9.766157117156391,9.866157117156392,-0.8892876311421519,-7.609901230484728,5.8313259682004235,survived stellar mass,100 Myr mean
CIGALE,25794,9.847128225872838,9.709356144630574,9.984900307115103,0.8386029352574628,-0.6333969968224985,2.310602867337424,survived stellar mass,100 Myr mean
CIGALE,26039,9.57352413611414,9.366202839092578,9.7808454331357,0.817355380017919,-0.5698431896217759,2.2045539496576136,survived stellar mass,100 Myr mean
CIGALE,26092,10.442786279897849,10.248349640503774,10.637222919291924,1.6954891260657698,0.661908119426464,2.7290701327050755,survived stellar mass,100 Myr mean
CIGALE,26173,10.235290463197583,10.16682720501479,10.303753721380374,0.5295507044316886,-1.7152859005954992,2.7743873094588762,survived stellar mass,100 Myr mean
CIGALE,26185,10.26832730054553,10.02305277956467,10.513601821526388,1.5056247144310695,-0.043772580466875155,3.055022009329014,survived stellar mass,100 Myr mean
CIGALE,26255,9.900644589433078,9.694602890970499,10.106686287895657,1.2746117278222286,0.5933847431051392,1.9558387125393182,survived stellar mass,100 Myr mean
CIGALE,26300,10.34273417182532,10.166559148619713,10.518909195030927,1.456489817000805,-0.3252953532282603,3.23827498722987,survived stellar mass,100 Myr mean
CIGALE,26345,9.597737129443551,9.394630321561293,9.80084393732581,0.9568398302453588,0.3174000112820702,1.5962796492086473,survived stellar mass,100 Myr mean
CIGALE,26397,9.153936333975743,8.904006522283249,9.403866145668237,0.40167365455058734,-0.38471525782327565,1.1880625669244504,survived stellar mass,100 Myr mean
CIGALE,26398,10.318364065746689,9.942899572839517,10.69382855865386,1.6813947012659307,1.1332246238903712,2.2295647786414903,survived stellar mass,100 Myr mean
CIGALE,26476,9.495944874523657,9.358292641333186,9.633597107714127,0.9481157073559681,-0.040808791965768476,1.9370402066777046,survived stellar mass,100 Myr mean
CIGALE,26491,9.034643163266924,8.873003959629022,9.196282366904827,0.4819667893637469,-0.27142488844537754,1.2353584671728712,survived stellar mass,100 Myr mean
CIGALE,26535,11.050504011309254,10.987932062859908,11.1130759597586,-0.5905136576561172,-1.4737286426549896,0.2927013273427551,survived stellar mass,100 Myr mean
CIGALE,26600,8.939989520602484,8.808964330715341,9.071014710489628,0.8343906509870874,-1.5775978051362585,3.246379107110433,survived stellar mass,100 Myr mean
CIGALE,26605,9.18028098223869,8.94712798469163,9.41343397978575,0.28125495682951135,-0.26506495985506445,0.8275748735140871,survived stellar mass,100 Myr mean
CIGALE,26618,9.825215082586343,9.626881687753347,10.02354847741934,1.1103657170768664,-0.5352791003474535,2.7560105345011863,survived stellar mass,100 Myr mean
CIGALE,26647,9.552403718860765,9.323733721707729,9.7810737160138,0.8859655846056915,0.2480685488913017,1.5238626203200814,survived stellar mass,100 Myr mean
CIGALE,26722,10.333595207149445,10.188310943202595,10.478879471096295,1.4330427735144757,-0.4559393878951432,3.3220249349240945,survived stellar mass,100 Myr mean
CIGALE,26755,11.195293316983365,11.062763836213142,11.327822797753589,2.1922625227399504,0.2899913788079289,4.094533666671972,survived stellar mass,100 Myr mean
Dense_Basis,21,9.57324638473,9.47324638473,9.72567010016,1.21325850807,nan,nan,survived stellar mass,100 Myr
Dense_Basis,25,9.13616009959,9.03616009959,9.23616009959,1.01062289905,nan,nan,survived stellar mass,100 Myr
Dense_Basis,40,10.0788093209,9.9788093209,10.1788093209,1.79958848286,nan,nan,survived stellar mass,100 Myr
Dense_Basis,58,9.91587335192,9.81587335192,10.0753118427,1.54084528775,nan,nan,survived stellar mass,100 Myr
Dense_Basis,79,10.6013604013,10.5013604013,10.7014571636,2.31129732484,nan,nan,survived stellar mass,100 Myr
Dense_Basis,143,9.3401160166,9.2401160166,9.4401160166,0.948531709036,nan,nan,survived stellar mass,100 Myr
Dense_Basis,170,9.36186939508,9.26186939508,9.461869395079999,0.000393418404786,nan,nan,survived stellar mass,100 Myr
Dense_Basis,190,9.71769215229,9.617692152290001,9.84294461872,0.709896146429,nan,nan,survived stellar mass,100 Myr
Dense_Basis,239,9.46790838171,9.36790838171,9.56790838171,0.129068638858,nan,nan,survived stellar mass,100 Myr
Dense_Basis,267,10.4687669777,10.3687669777,10.5687669777,0.882064585293,nan,nan,survived stellar mass,100 Myr
Dense_Basis,274,9.96448777236,9.86448777236,10.06448777236,1.45875954154,nan,nan,survived stellar mass,100 Myr
Dense_Basis,300,10.2332994195,10.1332994195,10.3332994195,1.04904796603,nan,nan,survived stellar mass,100 Myr
Dense_Basis,344,9.5539963653,9.4539963653,9.6539963653,0.587620437925,nan,nan,survived stellar mass,100 Myr
Dense_Basis,407,9.67624559218,9.576245592180001,9.77624559218,-2.15462664402,nan,nan,survived stellar mass,100 Myr
Dense_Basis,482,10.507425934,10.407425934,10.607425934,1.20514857752,nan,nan,survived stellar mass,100 Myr
Dense_Basis,499,10.3122726751,10.2122726751,10.412272675099999,-14.1795571119,nan,nan,survived stellar mass,100 Myr
Dense_Basis,513,10.0876971537,9.987697153700001,10.1876971537,1.16362654915,nan,nan,survived stellar mass,100 Myr
Dense_Basis,528,11.1358115186,11.035811518600001,11.2358115186,1.89647319319,nan,nan,survived stellar mass,100 Myr
Dense_Basis,533,9.1019077236,9.0019077236,9.24681036459,0.427519538349,nan,nan,survived stellar mass,100 Myr
Dense_Basis,570,8.81493588602,8.714935886020001,9.01132499339,0.795476858123,nan,nan,survived stellar mass,100 Myr
Dense_Basis,601,9.52736268948,9.42736268948,9.62736268948,0.294773905105,nan,nan,survived stellar mass,100 Myr
Dense_Basis,744,10.0763464944,9.97296628416,10.176346494399999,1.31904522693,nan,nan,survived stellar mass,100 Myr
Dense_Basis,797,10.6095946691,10.5095946691,10.7095946691,1.28790108348,nan,nan,survived stellar mass,100 Myr
Dense_Basis,931,9.69946724224,9.56920747006,9.79946724224,0.807526719935,nan,nan,survived stellar mass,100 Myr
Dense_Basis,952,9.37844275111,9.278442751110001,9.47844275111,0.386004163205,nan,nan,survived stellar mass,100 Myr
Dense_Basis,994,9.89866624906,9.79866624906,9.99866624906,1.43276646989,nan,nan,survived stellar mass,100 Myr
Dense_Basis,1025,9.86061812598,9.76061812598,9.96061812598,0.616804053418,nan,nan,survived stellar mass,100 Myr
Dense_Basis,1205,8.88828072025,8.78828072025,8.98828072025,0.456733022214,nan,nan,survived stellar mass,100 Myr
Dense_Basis,1256,11.2074559893,11.1074559893,11.3095292046,2.23098622311,nan,nan,survived stellar mass,100 Myr
Dense_Basis,1603,9.09957462145,8.99957462145,9.19957462145,0.900093570589,nan,nan,survived stellar mass,100 Myr
Dense_Basis,1609,9.28254123885,9.18254123885,9.38254123885,0.258480669229,nan,nan,survived stellar mass,100 Myr
Dense_Basis,1695,9.29974417473,9.19974417473,9.39974417473,0.800853773629,nan,nan,survived stellar mass,100 Myr
Dense_Basis,1772,10.2264396258,10.1264396258,10.326439625799999,0.0391212961306,nan,nan,survived stellar mass,100 Myr
Dense_Basis,1826,8.92377263429,8.82377263429,9.02377263429,0.876826685478,nan,nan,survived stellar mass,100 Myr
Dense_Basis,1848,10.9375339358,10.2951215833,11.037533935799999,1.47995470501,nan,nan,survived stellar mass,100 Myr
Dense_Basis,1851,10.9678797416,10.8678797416,11.067879741599999,0.889614059237,nan,nan,survived stellar mass,100 Myr
Dense_Basis,1862,9.95312478847,9.85312478847,10.053124788469999,1.49327554757,nan,nan,survived stellar mass,100 Myr
Dense_Basis,1872,9.88421374729,9.78421374729,9.98421374729,0.822136080006,nan,nan,survived stellar mass,100 Myr
Dense_Basis,1886,9.83526592285,9.735265922850001,10.0840585322,1.38039811672,nan,nan,survived stellar mass,100 Myr
Dense_Basis,1918,9.63249706646,9.53249706646,9.76736693988,1.68274495708,nan,nan,survived stellar mass,100 Myr
Dense_Basis,2013,9.64082529967,9.54082529967,10.0343927186,1.38329254244,nan,nan,survived stellar mass,100 Myr
Dense_Basis,2046,9.9537420292,9.853742029200001,10.0646183997,1.33795320355,nan,nan,survived stellar mass,100 Myr
Dense_Basis,2068,9.37776362098,9.27211804644,9.47776362098,0.0556151208038,nan,nan,survived stellar mass,100 Myr
Dense_Basis,2096,9.20069674538,9.10069674538,9.30069674538,1.16156896307,nan,nan,survived stellar mass,100 Myr
Dense_Basis,2100,9.32185751602,9.18791108209,9.42185751602,0.617474387923,nan,nan,survived stellar mass,100 Myr
Dense_Basis,2102,9.50332920146,9.40332920146,9.60332920146,0.471584304067,nan,nan,survived stellar mass,100 Myr
Dense_Basis,2149,9.40787517388,9.307875173880001,9.50787517388,0.363627002623,nan,nan,survived stellar mass,100 Myr
Dense_Basis,2228,10.3531542241,10.253154224100001,10.4531542241,1.73545730861,nan,nan,survived stellar mass,100 Myr
Dense_Basis,2583,9.55011382977,9.45011382977,9.65011382977,1.48291385958,nan,nan,survived stellar mass,100 Myr
Dense_Basis,2697,9.90462931688,9.80462931688,10.0089766036,1.55711027335,nan,nan,survived stellar mass,100 Myr
Dense_Basis,2784,9.30539152093,9.20539152093,9.40539152093,0.957867395179,nan,nan,survived stellar mass,100 Myr
Dense_Basis,2793,10.8371996502,10.737199650200001,10.9371996502,1.2946978102,nan,nan,survived stellar mass,100 Myr
Dense_Basis,2862,10.6257546156,10.5257546156,10.7257546156,0.169091189446,nan,nan,survived stellar mass,100 Myr
Dense_Basis,2903,9.51042587576,9.41042587576,9.63923789975,1.20057052791,nan,nan,survived stellar mass,100 Myr
Dense_Basis,2921,9.94282936673,9.842829366730001,10.0934915498,1.60953667911,nan,nan,survived stellar mass,100 Myr
Dense_Basis,2976,10.103078794,9.91830275946,10.203078794,1.21520436759,nan,nan,survived stellar mass,100 Myr
Dense_Basis,3315,9.12787613022,9.027876130220001,9.22787613022,0.643051582346,nan,nan,survived stellar mass,100 Myr
Dense_Basis,3336,9.42176671627,9.32176671627,9.52176671627,0.377276491356,nan,nan,survived stellar mass,100 Myr
Dense_Basis,3371,10.4148332477,10.2448108316,10.5148332477,0.243196901473,nan,nan,survived stellar mass,100 Myr
Dense_Basis,3404,10.3164415204,10.2164415204,10.4164415204,1.27974068163,nan,nan,survived stellar mass,100 Myr
Dense_Basis,3412,9.4515748714,9.32233552454,9.5515748714,0.617077106139,nan,nan,survived stellar mass,100 Myr
Dense_Basis,3432,9.06091609033,8.96091609033,9.16091609033,0.426554905256,nan,nan,survived stellar mass,100 Myr
Dense_Basis,3451,9.15587410995,9.05587410995,9.25587410995,0.219858666796,nan,nan,survived stellar mass,100 Myr
Dense_Basis,3458,9.69921684724,9.599216847240001,9.79921684724,0.636124945817,nan,nan,survived stellar mass,100 Myr
Dense_Basis,3591,8.67597600197,8.57597600197,9.58646231504,0.142475685724,nan,nan,survived stellar mass,100 Myr
Dense_Basis,3631,9.30016287581,9.200162875810001,9.40016287581,0.723871467772,nan,nan,survived stellar mass,100 Myr
Dense_Basis,3647,11.0602444277,10.960244427700001,11.1602444277,-6.41427259492,nan,nan,survived stellar mass,100 Myr
Dense_Basis,3653,9.33301708305,9.233017083050001,9.43301708305,0.516495626982,nan,nan,survived stellar mass,100 Myr
Dense_Basis,3683,9.96837180667,9.86837180667,10.06837180667,1.91823683991,nan,nan,survived stellar mass,100 Myr
Dense_Basis,3707,9.2825226196,9.1825226196,9.38293999009,0.709719673562,nan,nan,survived stellar mass,100 Myr
Dense_Basis,3767,10.5658593464,10.4658593464,10.6658593464,-0.392209201275,nan,nan,survived stellar mass,100 Myr
Dense_Basis,3811,9.17846488215,9.02644673571,9.278464882149999,0.436948363119,nan,nan,survived stellar mass,100 Myr
Dense_Basis,3871,8.88659025375,8.786590253750001,9.10180066931,0.416012508932,nan,nan,survived stellar mass,100 Myr
Dense_Basis,4056,9.07366381833,8.97366381833,9.26983488462,0.0148604187756,nan,nan,survived stellar mass,100 Myr
Dense_Basis,4062,10.8798816371,10.7798816371,10.9798816371,-3.4540605296,nan,nan,survived stellar mass,100 Myr
Dense_Basis,4171,10.8829136801,10.7829136801,10.9829136801,1.53007595063,nan,nan,survived stellar mass,100 Myr
Dense_Basis,4187,9.86410364865,9.76410364865,9.96410364865,1.26218163872,nan,nan,survived stellar mass,100 Myr
Dense_Basis,4216,11.3423719826,11.2423719826,11.4423719826,1.90931459849,nan,nan,survived stellar mass,100 Myr
Dense_Basis,4348,10.3503299008,10.2503299008,10.4640361768,1.73691908264,nan,nan,survived stellar mass,100 Myr
Dense_Basis,4376,11.0191272095,10.919127209500001,11.1191272095,2.23592813792,nan,nan,survived stellar mass,100 Myr
Dense_Basis,4459,10.3352932088,10.2352932088,10.4352932088,-0.495066350619,nan,nan,survived stellar mass,100 Myr
Dense_Basis,4529,11.0172289247,10.9172289247,11.244523261,-6.45663133819,nan,nan,survived stellar mass,100 Myr
Dense_Basis,4589,9.38579715637,9.28579715637,9.48579715637,0.308735640932,nan,nan,survived stellar mass,100 Myr
Dense_Basis,4608,10.9525526574,10.8525526574,11.0525526574,1.37677764972,nan,nan,survived stellar mass,100 Myr
Dense_Basis,4644,9.68682399918,9.58682399918,9.78682399918,0.591322793939,nan,nan,survived stellar mass,100 Myr
Dense_Basis,5012,9.4156290433,9.3156290433,9.515629043299999,1.49473203704,nan,nan,survived stellar mass,100 Myr
Dense_Basis,5068,9.93826880308,9.83826880308,10.03826880308,-1.06454945761,nan,nan,survived stellar mass,100 Myr
Dense_Basis,5219,9.82226442735,9.72226442735,9.92226442735,0.919323993157,nan,nan,survived stellar mass,100 Myr
Dense_Basis,5568,9.39690354392,9.296903543920001,9.49721325388,0.627511611502,nan,nan,survived stellar mass,100 Myr
Dense_Basis,5789,9.50124611824,9.40124611824,9.601246118239999,0.897961144823,nan,nan,survived stellar mass,100 Myr
Dense_Basis,5845,9.4302342011,8.6026928931,9.530234201099999,-0.0247638790477,nan,nan,survived stellar mass,100 Myr
Dense_Basis,5950,10.2762819749,10.1762819749,10.3762819749,0.19004387184,nan,nan,survived stellar mass,100 Myr
Dense_Basis,6141,9.51318197259,9.413181972590001,9.61764202405,1.21890117928,nan,nan,survived stellar mass,100 Myr
Dense_Basis,6159,9.5029241782,9.402924178200001,9.65488813284,1.08197404705,nan,nan,survived stellar mass,100 Myr
Dense_Basis,6221,10.8837665758,10.7837665758,10.983766575799999,2.16972573808,nan,nan,survived stellar mass,100 Myr
Dense_Basis,6401,10.6157817381,10.515781738100001,10.7157817381,0.193429209612,nan,nan,survived stellar mass,100 Myr
Dense_Basis,6665,9.25807195854,9.15807195854,9.35807195854,1.06225683885,nan,nan,survived stellar mass,100 Myr
Dense_Basis,7011,10.0501175713,9.9501175713,10.1501175713,1.03903529461,nan,nan,survived stellar mass,100 Myr
Dense_Basis,7094,8.97604632884,8.876046328840001,9.1493379346,0.0185981418402,nan,nan,survived stellar mass,100 Myr
Dense_Basis,7183,10.8773035913,10.7773035913,11.1793399431,1.7885583018,nan,nan,survived stellar mass,100 Myr
Dense_Basis,7195,10.6909037398,10.5909037398,10.9178254585,2.10549119142,nan,nan,survived stellar mass,100 Myr
Dense_Basis,7219,10.613330904,10.513330904,10.7645180316,-6.86115854667,nan,nan,survived stellar mass,100 Myr
Dense_Basis,7603,9.01221969259,8.91221969259,9.11221969259,0.562251408258,nan,nan,survived stellar mass,100 Myr
Dense_Basis,7649,9.56667522159,9.46667522159,9.66667522159,0.586784967538,nan,nan,survived stellar mass,100 Myr
Dense_Basis,7764,9.37269684159,9.272696841590001,9.47269684159,0.704073717652,nan,nan,survived stellar mass,100 Myr
Dense_Basis,7772,9.75423187348,9.65423187348,9.85423187348,0.751505966871,nan,nan,survived stellar mass,100 Myr
Dense_Basis,7837,10.5461287343,10.4461287343,10.6461287343,1.76391866703,nan,nan,survived stellar mass,100 Myr
Dense_Basis,7886,10.7449325344,10.6449325344,10.8449325344,1.28226815819,nan,nan,survived stellar mass,100 Myr
Dense_Basis,7988,9.74373742109,9.64373742109,9.84373742109,1.28578271716,nan,nan,survived stellar mass,100 Myr
Dense_Basis,8038,9.71892460065,9.61892460065,9.81892460065,0.74283799772,nan,nan,survived stellar mass,100 Myr
Dense_Basis,8041,10.5452115004,10.445211500400001,10.6452115004,0.200976834187,nan,nan,survived stellar mass,100 Myr
Dense_Basis,8067,10.549155568,10.449155568,10.649155568,0.25633778731,nan,nan,survived stellar mass,100 Myr
Dense_Basis,8113,9.34664815036,9.23333352922,9.44664815036,0.755589306787,nan,nan,survived stellar mass,100 Myr
Dense_Basis,8154,10.4152605486,10.3152605486,10.515260548599999,0.933874941869,nan,nan,survived stellar mass,100 Myr
Dense_Basis,8167,10.3230605656,10.2230605656,10.430721652,1.43601956866,nan,nan,survived stellar mass,100 Myr
Dense_Basis,8402,9.76323375199,9.663233751990001,9.88436346909,1.40249469388,nan,nan,survived stellar mass,100 Myr
Dense_Basis,8461,9.18702523407,9.08702523407,9.287025234069999,0.655706755026,nan,nan,survived stellar mass,100 Myr
Dense_Basis,8540,9.31518754073,9.21518754073,9.415187540729999,0.30615813883,nan,nan,survived stellar mass,100 Myr
Dense_Basis,8586,8.89088056283,8.79088056283,8.99088056283,0.729257781889,nan,nan,survived stellar mass,100 Myr
Dense_Basis,8976,9.2741291442,9.1741291442,9.3741291442,0.408765038884,nan,nan,survived stellar mass,100 Myr
Dense_Basis,9026,10.4256035955,10.3256035955,10.5256035955,0.922143529126,nan,nan,survived stellar mass,100 Myr
Dense_Basis,9372,8.92064070491,8.82064070491,9.020640704909999,0.240802879423,nan,nan,survived stellar mass,100 Myr
Dense_Basis,9380,9.55201808445,9.45201808445,9.652018084449999,1.26996089795,nan,nan,survived stellar mass,100 Myr
Dense_Basis,9606,8.92800252575,8.82800252575,9.06982561514,0.447514819085,nan,nan,survived stellar mass,100 Myr
Dense_Basis,9769,10.5928496045,10.4922747231,10.6928496045,1.60310960066,nan,nan,survived stellar mass,100 Myr
Dense_Basis,9871,9.76579920755,9.59932573619,9.86579920755,0.790557115971,nan,nan,survived stellar mass,100 Myr
Dense_Basis,9884,9.32403689094,9.22403689094,9.42733767617,1.29346737426,nan,nan,survived stellar mass,100 Myr
Dense_Basis,10056,9.54333608417,9.443336084170001,9.76188821059,0.423979821401,nan,nan,survived stellar mass,100 Myr
Dense_Basis,10075,9.31996164182,9.219961641820001,9.46220248082,-0.426500689557,nan,nan,survived stellar mass,100 Myr
Dense_Basis,10099,9.77089159822,9.67089159822,9.87089159822,1.40943502919,nan,nan,survived stellar mass,100 Myr
Dense_Basis,10246,9.30654049365,9.14035023825,9.406540493649999,0.383706414878,nan,nan,survived stellar mass,100 Myr
Dense_Basis,10413,11.2860771506,11.186077150600001,11.4048527727,1.96403838236,nan,nan,survived stellar mass,100 Myr
Dense_Basis,10465,9.36589329072,9.265893290720001,9.47515592399,0.63691903764,nan,nan,survived stellar mass,100 Myr
Dense_Basis,10496,10.5451033358,10.4451033358,10.6451033358,1.16749145334,nan,nan,survived stellar mass,100 Myr
Dense_Basis,10679,9.5251425447,9.4251425447,9.6251425447,1.34645162928,nan,nan,survived stellar mass,100 Myr
Dense_Basis,11058,9.93074925013,9.830749250130001,10.03074925013,0.926831125128,nan,nan,survived stellar mass,100 Myr
Dense_Basis,11156,9.11872257971,9.018722579710001,9.25189605171,0.798601259873,nan,nan,survived stellar mass,100 Myr
Dense_Basis,11425,8.91421967165,8.814219671650001,9.01421967165,0.782688600869,nan,nan,survived stellar mass,100 Myr
Dense_Basis,11618,10.3206922536,10.220692253600001,10.4900411098,1.83646436808,nan,nan,survived stellar mass,100 Myr
Dense_Basis,11981,10.6189429787,10.5189429787,10.7189429787,0.550656548748,nan,nan,survived stellar mass,100 Myr
Dense_Basis,12216,9.35155550709,9.25155550709,9.50743039695,1.14731732551,nan,nan,survived stellar mass,100 Myr
Dense_Basis,12304,9.43238803949,9.33238803949,9.53238803949,1.27050011625,nan,nan,survived stellar mass,100 Myr
Dense_Basis,12354,9.13717668845,9.02461002341,9.237176688449999,0.410298414506,nan,nan,survived stellar mass,100 Myr
Dense_Basis,12588,9.41364773387,9.31364773387,9.51364773387,0.538602346214,nan,nan,survived stellar mass,100 Myr
Dense_Basis,12829,9.70045254863,9.60045254863,9.80045254863,0.258315246355,nan,nan,survived stellar mass,100 Myr
Dense_Basis,12997,9.49380341198,9.39380341198,9.59380341198,1.07024272056,nan,nan,survived stellar mass,100 Myr
Dense_Basis,13086,9.26956993154,9.15698095292,9.36956993154,0.403786480496,nan,nan,survived stellar mass,100 Myr
Dense_Basis,13097,10.2663298383,10.166329838300001,10.3663298383,1.83952402839,nan,nan,survived stellar mass,100 Myr
Dense_Basis,13249,9.70482284717,9.60482284717,9.80482284717,1.31276599912,nan,nan,survived stellar mass,100 Myr
Dense_Basis,13312,9.5959985036,9.47050837922,9.6959985036,0.678108764342,nan,nan,survived stellar mass,100 Myr
Dense_Basis,13400,9.62088346099,9.52088346099,9.73130039886,1.0681360798,nan,nan,survived stellar mass,100 Myr
Dense_Basis,13601,10.957289586,10.857289586,11.057289586,2.2578276356,nan,nan,survived stellar mass,100 Myr
Dense_Basis,13637,10.7718564794,10.6718564794,10.8718564794,0.350101921594,nan,nan,survived stellar mass,100 Myr
Dense_Basis,13890,9.50642189037,9.40642189037,9.60642189037,0.361656301391,nan,nan,survived stellar mass,100 Myr
Dense_Basis,13903,9.5376721932,9.40762012425,9.6376721932,0.490067885271,nan,nan,survived stellar mass,100 Myr
Dense_Basis,13995,8.7815999797,8.6815999797,8.881599979699999,0.741999540004,nan,nan,survived stellar mass,100 Myr
Dense_Basis,14098,9.6930894987,9.57772508987,9.793089498699999,0.759027632285,nan,nan,survived stellar mass,100 Myr
Dense_Basis,14099,10.04287464,9.942874640000001,10.14287464,1.09572766271,nan,nan,survived stellar mass,100 Myr
Dense_Basis,14222,9.18573012213,9.08573012213,9.38478630865,0.480523380626,nan,nan,survived stellar mass,100 Myr
Dense_Basis,14246,10.6661860287,10.5636276878,10.7661860287,1.18860248658,nan,nan,survived stellar mass,100 Myr
Dense_Basis,14288,9.20663967945,9.10663967945,9.34192935328,0.739467994694,nan,nan,survived stellar mass,100 Myr
Dense_Basis,14637,10.3315486171,10.2315486171,10.431548617099999,1.47783301044,nan,nan,survived stellar mass,100 Myr
Dense_Basis,14650,8.95403416035,8.85403416035,9.09448557031,0.464617815489,nan,nan,survived stellar mass,100 Myr
Dense_Basis,14773,9.09141194432,8.991411944320001,9.19141194432,1.10919031683,nan,nan,survived stellar mass,100 Myr
Dense_Basis,14782,9.73718810783,9.62928601165,9.83718810783,1.15089016513,nan,nan,survived stellar mass,100 Myr
Dense_Basis,15122,10.2484366051,10.1484366051,10.3530875634,1.18275035243,nan,nan,survived stellar mass,100 Myr
Dense_Basis,15154,9.66946221816,9.56946221816,9.76946221816,-1.64967362684,nan,nan,survived stellar mass,100 Myr
Dense_Basis,15300,9.22789782293,9.12789782293,9.32789782293,0.119861360619,nan,nan,survived stellar mass,100 Myr
Dense_Basis,15336,11.10226192,11.00226192,11.20226192,0.876173183943,nan,nan,survived stellar mass,100 Myr
Dense_Basis,15585,9.29728126279,9.18248291086,9.397281262789999,0.57346769096,nan,nan,survived stellar mass,100 Myr
Dense_Basis,15704,9.44890149369,9.34890149369,9.54890149369,0.733188049126,nan,nan,survived stellar mass,100 Myr
Dense_Basis,15746,9.1360656165,9.0360656165,9.2360656165,0.525642311602,nan,nan,survived stellar mass,100 Myr
Dense_Basis,15753,9.85224265873,9.752242658730001,9.95224265873,0.252413019206,nan,nan,survived stellar mass,100 Myr
Dense_Basis,15775,10.8223211005,10.7223211005,10.9223211005,0.981381515912,nan,nan,survived stellar mass,100 Myr
Dense_Basis,15870,9.19108704511,9.091087045110001,9.50411513139,1.24030122672,nan,nan,survived stellar mass,100 Myr
Dense_Basis,15924,9.31507203691,9.21507203691,9.415072036909999,1.20508356684,nan,nan,survived stellar mass,100 Myr
Dense_Basis,15959,9.79205616965,9.69205616965,9.89205616965,0.90361679561,nan,nan,survived stellar mass,100 Myr
Dense_Basis,15967,9.98933906494,9.88933906494,10.1184192728,1.41630814272,nan,nan,survived stellar mass,100 Myr
Dense_Basis,15988,9.72684057005,9.62684057005,9.826840570049999,1.00262267747,nan,nan,survived stellar mass,100 Myr
Dense_Basis,15991,9.33164794625,9.22044532473,9.43164794625,0.319104229005,nan,nan,survived stellar mass,100 Myr
Dense_Basis,16048,10.0386125355,9.89481525906,10.1386125355,1.35809973738,nan,nan,survived stellar mass,100 Myr
Dense_Basis,16049,9.96393039797,9.86393039797,10.06393039797,1.97902750899,nan,nan,survived stellar mass,100 Myr
Dense_Basis,16123,9.58540912945,9.48540912945,9.685409129449999,0.93146976786,nan,nan,survived stellar mass,100 Myr
Dense_Basis,16236,9.58027064509,9.48027064509,9.68125857153,0.990942586769,nan,nan,survived stellar mass,100 Myr
Dense_Basis,16275,9.05237265947,8.95237265947,9.33547463744,0.540558808755,nan,nan,survived stellar mass,100 Myr
Dense_Basis,16336,10.8841736535,10.7841736535,10.9841736535,-2.5710986408,nan,nan,survived stellar mass,100 Myr
Dense_Basis,16360,10.5193224499,10.419322449900001,10.6193224499,-2.45338177923,nan,nan,survived stellar mass,100 Myr
Dense_Basis,16435,11.0150630073,10.9150630073,11.1150630073,0.714186775178,nan,nan,survived stellar mass,100 Myr
Dense_Basis,16440,10.68895409,10.58895409,10.788954089999999,2.11890835146,nan,nan,survived stellar mass,100 Myr
Dense_Basis,16455,10.5567255844,10.4567255844,10.6567255844,1.60936699147,nan,nan,survived stellar mass,100 Myr
Dense_Basis,16514,10.7203388736,10.6203388736,10.8287465825,1.69763725479,nan,nan,survived stellar mass,100 Myr
Dense_Basis,16697,9.74467717838,9.64467717838,9.84467717838,1.36783285478,nan,nan,survived stellar mass,100 Myr
Dense_Basis,16714,9.67808829506,9.57808829506,9.77808829506,0.827679041021,nan,nan,survived stellar mass,100 Myr
Dense_Basis,16854,9.58556103811,9.485561038110001,9.72821166097,1.18424076626,nan,nan,survived stellar mass,100 Myr
Dense_Basis,16871,9.14412354695,9.04412354695,9.24412354695,0.52454392448,nan,nan,survived stellar mass,100 Myr
Dense_Basis,16921,9.99034117872,9.89034117872,10.09034117872,-0.161987976976,nan,nan,survived stellar mass,100 Myr
Dense_Basis,17026,9.07299391593,8.972993915930001,9.21290788561,0.446751511108,nan,nan,survived stellar mass,100 Myr
Dense_Basis,17062,9.64713739094,9.54713739094,9.747137390939999,0.32348878374,nan,nan,survived stellar mass,100 Myr
Dense_Basis,17064,10.3452924517,10.245292451700001,10.4452924517,-3.98367846798,nan,nan,survived stellar mass,100 Myr
Dense_Basis,17098,9.22397715785,9.12397715785,9.33827407955,0.629274579359,nan,nan,survived stellar mass,100 Myr
Dense_Basis,17185,9.2105043678,9.1105043678,9.31994930093,0.598819229291,nan,nan,survived stellar mass,100 Myr
Dense_Basis,17211,10.4434333472,10.3434333472,10.543433347199999,1.70762834855,nan,nan,survived stellar mass,100 Myr
Dense_Basis,17214,10.3745056598,10.22381172,10.4745056598,0.666363127335,nan,nan,survived stellar mass,100 Myr
Dense_Basis,17225,9.48505803965,9.38505803965,9.585058039649999,0.446802494012,nan,nan,survived stellar mass,100 Myr
Dense_Basis,17233,9.30067074977,9.20067074977,9.4245274205,1.058674212,nan,nan,survived stellar mass,100 Myr
Dense_Basis,17245,10.5529194096,10.4529194096,10.652919409599999,0.900876996355,nan,nan,survived stellar mass,100 Myr
Dense_Basis,17254,9.64530308903,9.54530308903,9.74530308903,0.501478045491,nan,nan,survived stellar mass,100 Myr
Dense_Basis,17265,10.0080933354,9.9080933354,10.1080933354,1.29204054281,nan,nan,survived stellar mass,100 Myr
Dense_Basis,17376,10.1385916974,10.038591697400001,10.2385916974,1.63892599521,nan,nan,survived stellar mass,100 Myr
Dense_Basis,17418,11.6964482086,11.5964482086,11.7964482086,0.185001455643,nan,nan,survived stellar mass,100 Myr
Dense_Basis,17422,9.03073805935,8.93073805935,9.18861317775,0.915685571245,nan,nan,survived stellar mass,100 Myr
Dense_Basis,17433,11.0207117114,10.920711711400001,11.1207117114,0.087310727823,nan,nan,survived stellar mass,100 Myr
Dense_Basis,17474,9.45642431362,9.35642431362,9.556424313619999,0.904900488519,nan,nan,survived stellar mass,100 Myr
Dense_Basis,17652,9.49100354087,9.39100354087,9.59100354087,1.2217120231,nan,nan,survived stellar mass,100 Myr
Dense_Basis,17843,9.62300043897,9.52300043897,9.74875246094,1.13230385579,nan,nan,survived stellar mass,100 Myr
Dense_Basis,18048,10.6906808365,10.5906808365,10.7906808365,-0.562881582453,nan,nan,survived stellar mass,100 Myr
Dense_Basis,18130,10.4581834638,10.3581834638,10.558183463799999,-3.93235994626,nan,nan,survived stellar mass,100 Myr
Dense_Basis,18132,10.1108246825,10.010824682500001,10.2108246825,1.62706706574,nan,nan,survived stellar mass,100 Myr
Dense_Basis,18146,8.37170061807,8.27170061807,8.85857868458,0.560890177328,nan,nan,survived stellar mass,100 Myr
Dense_Basis,18160,11.2663085393,11.166308539300001,11.3663085393,1.10230664215,nan,nan,survived stellar mass,100 Myr
Dense_Basis,18326,10.6109625141,10.510962514100001,10.7109625141,1.54730087383,nan,nan,survived stellar mass,100 Myr
Dense_Basis,18375,9.01597715254,8.91597715254,9.13968145905,0.410014350606,nan,nan,survived stellar mass,100 Myr
Dense_Basis,18380,9.70034854999,9.60034854999,9.80034854999,0.887200275448,nan,nan,survived stellar mass,100 Myr
Dense_Basis,18405,9.22684006483,9.12684006483,9.32684006483,0.452132733486,nan,nan,survived stellar mass,100 Myr
Dense_Basis,18413,8.90888338005,8.80888338005,9.00888338005,0.593755036094,nan,nan,survived stellar mass,100 Myr
Dense_Basis,18443,9.53573158376,9.43573158376,9.63573158376,0.580871075193,nan,nan,survived stellar mass,100 Myr
Dense_Basis,18572,9.0442291424,8.944229142400001,9.1442291424,0.445779510919,nan,nan,survived stellar mass,100 Myr
Dense_Basis,18619,9.63234314112,9.53234314112,9.75562944875,0.747454430628,nan,nan,survived stellar mass,100 Myr
Dense_Basis,18661,10.2111848062,10.1111848062,10.3111848062,1.50725543977,nan,nan,survived stellar mass,100 Myr
Dense_Basis,18715,10.5309944757,10.4309944757,10.6309944757,1.13890852588,nan,nan,survived stellar mass,100 Myr
Dense_Basis,18732,9.31102732351,9.21102732351,9.43088997941,0.809619005355,nan,nan,survived stellar mass,100 Myr
Dense_Basis,18767,10.1088839517,10.0088839517,10.208883951699999,1.2036661522,nan,nan,survived stellar mass,100 Myr
Dense_Basis,18821,10.486469827,10.386469827,10.586469827,2.17154935316,nan,nan,survived stellar mass,100 Myr
Dense_Basis,18908,9.88167600809,9.78167600809,9.98167600809,0.822928379647,nan,nan,survived stellar mass,100 Myr
Dense_Basis,18941,10.2093435821,10.109343582100001,10.3093435821,-3.01461141722,nan,nan,survived stellar mass,100 Myr
Dense_Basis,18946,9.19493692431,9.09493692431,9.34718268144,0.522761279517,nan,nan,survived stellar mass,100 Myr
Dense_Basis,19133,9.16374008078,9.06374008078,9.26374008078,0.334175449071,nan,nan,survived stellar mass,100 Myr
Dense_Basis,19136,10.0941737553,9.9941737553,10.1941737553,1.0699208815,nan,nan,survived stellar mass,100 Myr
Dense_Basis,19176,8.780480406,8.680480406000001,8.9677145493,0.907804541423,nan,nan,survived stellar mass,100 Myr
Dense_Basis,19202,9.34850953628,9.24850953628,9.44850953628,0.305904655306,nan,nan,survived stellar mass,100 Myr
Dense_Basis,19422,10.1326390999,10.0326390999,10.3147701522,1.72294390303,nan,nan,survived stellar mass,100 Myr
Dense_Basis,19508,10.2970853832,10.197085383200001,10.3970853832,0.531321621459,nan,nan,survived stellar mass,100 Myr
Dense_Basis,19633,9.90807024908,9.80807024908,10.00807024908,1.57154488084,nan,nan,survived stellar mass,100 Myr
Dense_Basis,20066,9.26967759916,9.16967759916,9.36967759916,0.725165581714,nan,nan,survived stellar mass,100 Myr
Dense_Basis,20168,9.88143621032,9.78143621032,9.98143621032,1.66110186596,nan,nan,survived stellar mass,100 Myr
Dense_Basis,20261,9.67976319111,9.57769275497,9.77976319111,0.828678132171,nan,nan,survived stellar mass,100 Myr
Dense_Basis,20344,9.81332173344,9.71332173344,9.91332173344,1.09063235747,nan,nan,survived stellar mass,100 Myr
Dense_Basis,20539,9.57534190831,9.47534190831,9.67534190831,0.936962475715,nan,nan,survived stellar mass,100 Myr
Dense_Basis,20627,9.7594152199,9.6594152199,9.859415219899999,0.895821559124,nan,nan,survived stellar mass,100 Myr
Dense_Basis,20639,10.7948182743,10.694818274300001,10.8948182743,1.10507412703,nan,nan,survived stellar mass,100 Myr
Dense_Basis,20663,9.11746130684,9.01746130684,9.24066804275,0.670445527378,nan,nan,survived stellar mass,100 Myr
Dense_Basis,20860,9.14879744146,9.03100456892,9.248797441459999,0.140107776733,nan,nan,survived stellar mass,100 Myr
Dense_Basis,21038,10.2745538753,10.1745538753,10.3981764866,1.76786960126,nan,nan,survived stellar mass,100 Myr
Dense_Basis,21174,9.62864233005,9.528642330050001,9.72864233005,0.596615942595,nan,nan,survived stellar mass,100 Myr
Dense_Basis,21201,9.40585682376,9.305856823760001,9.50585682376,-0.00742718577791,nan,nan,survived stellar mass,100 Myr
Dense_Basis,21226,9.35045133708,9.250451337080001,9.45045133708,0.739874274817,nan,nan,survived stellar mass,100 Myr
Dense_Basis,21315,9.00690861695,8.90308925775,9.10690861695,0.495854292957,nan,nan,survived stellar mass,100 Myr
Dense_Basis,21329,9.44520116797,9.34520116797,9.54520116797,1.47177849571,nan,nan,survived stellar mass,100 Myr
Dense_Basis,21379,9.29937065724,9.19336448314,9.39937065724,1.23430118817,nan,nan,survived stellar mass,100 Myr
Dense_Basis,21708,10.4479227673,10.3479227673,10.5479227673,1.71182444573,nan,nan,survived stellar mass,100 Myr
Dense_Basis,21772,10.6777142858,10.5777142858,10.7777142858,-12.7144010332,nan,nan,survived stellar mass,100 Myr
Dense_Basis,21894,10.3277934983,10.2277934983,10.4277934983,-1.23607163454,nan,nan,survived stellar mass,100 Myr
Dense_Basis,21926,10.8403134984,10.7403134984,10.9422984023,-3.53458989281,nan,nan,survived stellar mass,100 Myr
Dense_Basis,21963,9.54114683213,9.44114683213,9.64114683213,0.619060531429,nan,nan,survived stellar mass,100 Myr
Dense_Basis,21971,9.40116645368,9.30116645368,9.50116645368,-0.231818786358,nan,nan,survived stellar mass,100 Myr
Dense_Basis,22002,11.133281198,11.033281198000001,11.233281198,-2.08719016626,nan,nan,survived stellar mass,100 Myr
Dense_Basis,22059,10.8642939864,10.7642939864,10.9642939864,1.00348555099,nan,nan,survived stellar mass,100 Myr
Dense_Basis,22173,9.87106686066,9.75427891545,9.971066860659999,1.76353505184,nan,nan,survived stellar mass,100 Myr
Dense_Basis,22279,10.4498078806,10.3498078806,10.5498078806,1.62916113755,nan,nan,survived stellar mass,100 Myr
Dense_Basis,22312,9.00809344236,8.90809344236,9.10809344236,0.293728271188,nan,nan,survived stellar mass,100 Myr
Dense_Basis,22343,10.1398313122,10.0398313122,10.2398313122,0.767739340861,nan,nan,survived stellar mass,100 Myr
Dense_Basis,22371,10.7833714024,10.6833714024,10.9122450974,2.30051774151,nan,nan,survived stellar mass,100 Myr
Dense_Basis,22385,10.0958741858,9.9958741858,10.1966102195,1.6195451577,nan,nan,survived stellar mass,100 Myr
Dense_Basis,22456,9.96006567573,9.86006567573,10.6825617677,1.95866944358,nan,nan,survived stellar mass,100 Myr
Dense_Basis,22632,9.15974964906,9.05974964906,9.25974964906,-0.0799994711002,nan,nan,survived stellar mass,100 Myr
Dense_Basis,22697,9.08356935503,8.983569355030001,9.30997268027,0.340816072282,nan,nan,survived stellar mass,100 Myr
Dense_Basis,22727,8.92349329433,8.82349329433,9.023493294329999,0.45153926457,nan,nan,survived stellar mass,100 Myr
Dense_Basis,22795,10.1031360946,10.0031360946,10.2031360946,0.319851087485,nan,nan,survived stellar mass,100 Myr
Dense_Basis,22804,9.29634926074,9.19634926074,9.42931142896,0.781528117731,nan,nan,survived stellar mass,100 Myr
Dense_Basis,22833,9.56210421039,9.46210421039,9.66260791453,0.802359627134,nan,nan,survived stellar mass,100 Myr
Dense_Basis,22834,10.6729507267,10.5729507267,10.7729507267,0.88212013017,nan,nan,survived stellar mass,100 Myr
Dense_Basis,22847,10.304111915,10.204111915,10.4449506725,-1.1837232332,nan,nan,survived stellar mass,100 Myr
Dense_Basis,22857,10.1549473518,10.054947351800001,10.2549473518,1.05034425085,nan,nan,survived stellar mass,100 Myr
Dense_Basis,22919,10.8122373642,10.7111044161,10.9122373642,-0.214998141967,nan,nan,survived stellar mass,100 Myr
Dense_Basis,23053,10.0784147861,9.9784147861,10.1784147861,1.47634454961,nan,nan,survived stellar mass,100 Myr
Dense_Basis,23086,8.81395055246,8.71395055246,8.92355614898,0.920777647915,nan,nan,survived stellar mass,100 Myr
Dense_Basis,23156,9.38313679783,9.21677602683,9.48313679783,0.740863072408,nan,nan,survived stellar mass,100 Myr
Dense_Basis,23250,9.38260910781,9.28260910781,9.83436585979,0.477922662285,nan,nan,survived stellar mass,100 Myr
Dense_Basis,23316,10.2551636836,10.1551636836,10.355163683599999,0.566532971882,nan,nan,survived stellar mass,100 Myr
Dense_Basis,23351,9.84599891534,9.70042306392,9.945998915339999,-0.621862600258,nan,nan,survived stellar mass,100 Myr
Dense_Basis,23441,10.1004004671,10.0004004671,10.2004004671,1.50369110282,nan,nan,survived stellar mass,100 Myr
Dense_Basis,23451,9.22658257627,9.12658257627,9.326582576269999,0.780473717982,nan,nan,survived stellar mass,100 Myr
Dense_Basis,23491,9.8967666797,9.796766679700001,9.9967666797,-1.63601086859,nan,nan,survived stellar mass,100 Myr
Dense_Basis,23570,9.11279398443,9.00611335244,9.21279398443,0.980791133333,nan,nan,survived stellar mass,100 Myr
Dense_Basis,23579,10.3532457718,10.2532457718,10.5227270274,-0.494777799168,nan,nan,survived stellar mass,100 Myr
Dense_Basis,23685,9.49332985155,9.39332985155,9.63932325891,0.980975913082,nan,nan,survived stellar mass,100 Myr
Dense_Basis,23720,9.13019609837,9.03019609837,9.23019609837,0.516518697893,nan,nan,survived stellar mass,100 Myr
Dense_Basis,23761,10.7090454586,10.6090454586,10.8090454586,0.548757005478,nan,nan,survived stellar mass,100 Myr
Dense_Basis,23795,10.5734118601,10.4734118601,10.6734118601,0.1254313411,nan,nan,survived stellar mass,100 Myr
Dense_Basis,23817,9.18827239234,9.08827239234,9.28827239234,0.682298819052,nan,nan,survived stellar mass,100 Myr
Dense_Basis,23844,9.71361385389,9.61361385389,9.813613853889999,0.871696089386,nan,nan,survived stellar mass,100 Myr
Dense_Basis,23851,9.12583602119,9.02583602119,9.22583602119,0.276655935873,nan,nan,survived stellar mass,100 Myr
Dense_Basis,23855,9.44117861898,9.34117861898,9.54117861898,1.33498268774,nan,nan,survived stellar mass,100 Myr
Dense_Basis,23882,9.66255653459,9.56255653459,9.762556534589999,0.423068529716,nan,nan,survived stellar mass,100 Myr
Dense_Basis,23903,8.67891173642,8.57891173642,8.8614597395,0.579067685592,nan,nan,survived stellar mass,100 Myr
Dense_Basis,23927,10.1309408527,10.0309408527,10.2309408527,1.52623172621,nan,nan,survived stellar mass,100 Myr
Dense_Basis,23941,9.19531350338,9.09531350338,9.32186064674,0.728836048798,nan,nan,survived stellar mass,100 Myr
Dense_Basis,24066,8.86786321018,8.76786321018,9.04130268342,0.384851646647,nan,nan,survived stellar mass,100 Myr
Dense_Basis,24130,10.9108980381,10.8108980381,11.010898038099999,0.94662231947,nan,nan,survived stellar mass,100 Myr
Dense_Basis,24144,9.21044099741,9.11044099741,9.3598516651,0.589218373739,nan,nan,survived stellar mass,100 Myr
Dense_Basis,24185,10.3852222941,10.2852222941,10.4852222941,1.3521431819,nan,nan,survived stellar mass,100 Myr
Dense_Basis,24257,9.77540307123,9.67540307123,9.87540307123,0.824107582402,nan,nan,survived stellar mass,100 Myr
Dense_Basis,24313,10.2689326916,10.1689326916,10.3689326916,0.1460330814,nan,nan,survived stellar mass,100 Myr
Dense_Basis,24316,10.3734004089,10.2414491179,10.4734004089,1.73310032895,nan,nan,survived stellar mass,100 Myr
Dense_Basis,24336,9.3885740524,9.2885740524,9.488574052399999,-0.302270439494,nan,nan,survived stellar mass,100 Myr
Dense_Basis,24348,10.9702379842,10.870237984200001,11.0702379842,-0.0229996590613,nan,nan,survived stellar mass,100 Myr
Dense_Basis,24354,10.2604900845,10.160490084500001,10.3625633063,1.75886406174,nan,nan,survived stellar mass,100 Myr
Dense_Basis,24355,9.84430838693,9.744308386930001,9.96298104796,1.38560795205,nan,nan,survived stellar mass,100 Myr
Dense_Basis,24372,10.9497206781,10.8497206781,11.0497206781,0.529496272067,nan,nan,survived stellar mass,100 Myr
Dense_Basis,24389,9.31792977474,9.21792977474,9.41792977474,0.397653656413,nan,nan,survived stellar mass,100 Myr
Dense_Basis,24408,9.82949968295,9.729499682950001,9.92949968295,-1.10296258353,nan,nan,survived stellar mass,100 Myr
Dense_Basis,24497,10.7460800434,10.6460800434,10.846080043399999,2.63900086944,nan,nan,survived stellar mass,100 Myr
Dense_Basis,24511,10.010745545,9.910745545000001,10.110745545,1.06915388931,nan,nan,survived stellar mass,100 Myr
Dense_Basis,24720,9.57746324405,9.47746324405,9.67746324405,-0.0880091279043,nan,nan,survived stellar mass,100 Myr
Dense_Basis,24779,10.9344376845,10.834437684500001,11.0344376845,2.12195397013,nan,nan,survived stellar mass,100 Myr
Dense_Basis,24785,9.45586063441,9.35586063441,9.55586063441,0.234599445499,nan,nan,survived stellar mass,100 Myr
Dense_Basis,24786,9.40948337039,9.30948337039,9.509483370389999,1.2635869045,nan,nan,survived stellar mass,100 Myr
Dense_Basis,24814,9.19508064261,9.09508064261,9.29508064261,1.14929458679,nan,nan,survived stellar mass,100 Myr
Dense_Basis,24851,9.52532053265,8.88080487279,9.625320532649999,0.2205198775,nan,nan,survived stellar mass,100 Myr
Dense_Basis,24862,10.2561467831,10.1561467831,10.3751391218,0.617518979939,nan,nan,survived stellar mass,100 Myr
Dense_Basis,24943,10.1443172938,10.0443172938,10.256290729,1.52805713149,nan,nan,survived stellar mass,100 Myr
Dense_Basis,25028,9.68253517715,9.53927437625,9.782535177149999,0.567048065829,nan,nan,survived stellar mass,100 Myr
Dense_Basis,25037,9.77113629627,9.671136296270001,9.87113629627,1.55492092294,nan,nan,survived stellar mass,100 Myr
Dense_Basis,25060,10.8740027561,10.7740027561,10.974002756099999,0.0706898467961,nan,nan,survived stellar mass,100 Myr
Dense_Basis,25120,10.0675189087,9.9675189087,10.1675189087,1.77015260946,nan,nan,survived stellar mass,100 Myr
Dense_Basis,25137,9.9868257346,9.82929132683,10.0868257346,0.830167045368,nan,nan,survived stellar mass,100 Myr
Dense_Basis,25206,11.3647755042,11.264775504200001,11.4647755042,1.75579647826,nan,nan,survived stellar mass,100 Myr
Dense_Basis,25211,9.33209903304,9.23209903304,9.43209903304,0.462997100876,nan,nan,survived stellar mass,100 Myr
Dense_Basis,25246,10.6538811337,10.553881133700001,10.7538811337,1.17263877089,nan,nan,survived stellar mass,100 Myr
Dense_Basis,25248,9.2469619221,9.146961922100001,9.3469619221,0.888060393423,nan,nan,survived stellar mass,100 Myr
Dense_Basis,25250,10.8536083026,10.7536083026,10.9536083026,-0.57951892384,nan,nan,survived stellar mass,100 Myr
Dense_Basis,25270,9.5646978056,9.4646978056,9.79827326312,1.25475201836,nan,nan,survived stellar mass,100 Myr
Dense_Basis,25295,10.7901341533,10.6901341533,10.8901341533,2.08076077723,nan,nan,survived stellar mass,100 Myr
Dense_Basis,25341,9.38206194456,9.28001080809,9.48206194456,0.400956252047,nan,nan,survived stellar mass,100 Myr
Dense_Basis,25373,9.51809943028,9.41809943028,9.66443777121,0.981089478955,nan,nan,survived stellar mass,100 Myr
Dense_Basis,25389,9.32606984639,9.15715184553,9.42606984639,-0.166720295466,nan,nan,survived stellar mass,100 Myr
Dense_Basis,25406,9.61324750805,9.51324750805,9.71324750805,-2.97523165802,nan,nan,survived stellar mass,100 Myr
Dense_Basis,25465,10.8480089604,10.7480089604,10.9480089604,-41.2745642196,nan,nan,survived stellar mass,100 Myr
Dense_Basis,25489,10.9107053021,10.8107053021,11.0107053021,0.755534846208,nan,nan,survived stellar mass,100 Myr
Dense_Basis,25565,9.25880613003,9.158806130030001,9.36826752669,-0.273083149882,nan,nan,survived stellar mass,100 Myr
Dense_Basis,25573,10.8158494294,10.7158494294,10.9158494294,1.96661876055,nan,nan,survived stellar mass,100 Myr
Dense_Basis,25681,9.69933249501,9.59933249501,9.799332495009999,-0.701916892529,nan,nan,survived stellar mass,100 Myr
Dense_Basis,25794,9.85547968438,9.755479684380001,9.95547968438,0.605846957794,nan,nan,survived stellar mass,100 Myr
Dense_Basis,26039,9.38150614027,9.28150614027,9.55858948667,0.958096205326,nan,nan,survived stellar mass,100 Myr
Dense_Basis,26092,10.3213749536,10.2213749536,10.421374953599999,1.78581455047,nan,nan,survived stellar mass,100 Myr
Dense_Basis,26173,10.2141415161,10.1141415161,10.3141415161,0.235811194727,nan,nan,survived stellar mass,100 Myr
Dense_Basis,26185,10.4433644293,10.343364429300001,10.5433644293,1.01030704525,nan,nan,survived stellar mass,100 Myr
Dense_Basis,26255,9.82031090118,9.72031090118,9.93459082761,1.36946252004,nan,nan,survived stellar mass,100 Myr
Dense_Basis,26300,9.89761343421,9.79761343421,10.1776332067,1.39281940879,nan,nan,survived stellar mass,100 Myr
Dense_Basis,26345,9.80677141936,9.70677141936,9.90677141936,0.817013238047,nan,nan,survived stellar mass,100 Myr
Dense_Basis,26397,9.20779815227,9.10779815227,9.30779815227,0.393758456058,nan,nan,survived stellar mass,100 Myr
Dense_Basis,26398,9.73147858809,9.631478588090001,9.83147858809,1.79040275027,nan,nan,survived stellar mass,100 Myr
Dense_Basis,26476,9.65363019868,9.49991086937,9.75363019868,0.941846538175,nan,nan,survived stellar mass,100 Myr
Dense_Basis,26491,8.9696372675,8.8696372675,9.15669860735,0.60857121215,nan,nan,survived stellar mass,100 Myr
Dense_Basis,26535,10.8915009011,10.791500901100001,10.9915009011,-2.31122153649,nan,nan,survived stellar mass,100 Myr
Dense_Basis,26600,9.08817471712,8.98817471712,9.188174717119999,0.579643888681,nan,nan,survived stellar mass,100 Myr
Dense_Basis,26605,9.31503990219,9.21503990219,9.41503990219,0.183504385852,nan,nan,survived stellar mass,100 Myr
Dense_Basis,26618,9.60506808307,9.50506808307,9.70506808307,1.1602643029,nan,nan,survived stellar mass,100 Myr
Dense_Basis,26647,9.43272134908,9.33272134908,9.62828158696,1.07511901165,nan,nan,survived stellar mass,100 Myr
Dense_Basis,26722,10.0765138767,9.9765138767,10.3035568147,1.36540555103,nan,nan,survived stellar mass,100 Myr
Dense_Basis,26755,11.039117558,10.939117558,11.3647533807,2.25576388105,nan,nan,survived stellar mass,100 Myr
Prospector,21,10.1,9.98,10.17,0.55,-0.039999999999999925,0.97,formed stellar mass,100 Myr
Prospector,25,9.96,9.91,10.010000000000002,0.27,0.19,0.35000000000000003,formed stellar mass,100 Myr
Prospector,40,10.36,10.309999999999999,10.43,1.2,0.97,1.83,formed stellar mass,100 Myr
Prospector,58,10.33,10.27,10.37,0.84,0.75,1.24,formed stellar mass,100 Myr
Prospector,79,11.05,11.0,11.100000000000001,1.4,1.3299999999999998,2.11,formed stellar mass,100 Myr
Prospector,143,9.56,9.370000000000001,9.67,0.58,0.19999999999999996,1.16,formed stellar mass,100 Myr
Prospector,170,9.34,9.15,9.43,0.28,-0.42999999999999994,0.78,formed stellar mass,100 Myr
Prospector,190,9.68,9.549999999999999,9.81,0.38,0.0,1.03,formed stellar mass,100 Myr
Prospector,239,9.38,9.31,9.520000000000001,-0.18,-0.37,0.6599999999999999,formed stellar mass,100 Myr
Prospector,267,10.31,10.23,10.38,0.92,0.6900000000000001,1.1800000000000002,formed stellar mass,100 Myr
Prospector,274,9.99,9.790000000000001,10.15,1.56,1.25,1.6500000000000001,formed stellar mass,100 Myr
Prospector,300,10.17,9.99,10.32,1.52,1.2,1.6300000000000001,formed stellar mass,100 Myr
Prospector,344,9.39,9.25,9.610000000000001,0.96,0.1499999999999999,1.07,formed stellar mass,100 Myr
Prospector,407,9.61,9.549999999999999,9.69,-1.03,-1.85,-0.06000000000000005,formed stellar mass,100 Myr
Prospector,482,10.5,10.43,10.63,1.0,-0.3600000000000001,1.52,formed stellar mass,100 Myr
Prospector,499,10.22,10.15,10.3,-1.59,-2.79,-0.3400000000000001,formed stellar mass,100 Myr
Prospector,513,9.96,9.91,10.010000000000002,1.49,1.38,1.56,formed stellar mass,100 Myr
Prospector,528,11.06,10.99,11.14,1.23,-0.8399999999999999,1.95,formed stellar mass,100 Myr
Prospector,533,9.25,9.1,9.42,0.74,-0.19000000000000006,0.84,formed stellar mass,100 Myr
Prospector,570,9.24,9.040000000000001,9.65,0.73,0.49,1.2999999999999998,formed stellar mass,100 Myr
Prospector,601,9.37,9.19,9.469999999999999,0.9,-0.18000000000000005,0.99,formed stellar mass,100 Myr
Prospector,744,10.09,10.03,10.17,1.51,1.38,1.62,formed stellar mass,100 Myr
Prospector,797,10.49,10.4,10.56,0.71,0.53,1.33,formed stellar mass,100 Myr
Prospector,931,9.68,9.61,9.75,0.55,-0.25,0.8700000000000001,formed stellar mass,100 Myr
Prospector,952,9.33,9.14,9.5,0.89,0.17000000000000004,1.01,formed stellar mass,100 Myr
Prospector,994,10.03,9.93,10.229999999999999,1.85,0.7100000000000002,1.9900000000000002,formed stellar mass,100 Myr
Prospector,1025,9.75,9.52,9.84,1.02,0.42000000000000004,1.21,formed stellar mass,100 Myr
Prospector,1205,8.93,8.78,9.12,0.04,-0.16,0.33999999999999997,formed stellar mass,100 Myr
Prospector,1256,11.23,11.21,11.27,0.24,-0.55,0.77,formed stellar mass,100 Myr
Prospector,1603,9.1,8.92,9.32,0.55,0.27,0.79,formed stellar mass,100 Myr
Prospector,1609,9.36,8.94,9.58,0.87,0.78,0.92,formed stellar mass,100 Myr
Prospector,1695,9.2,8.95,9.459999999999999,0.4,0.06,0.64,formed stellar mass,100 Myr
Prospector,1772,9.98,9.91,10.040000000000001,-0.34,-1.35,0.24999999999999994,formed stellar mass,100 Myr
Prospector,1826,9.56,9.47,9.64,1.11,0.9600000000000001,1.25,formed stellar mass,100 Myr
Prospector,1848,10.41,10.34,10.48,2.2,2.1300000000000003,2.2600000000000002,formed stellar mass,100 Myr
Prospector,1851,11.0,10.95,11.03,-0.35,-1.6,0.52,formed stellar mass,100 Myr
Prospector,1862,10.07,9.96,10.27,0.75,0.38,1.1099999999999999,formed stellar mass,100 Myr
Prospector,1872,9.89,9.82,9.97,-0.88,-2.57,0.64,formed stellar mass,100 Myr
Prospector,1886,10.01,9.97,10.09,1.55,1.3900000000000001,1.62,formed stellar mass,100 Myr
Prospector,1918,10.7,10.629999999999999,10.76,1.76,1.68,1.84,formed stellar mass,100 Myr
Prospector,2013,9.92,9.86,10.03,1.41,0.6199999999999999,1.48,formed stellar mass,100 Myr
Prospector,2046,10.07,9.790000000000001,10.18,1.2,0.77,1.58,formed stellar mass,100 Myr
Prospector,2068,9.36,9.24,9.45,0.62,0.39,0.86,formed stellar mass,100 Myr
Prospector,2096,9.42,9.33,9.51,0.6,0.47,1.0899999999999999,formed stellar mass,100 Myr
Prospector,2100,9.27,9.17,9.42,0.03,-0.08,0.5800000000000001,formed stellar mass,100 Myr
Prospector,2102,9.32,9.200000000000001,9.52,0.86,-0.13,1.08,formed stellar mass,100 Myr
Prospector,2149,9.38,9.280000000000001,9.450000000000001,0.75,-0.13,0.84,formed stellar mass,100 Myr
Prospector,2228,10.6,10.49,10.7,0.34,-0.95,1.08,formed stellar mass,100 Myr
Prospector,2583,9.82,9.72,9.9,1.52,1.47,1.56,formed stellar mass,100 Myr
Prospector,2697,10.25,9.95,10.41,1.17,0.6,1.5999999999999999,formed stellar mass,100 Myr
Prospector,2784,9.4,9.26,9.52,1.1,0.9400000000000001,1.2400000000000002,formed stellar mass,100 Myr
Prospector,2793,10.71,10.65,10.770000000000001,-0.2,-1.07,1.6400000000000001,formed stellar mass,100 Myr
Prospector,2862,10.57,10.52,10.61,1.45,1.38,1.52,formed stellar mass,100 Myr
Prospector,2903,9.7,9.569999999999999,9.84,0.27,0.04000000000000001,0.43000000000000005,formed stellar mass,100 Myr
Prospector,2921,10.18,10.08,10.28,1.33,0.7400000000000001,1.57,formed stellar mass,100 Myr
Prospector,2976,9.87,9.83,9.899999999999999,1.12,0.9900000000000001,1.28,formed stellar mass,100 Myr
Prospector,3315,8.98,8.93,9.02,-0.08,-0.16,0.26999999999999996,formed stellar mass,100 Myr
Prospector,3336,9.37,9.28,9.479999999999999,0.33,-0.6199999999999999,0.76,formed stellar mass,100 Myr
Prospector,3371,10.27,10.23,10.33,-0.1,-0.82,0.37,formed stellar mass,100 Myr
Prospector,3404,10.21,10.13,10.290000000000001,1.67,1.5299999999999998,1.76,formed stellar mass,100 Myr
Prospector,3412,9.27,9.15,9.43,0.96,0.52,1.01,formed stellar mass,100 Myr
Prospector,3432,8.99,8.91,9.1,0.14,-0.14999999999999997,0.55,formed stellar mass,100 Myr
Prospector,3451,8.97,8.870000000000001,9.07,0.74,0.52,0.82,formed stellar mass,100 Myr
Prospector,3458,9.33,9.23,9.45,1.12,0.8900000000000001,1.2400000000000002,formed stellar mass,100 Myr
Prospector,3591,9.32,9.21,9.450000000000001,0.85,0.039999999999999925,1.0,formed stellar mass,100 Myr
Prospector,3631,9.3,9.14,9.48,1.06,0.56,1.23,formed stellar mass,100 Myr
Prospector,3647,11.16,11.14,11.19,-1.56,-2.7199999999999998,-0.8500000000000001,formed stellar mass,100 Myr
Prospector,3653,9.16,9.08,9.35,0.08,-0.020000000000000004,0.8999999999999999,formed stellar mass,100 Myr
Prospector,3683,10.35,10.25,10.43,1.61,1.48,1.9700000000000002,formed stellar mass,100 Myr
Prospector,3707,9.08,9.040000000000001,9.32,0.92,0.37,0.98,formed stellar mass,100 Myr
Prospector,3767,10.7,10.67,10.719999999999999,-1.47,-2.37,-0.86,formed stellar mass,100 Myr
Prospector,3811,9.3,9.100000000000001,9.5,0.69,-0.16000000000000003,0.8799999999999999,formed stellar mass,100 Myr
Prospector,3871,9.44,9.32,9.51,0.89,0.47000000000000003,1.1,formed stellar mass,100 Myr
Prospector,4056,9.16,9.02,9.32,0.09,-1.0499999999999998,0.72,formed stellar mass,100 Myr
Prospector,4062,10.96,10.940000000000001,10.98,-1.46,-2.5999999999999996,-0.76,formed stellar mass,100 Myr
Prospector,4171,10.8,10.620000000000001,10.9,2.0,1.26,2.2,formed stellar mass,100 Myr
Prospector,4187,9.69,9.629999999999999,9.77,1.58,1.4200000000000002,1.6300000000000001,formed stellar mass,100 Myr
Prospector,4216,11.23,11.18,11.280000000000001,2.18,1.87,2.3600000000000003,formed stellar mass,100 Myr
Prospector,4348,10.54,10.399999999999999,10.62,1.42,0.44999999999999996,1.8199999999999998,formed stellar mass,100 Myr
Prospector,4376,10.71,10.610000000000001,10.81,1.66,1.5299999999999998,1.79,formed stellar mass,100 Myr
Prospector,4459,10.25,10.18,10.31,-1.49,-2.84,-0.32000000000000006,formed stellar mass,100 Myr
Prospector,4529,11.2,11.19,11.209999999999999,-2.13,-3.33,-1.3299999999999998,formed stellar mass,100 Myr
Prospector,4589,9.17,9.03,9.49,0.77,0.62,0.86,formed stellar mass,100 Myr
Prospector,4608,11.16,11.11,11.19,0.2,-0.55,0.73,formed stellar mass,100 Myr
Prospector,4644,9.73,9.63,9.84,0.27,-0.28,0.8200000000000001,formed stellar mass,100 Myr
Prospector,5012,10.02,9.83,10.12,1.1,0.8200000000000001,1.35,formed stellar mass,100 Myr
Prospector,5068,9.95,9.889999999999999,10.049999999999999,-1.39,-2.4699999999999998,-0.69,formed stellar mass,100 Myr
Prospector,5219,9.77,9.7,9.83,-0.39,-2.47,0.30999999999999994,formed stellar mass,100 Myr
Prospector,5568,9.49,9.38,9.56,-0.39,-0.93,0.6,formed stellar mass,100 Myr
Prospector,5789,9.36,9.229999999999999,9.44,0.9,0.72,1.0,formed stellar mass,100 Myr
Prospector,5845,9.39,8.950000000000001,9.66,0.84,0.25,0.94,formed stellar mass,100 Myr
Prospector,5950,10.36,10.33,10.389999999999999,-1.94,-3.04,-1.27,formed stellar mass,100 Myr
Prospector,6141,9.75,9.61,9.86,1.41,1.3199999999999998,1.49,formed stellar mass,100 Myr
Prospector,6159,9.66,9.540000000000001,9.81,1.11,0.28000000000000014,1.4300000000000002,formed stellar mass,100 Myr
Prospector,6221,11.03,10.979999999999999,11.069999999999999,1.86,1.6800000000000002,2.13,formed stellar mass,100 Myr
Prospector,6401,10.73,10.68,10.75,-0.97,-2.09,-0.21999999999999997,formed stellar mass,100 Myr
Prospector,6665,9.3,9.190000000000001,9.48,0.58,0.35,1.23,formed stellar mass,100 Myr
Prospector,7011,10.08,10.0,10.13,0.48,0.3,0.6599999999999999,formed stellar mass,100 Myr
Prospector,7094,9.14,9.030000000000001,9.25,-0.49,-0.71,-0.2,formed stellar mass,100 Myr
Prospector,7183,10.82,10.72,10.88,1.63,1.5499999999999998,1.8299999999999998,formed stellar mass,100 Myr
Prospector,7195,11.03,10.959999999999999,11.08,1.97,1.76,2.09,formed stellar mass,100 Myr
Prospector,7219,10.71,10.690000000000001,10.73,-1.72,-2.8200000000000003,-0.98,formed stellar mass,100 Myr
Prospector,7603,9.12,8.799999999999999,9.409999999999998,0.45,0.2,0.8400000000000001,formed stellar mass,100 Myr
Prospector,7649,9.4,9.34,9.52,1.01,0.84,1.1,formed stellar mass,100 Myr
Prospector,7764,9.62,9.069999999999999,9.78,0.48,0.24,0.74,formed stellar mass,100 Myr
Prospector,7772,9.67,9.35,9.82,0.31,-0.41,1.2,formed stellar mass,100 Myr
Prospector,7837,10.58,10.5,10.63,1.16,1.0799999999999998,1.49,formed stellar mass,100 Myr
Prospector,7886,10.91,10.83,10.98,0.86,0.42,1.38,formed stellar mass,100 Myr
Prospector,7988,9.94,9.86,10.03,1.16,0.8599999999999999,1.3599999999999999,formed stellar mass,100 Myr
Prospector,8038,9.7,9.62,9.77,0.37,0.26,0.58,formed stellar mass,100 Myr
Prospector,8041,10.64,10.620000000000001,10.66,-1.38,-2.54,-0.6999999999999998,formed stellar mass,100 Myr
Prospector,8067,10.56,10.46,10.610000000000001,-0.96,-2.16,-0.18999999999999995,formed stellar mass,100 Myr
Prospector,8113,9.03,8.94,9.18,0.93,0.8500000000000001,0.9800000000000001,formed stellar mass,100 Myr
Prospector,8154,10.59,10.5,10.65,-0.66,-1.7400000000000002,0.64,formed stellar mass,100 Myr
Prospector,8167,10.71,10.64,10.770000000000001,1.3,-0.10999999999999988,1.6400000000000001,formed stellar mass,100 Myr
Prospector,8402,10.08,9.99,10.16,1.26,0.99,1.41,formed stellar mass,100 Myr
Prospector,8461,9.09,9.02,9.18,-0.06,-0.14,0.07,formed stellar mass,100 Myr
Prospector,8540,9.24,9.040000000000001,9.370000000000001,0.66,0.39,0.8200000000000001,formed stellar mass,100 Myr
Prospector,8586,8.91,8.78,9.03,0.55,0.19000000000000006,0.68,formed stellar mass,100 Myr
Prospector,8976,9.05,8.98,9.180000000000001,1.0,0.86,1.05,formed stellar mass,100 Myr
Prospector,9026,10.54,10.469999999999999,10.59,-0.45,-1.76,0.34,formed stellar mass,100 Myr
Prospector,9372,8.95,8.83,9.09,-0.31,-0.54,0.32,formed stellar mass,100 Myr
Prospector,9380,9.84,9.73,9.93,0.92,0.3400000000000001,1.2000000000000002,formed stellar mass,100 Myr
Prospector,9606,9.05,8.860000000000001,9.23,0.66,0.48000000000000004,0.95,formed stellar mass,100 Myr
Prospector,9769,10.51,10.36,10.799999999999999,2.16,1.25,2.3400000000000003,formed stellar mass,100 Myr
Prospector,9871,9.54,9.42,9.639999999999999,1.29,1.23,1.34,formed stellar mass,100 Myr
Prospector,9884,9.13,9.030000000000001,9.280000000000001,0.76,0.71,0.84,formed stellar mass,100 Myr
Prospector,10056,9.7,9.629999999999999,9.79,-0.4,-1.4,0.2899999999999999,formed stellar mass,100 Myr
Prospector,10075,9.17,9.05,9.42,-0.17,-1.14,0.30999999999999994,formed stellar mass,100 Myr
Prospector,10099,9.97,9.930000000000001,10.030000000000001,0.42,-0.21000000000000002,1.1199999999999999,formed stellar mass,100 Myr
Prospector,10246,9.26,9.15,9.33,0.35,-0.4,0.75,formed stellar mass,100 Myr
Prospector,10413,11.26,11.209999999999999,11.4,2.13,1.29,2.44,formed stellar mass,100 Myr
Prospector,10465,9.34,9.25,9.44,0.54,-0.010000000000000009,0.92,formed stellar mass,100 Myr
Prospector,10496,10.64,10.57,10.690000000000001,1.23,1.01,1.37,formed stellar mass,100 Myr
Prospector,10679,9.57,9.44,9.81,1.3,1.12,1.42,formed stellar mass,100 Myr
Prospector,11058,9.68,9.61,9.76,1.29,1.18,1.37,formed stellar mass,100 Myr
Prospector,11156,9.18,9.1,9.26,0.26,0.06,0.6000000000000001,formed stellar mass,100 Myr
Prospector,11425,9.23,9.07,9.34,0.47,0.06,0.79,formed stellar mass,100 Myr
Prospector,11618,10.51,10.42,10.61,1.01,0.5700000000000001,1.6800000000000002,formed stellar mass,100 Myr
Prospector,11981,10.73,10.68,10.75,-1.13,-2.23,-0.3599999999999999,formed stellar mass,100 Myr
Prospector,12216,9.61,9.53,9.68,0.48,0.38,0.64,formed stellar mass,100 Myr
Prospector,12304,9.52,9.37,9.639999999999999,1.16,0.8099999999999999,1.5899999999999999,formed stellar mass,100 Myr
Prospector,12354,9.08,9.0,9.15,0.45,-0.31,0.68,formed stellar mass,100 Myr
Prospector,12588,9.36,9.25,9.459999999999999,0.74,0.59,0.81,formed stellar mass,100 Myr
Prospector,12829,9.2,9.149999999999999,9.559999999999999,1.06,0.76,1.11,formed stellar mass,100 Myr
Prospector,12997,9.5,9.4,9.6,1.16,1.02,1.3499999999999999,formed stellar mass,100 Myr
Prospector,13086,9.21,9.110000000000001,9.3,0.49,0.010000000000000009,0.79,formed stellar mass,100 Myr
Prospector,13097,10.46,10.350000000000001,10.540000000000001,1.33,1.09,1.6,formed stellar mass,100 Myr
Prospector,13249,9.86,9.729999999999999,10.01,0.71,0.33999999999999997,1.15,formed stellar mass,100 Myr
Prospector,13312,9.53,9.41,9.66,0.22,-1.18,0.75,formed stellar mass,100 Myr
Prospector,13400,9.51,9.43,9.61,1.04,0.36,1.28,formed stellar mass,100 Myr
Prospector,13601,11.09,11.05,11.12,1.7,1.29,2.05,formed stellar mass,100 Myr
Prospector,13637,10.83,10.77,10.88,-0.92,-2.14,-0.030000000000000027,formed stellar mass,100 Myr
Prospector,13890,9.47,9.360000000000001,9.58,-0.38,-0.85,0.18000000000000005,formed stellar mass,100 Myr
Prospector,13903,9.32,9.09,9.48,0.83,-0.5100000000000001,1.0899999999999999,formed stellar mass,100 Myr
Prospector,13995,8.78,8.649999999999999,8.99,0.1,0.0,0.28,formed stellar mass,100 Myr
Prospector,14098,9.68,9.56,9.77,0.87,0.06999999999999995,1.1,formed stellar mass,100 Myr
Prospector,14099,10.02,9.78,10.08,0.35,0.24999999999999997,1.6099999999999999,formed stellar mass,100 Myr
Prospector,14222,9.25,9.15,9.35,-0.49,-1.91,0.39,formed stellar mass,100 Myr
Prospector,14246,10.21,10.14,10.290000000000001,1.84,1.74,1.9100000000000001,formed stellar mass,100 Myr
Prospector,14288,9.25,9.1,9.53,0.88,-0.06999999999999995,1.08,formed stellar mass,100 Myr
Prospector,14637,10.35,10.28,10.41,1.44,0.6599999999999999,1.72,formed stellar mass,100 Myr
Prospector,14650,9.05,8.950000000000001,9.180000000000001,0.44,-0.36000000000000004,0.65,formed stellar mass,100 Myr
Prospector,14773,9.45,9.35,9.54,0.57,0.48,0.7,formed stellar mass,100 Myr
Prospector,14782,9.85,9.75,9.95,1.6,1.1900000000000002,1.6600000000000001,formed stellar mass,100 Myr
Prospector,15122,10.19,10.129999999999999,10.25,1.54,1.42,1.6,formed stellar mass,100 Myr
Prospector,15154,9.52,9.48,9.57,-1.57,-2.59,-0.6900000000000001,formed stellar mass,100 Myr
Prospector,15300,9.09,8.74,9.18,0.42,0.13,0.77,formed stellar mass,100 Myr
Prospector,15336,10.62,10.5,10.709999999999999,1.41,1.19,1.91,formed stellar mass,100 Myr
Prospector,15585,9.39,9.350000000000001,9.56,1.27,1.16,1.32,formed stellar mass,100 Myr
Prospector,15704,9.24,9.16,9.370000000000001,1.18,1.14,1.21,formed stellar mass,100 Myr
Prospector,15746,9.17,9.11,9.26,0.6,-0.44000000000000006,0.74,formed stellar mass,100 Myr
Prospector,15753,9.67,9.52,9.81,1.0,0.43000000000000005,1.1400000000000001,formed stellar mass,100 Myr
Prospector,15775,10.44,10.229999999999999,10.5,1.47,1.32,2.16,formed stellar mass,100 Myr
Prospector,15870,9.57,9.48,9.64,0.81,0.7000000000000001,0.9,formed stellar mass,100 Myr
Prospector,15924,9.45,9.379999999999999,9.53,0.77,0.6900000000000001,0.85,formed stellar mass,100 Myr
Prospector,15959,9.84,9.78,9.91,1.24,0.64,1.31,formed stellar mass,100 Myr
Prospector,15967,10.14,10.030000000000001,10.21,1.45,1.2,1.63,formed stellar mass,100 Myr
Prospector,15988,9.78,9.719999999999999,9.86,0.84,0.54,1.04,formed stellar mass,100 Myr
Prospector,15991,9.3,9.24,9.4,-0.39,-0.5900000000000001,-0.18000000000000002,formed stellar mass,100 Myr
Prospector,16048,9.94,9.86,10.03,0.69,-0.1100000000000001,1.2599999999999998,formed stellar mass,100 Myr
Prospector,16049,9.99,9.92,10.06,2.0,1.93,2.06,formed stellar mass,100 Myr
Prospector,16123,9.65,9.49,9.780000000000001,0.24,0.10999999999999999,0.69,formed stellar mass,100 Myr
Prospector,16236,9.55,9.47,9.74,1.37,0.17000000000000015,1.5100000000000002,formed stellar mass,100 Myr
Prospector,16275,9.07,8.99,9.31,0.85,0.58,0.9,formed stellar mass,100 Myr
Prospector,16336,10.89,10.82,10.950000000000001,-1.58,-2.76,-0.8400000000000001,formed stellar mass,100 Myr
Prospector,16360,10.53,10.479999999999999,10.569999999999999,-1.71,-2.8200000000000003,-0.9199999999999999,formed stellar mass,100 Myr
Prospector,16435,10.75,10.64,10.86,1.74,0.95,1.93,formed stellar mass,100 Myr
Prospector,16440,10.75,10.64,10.85,1.63,1.0899999999999999,2.31,formed stellar mass,100 Myr
Prospector,16455,10.37,10.299999999999999,10.44,2.13,2.05,2.1799999999999997,formed stellar mass,100 Myr
Prospector,16514,10.86,10.79,10.92,-0.46,-1.34,0.3,formed stellar mass,100 Myr
Prospector,16697,9.72,9.540000000000001,9.83,0.82,0.72,1.04,formed stellar mass,100 Myr
Prospector,16714,9.82,9.700000000000001,9.91,0.21,-0.4,0.59,formed stellar mass,100 Myr
Prospector,16854,9.77,9.68,9.86,1.01,0.55,1.46,formed stellar mass,100 Myr
Prospector,16871,9.09,8.8,9.4,0.5,-0.15000000000000002,1.0899999999999999,formed stellar mass,100 Myr
Prospector,16921,9.96,9.89,10.07,-0.97,-1.98,-0.35,formed stellar mass,100 Myr
Prospector,17026,9.4,9.31,9.48,0.2,-0.18,0.54,formed stellar mass,100 Myr
Prospector,17062,9.78,9.719999999999999,9.84,-0.61,-1.3900000000000001,-0.14999999999999997,formed stellar mass,100 Myr
Prospector,17064,10.39,10.360000000000001,10.43,-1.93,-3.0999999999999996,-1.23,formed stellar mass,100 Myr
Prospector,17098,9.21,9.15,9.32,0.69,0.5199999999999999,0.7699999999999999,formed stellar mass,100 Myr
Prospector,17185,9.36,9.229999999999999,9.62,0.3,-0.10000000000000003,0.69,formed stellar mass,100 Myr
Prospector,17211,10.93,10.86,10.99,0.62,-0.010000000000000009,1.19,formed stellar mass,100 Myr
Prospector,17214,10.08,9.99,10.19,1.22,0.84,1.41,formed stellar mass,100 Myr
Prospector,17225,9.4,9.27,9.51,0.75,0.5,0.86,formed stellar mass,100 Myr
Prospector,17233,9.5,9.46,9.64,1.14,0.5799999999999998,1.24,formed stellar mass,100 Myr
Prospector,17245,10.4,10.3,10.46,1.64,1.5399999999999998,1.72,formed stellar mass,100 Myr
Prospector,17254,9.63,9.510000000000002,9.780000000000001,-1.11,-2.39,0.22999999999999998,formed stellar mass,100 Myr
Prospector,17265,9.93,9.84,10.01,0.76,0.63,1.42,formed stellar mass,100 Myr
Prospector,17376,10.17,10.1,10.25,1.36,1.0100000000000002,1.52,formed stellar mass,100 Myr
Prospector,17418,11.62,11.6,11.639999999999999,-0.89,-2.09,-0.21999999999999997,formed stellar mass,100 Myr
Prospector,17422,9.46,9.370000000000001,9.56,1.11,0.5100000000000001,1.29,formed stellar mass,100 Myr
Prospector,17433,11.1,11.08,11.12,-0.78,-1.63,-0.21999999999999997,formed stellar mass,100 Myr
Prospector,17474,9.34,9.27,9.45,0.84,0.6,1.1,formed stellar mass,100 Myr
Prospector,17652,9.32,9.26,9.38,1.25,1.13,1.35,formed stellar mass,100 Myr
Prospector,17843,9.61,9.51,9.7,1.35,0.3500000000000001,1.4100000000000001,formed stellar mass,100 Myr
Prospector,18048,10.65,10.56,10.71,-0.65,-2.22,1.4100000000000001,formed stellar mass,100 Myr
Prospector,18130,10.55,10.48,10.600000000000001,-2.1,-3.21,-1.32,formed stellar mass,100 Myr
Prospector,18132,9.84,9.79,9.99,1.6,1.54,1.6900000000000002,formed stellar mass,100 Myr
Prospector,18146,9.06,8.83,9.13,0.08,-0.13,0.38,formed stellar mass,100 Myr
Prospector,18160,11.09,11.05,11.129999999999999,2.11,1.98,2.1999999999999997,formed stellar mass,100 Myr
Prospector,18326,10.47,10.180000000000001,10.540000000000001,1.96,1.88,2.17,formed stellar mass,100 Myr
Prospector,18375,9.38,9.190000000000001,9.46,0.84,0.49999999999999994,1.03,formed stellar mass,100 Myr
Prospector,18380,9.62,9.559999999999999,9.729999999999999,1.35,0.9600000000000001,1.4200000000000002,formed stellar mass,100 Myr
Prospector,18405,9.1,9.06,9.15,-0.19,-0.26,-0.1,formed stellar mass,100 Myr
Prospector,18413,8.81,8.700000000000001,8.92,0.06,0.009999999999999995,0.14,formed stellar mass,100 Myr
Prospector,18443,9.42,9.32,9.69,1.18,0.8499999999999999,1.3199999999999998,formed stellar mass,100 Myr
Prospector,18572,9.19,9.049999999999999,9.52,0.92,-1.13,1.11,formed stellar mass,100 Myr
Prospector,18619,9.73,9.620000000000001,9.84,0.15,-0.23,0.47,formed stellar mass,100 Myr
Prospector,18661,10.36,10.309999999999999,10.41,1.42,1.02,1.5499999999999998,formed stellar mass,100 Myr
Prospector,18715,10.51,10.45,10.57,1.29,1.18,1.3900000000000001,formed stellar mass,100 Myr
Prospector,18732,9.52,9.24,9.74,0.17,-0.48,1.08,formed stellar mass,100 Myr
Prospector,18767,10.18,10.1,10.219999999999999,-1.31,-2.6100000000000003,-0.28,formed stellar mass,100 Myr
Prospector,18821,10.69,10.53,10.809999999999999,1.57,1.46,1.84,formed stellar mass,100 Myr
Prospector,18908,9.81,9.700000000000001,9.92,1.21,1.04,1.29,formed stellar mass,100 Myr
Prospector,18941,10.3,10.270000000000001,10.33,-2.41,-3.46,-1.62,formed stellar mass,100 Myr
Prospector,18946,9.13,8.96,9.440000000000001,0.77,-0.22999999999999998,0.93,formed stellar mass,100 Myr
Prospector,19133,9.34,9.22,9.42,1.06,0.9500000000000001,1.1700000000000002,formed stellar mass,100 Myr
Prospector,19136,10.1,10.0,10.2,1.02,0.8200000000000001,1.5899999999999999,formed stellar mass,100 Myr
Prospector,19176,9.35,8.99,9.42,0.59,0.38,0.8999999999999999,formed stellar mass,100 Myr
Prospector,19202,9.29,9.219999999999999,9.409999999999998,0.19,-0.45,0.45,formed stellar mass,100 Myr
Prospector,19422,10.45,10.37,10.54,1.56,1.29,1.72,formed stellar mass,100 Myr
Prospector,19508,10.75,10.66,10.83,0.11,-1.0499999999999998,0.9,formed stellar mass,100 Myr
Prospector,19633,9.96,9.860000000000001,10.06,1.58,1.4300000000000002,1.6900000000000002,formed stellar mass,100 Myr
Prospector,20066,9.26,9.11,9.34,1.1,0.3400000000000001,1.1900000000000002,formed stellar mass,100 Myr
Prospector,20168,10.12,10.059999999999999,10.219999999999999,1.22,0.9199999999999999,1.48,formed stellar mass,100 Myr
Prospector,20261,9.74,9.66,9.83,0.46,-1.03,0.91,formed stellar mass,100 Myr
Prospector,20344,9.77,9.69,9.86,0.93,0.51,1.1400000000000001,formed stellar mass,100 Myr
Prospector,20539,9.57,9.49,9.65,0.99,0.64,1.13,formed stellar mass,100 Myr
Prospector,20627,9.75,9.43,9.84,1.04,0.4600000000000001,1.34,formed stellar mass,100 Myr
Prospector,20639,10.64,10.59,10.690000000000001,1.79,1.0,1.92,formed stellar mass,100 Myr
Prospector,20663,9.07,9.0,9.17,-0.04,-0.31,0.34,formed stellar mass,100 Myr
Prospector,20860,9.12,8.969999999999999,9.34,0.37,-0.31999999999999995,0.58,formed stellar mass,100 Myr
Prospector,21038,10.4,10.280000000000001,10.46,1.79,1.6400000000000001,1.9100000000000001,formed stellar mass,100 Myr
Prospector,21174,9.63,9.41,9.770000000000001,0.94,0.58,1.17,formed stellar mass,100 Myr
Prospector,21201,9.25,9.09,9.39,0.03,-0.7999999999999999,0.5,formed stellar mass,100 Myr
Prospector,21226,9.39,9.350000000000001,9.450000000000001,0.33,0.09000000000000002,0.5900000000000001,formed stellar mass,100 Myr
Prospector,21315,9.14,8.81,9.3,0.55,0.13000000000000006,0.67,formed stellar mass,100 Myr
Prospector,21329,9.9,9.74,10.0,1.41,1.15,1.64,formed stellar mass,100 Myr
Prospector,21379,9.67,9.54,9.78,0.71,0.6499999999999999,1.18,formed stellar mass,100 Myr
Prospector,21708,10.47,10.42,10.520000000000001,1.74,1.68,1.79,formed stellar mass,100 Myr
Prospector,21772,10.82,10.81,10.84,-2.27,-3.44,-1.5,formed stellar mass,100 Myr
Prospector,21894,10.43,10.41,10.45,-2.19,-3.37,-1.44,formed stellar mass,100 Myr
Prospector,21926,10.91,10.84,10.99,-0.81,-1.8800000000000001,-0.06000000000000005,formed stellar mass,100 Myr
Prospector,21963,9.47,9.38,9.520000000000001,1.04,0.99,1.07,formed stellar mass,100 Myr
Prospector,21971,9.23,9.15,9.31,0.43,0.19,0.59,formed stellar mass,100 Myr
Prospector,22002,11.3,11.280000000000001,11.32,-1.31,-2.45,-0.6000000000000001,formed stellar mass,100 Myr
Prospector,22059,10.68,10.56,10.76,1.67,1.4,1.81,formed stellar mass,100 Myr
Prospector,22173,9.67,9.59,9.79,1.59,1.56,1.6300000000000001,formed stellar mass,100 Myr
Prospector,22279,10.58,10.48,10.65,1.22,0.26,1.53,formed stellar mass,100 Myr
Prospector,22312,9.06,8.88,9.26,0.1,-0.66,0.57,formed stellar mass,100 Myr
Prospector,22343,10.01,9.9,10.17,1.04,0.68,1.29,formed stellar mass,100 Myr
Prospector,22371,10.87,10.83,10.899999999999999,1.94,1.72,2.04,formed stellar mass,100 Myr
Prospector,22385,10.35,10.209999999999999,10.44,0.57,0.18999999999999995,1.35,formed stellar mass,100 Myr
Prospector,22456,10.46,10.38,10.520000000000001,1.11,1.05,1.4400000000000002,formed stellar mass,100 Myr
Prospector,22632,9.11,8.99,9.25,0.55,0.10000000000000003,0.7100000000000001,formed stellar mass,100 Myr
Prospector,22697,9.33,9.22,9.4,0.09,-0.31999999999999995,0.38,formed stellar mass,100 Myr
Prospector,22727,8.99,8.9,9.32,0.55,-0.12,0.67,formed stellar mass,100 Myr
Prospector,22795,10.12,10.069999999999999,10.19,-1.11,-2.24,-0.45000000000000007,formed stellar mass,100 Myr
Prospector,22804,9.3,9.260000000000002,9.360000000000001,0.91,0.8300000000000001,0.9500000000000001,formed stellar mass,100 Myr
Prospector,22833,9.47,9.4,9.540000000000001,0.11,-0.09999999999999999,0.3,formed stellar mass,100 Myr
Prospector,22834,10.52,10.45,10.6,1.59,1.25,1.83,formed stellar mass,100 Myr
Prospector,22847,10.42,10.32,10.48,-0.62,-1.3199999999999998,-0.07999999999999996,formed stellar mass,100 Myr
Prospector,22857,10.0,9.95,10.08,0.6,0.42999999999999994,1.5699999999999998,formed stellar mass,100 Myr
Prospector,22919,10.81,10.790000000000001,10.83,-1.61,-2.76,-0.9600000000000001,formed stellar mass,100 Myr
Prospector,23053,9.98,9.92,10.09,1.72,1.58,1.81,formed stellar mass,100 Myr
Prospector,23086,9.22,9.09,9.350000000000001,0.29,0.20999999999999996,0.5,formed stellar mass,100 Myr
Prospector,23156,9.23,9.16,9.31,0.46,0.19,0.66,formed stellar mass,100 Myr
Prospector,23250,9.94,9.87,10.02,0.04,-0.30000000000000004,0.35,formed stellar mass,100 Myr
Prospector,23316,10.16,10.1,10.24,-0.53,-1.69,0.28,formed stellar mass,100 Myr
Prospector,23351,9.66,9.540000000000001,9.75,-0.36,-0.53,-0.18,formed stellar mass,100 Myr
Prospector,23441,10.22,10.13,10.290000000000001,0.83,0.73,1.25,formed stellar mass,100 Myr
Prospector,23451,9.24,9.15,9.49,0.93,0.74,1.07,formed stellar mass,100 Myr
Prospector,23491,9.79,9.7,9.909999999999998,0.32,-0.6299999999999999,0.8999999999999999,formed stellar mass,100 Myr
Prospector,23570,9.65,9.51,9.9,0.62,0.38,1.1400000000000001,formed stellar mass,100 Myr
Prospector,23579,10.41,10.35,10.47,0.27,-1.15,1.06,formed stellar mass,100 Myr
Prospector,23685,9.37,9.28,9.549999999999999,1.15,0.9799999999999999,1.27,formed stellar mass,100 Myr
Prospector,23720,9.1,9.01,9.219999999999999,0.42,-0.14000000000000007,0.6799999999999999,formed stellar mass,100 Myr
Prospector,23761,10.7,10.629999999999999,10.76,0.27,-0.8599999999999999,1.08,formed stellar mass,100 Myr
Prospector,23795,10.64,10.610000000000001,10.700000000000001,-0.08,-0.83,0.37,formed stellar mass,100 Myr
Prospector,23817,9.16,9.08,9.24,1.09,0.22000000000000008,1.2000000000000002,formed stellar mass,100 Myr
Prospector,23844,9.52,9.42,9.79,1.33,1.1300000000000001,1.4000000000000001,formed stellar mass,100 Myr
Prospector,23851,9.15,8.97,9.34,0.61,0.53,0.88,formed stellar mass,100 Myr
Prospector,23855,9.84,9.73,9.959999999999999,1.44,0.75,1.5699999999999998,formed stellar mass,100 Myr
Prospector,23882,9.77,9.67,9.85,-0.03,-0.66,0.62,formed stellar mass,100 Myr
Prospector,23903,9.25,9.12,9.34,0.58,0.42999999999999994,0.72,formed stellar mass,100 Myr
Prospector,23927,10.38,10.31,10.440000000000001,1.13,0.3999999999999999,1.44,formed stellar mass,100 Myr
Prospector,23941,9.45,9.33,9.629999999999999,1.14,0.7599999999999999,1.2799999999999998,formed stellar mass,100 Myr
Prospector,24066,8.84,8.7,9.18,0.06,-0.09,0.39,formed stellar mass,100 Myr
Prospector,24130,10.89,10.71,10.950000000000001,1.27,0.35,1.61,formed stellar mass,100 Myr
Prospector,24144,9.4,9.25,9.58,0.76,-0.13,0.94,formed stellar mass,100 Myr
Prospector,24185,10.37,10.299999999999999,10.43,1.34,0.68,1.7200000000000002,formed stellar mass,100 Myr
Prospector,24257,9.62,9.52,9.76,1.22,0.18999999999999995,1.3399999999999999,formed stellar mass,100 Myr
Prospector,24313,10.13,10.090000000000002,10.17,0.35,-0.22999999999999998,0.7,formed stellar mass,100 Myr
Prospector,24316,10.31,10.22,10.46,1.73,1.55,1.84,formed stellar mass,100 Myr
Prospector,24336,9.38,9.200000000000001,9.47,-0.36,-0.76,0.28,formed stellar mass,100 Myr
Prospector,24348,10.99,10.97,11.01,-1.62,-2.58,-0.9300000000000002,formed stellar mass,100 Myr
Prospector,24354,10.47,10.39,10.520000000000001,1.29,1.03,1.54,formed stellar mass,100 Myr
Prospector,24355,9.72,9.610000000000001,9.8,1.36,1.23,1.4500000000000002,formed stellar mass,100 Myr
Prospector,24372,11.0,10.9,11.06,-0.89,-1.85,0.9400000000000001,formed stellar mass,100 Myr
Prospector,24389,9.28,9.129999999999999,9.399999999999999,0.72,0.6,0.79,formed stellar mass,100 Myr
Prospector,24408,9.87,9.739999999999998,9.959999999999999,-1.34,-2.48,-0.5800000000000001,formed stellar mass,100 Myr
Prospector,24497,10.86,10.83,10.899999999999999,2.86,2.84,2.88,formed stellar mass,100 Myr
Prospector,24511,9.93,9.84,10.02,0.76,0.49,1.06,formed stellar mass,100 Myr
Prospector,24720,9.57,9.48,9.73,0.45,-0.02999999999999997,0.65,formed stellar mass,100 Myr
Prospector,24779,11.04,10.95,11.1,2.16,2.04,2.25,formed stellar mass,100 Myr
Prospector,24785,9.13,9.020000000000001,9.24,0.86,0.69,0.9199999999999999,formed stellar mass,100 Myr
Prospector,24786,9.96,9.860000000000001,10.06,1.93,1.8299999999999998,2.04,formed stellar mass,100 Myr
Prospector,24814,9.68,9.53,9.78,1.09,0.8300000000000001,1.1900000000000002,formed stellar mass,100 Myr
Prospector,24851,9.3,9.200000000000001,9.510000000000002,0.26,0.16,1.08,formed stellar mass,100 Myr
Prospector,24862,10.08,9.96,10.19,1.51,1.4,1.58,formed stellar mass,100 Myr
Prospector,24943,10.14,10.030000000000001,10.24,1.71,1.0699999999999998,1.83,formed stellar mass,100 Myr
Prospector,25028,9.56,9.46,9.66,0.48,-0.12,1.22,formed stellar mass,100 Myr
Prospector,25037,10.06,9.870000000000001,10.18,1.53,1.11,1.69,formed stellar mass,100 Myr
Prospector,25060,10.96,10.940000000000001,10.98,-2.17,-3.37,-1.3399999999999999,formed stellar mass,100 Myr
Prospector,25120,10.18,10.07,10.28,1.01,0.85,1.45,formed stellar mass,100 Myr
Prospector,25137,9.99,9.84,10.06,0.99,0.5,1.18,formed stellar mass,100 Myr
Prospector,25206,11.51,11.459999999999999,11.549999999999999,1.27,0.36,2.01,formed stellar mass,100 Myr
Prospector,25211,9.15,9.030000000000001,9.35,0.79,0.5900000000000001,0.9,formed stellar mass,100 Myr
Prospector,25246,10.67,10.62,10.73,1.23,1.02,1.35,formed stellar mass,100 Myr
Prospector,25248,9.13,9.07,9.24,0.89,0.5700000000000001,1.01,formed stellar mass,100 Myr
Prospector,25250,10.92,10.89,10.94,-1.94,-3.09,-1.18,formed stellar mass,100 Myr
Prospector,25270,9.86,9.76,9.93,1.22,1.1099999999999999,1.31,formed stellar mass,100 Myr
Prospector,25295,10.75,10.67,10.84,2.16,2.04,2.24,formed stellar mass,100 Myr
Prospector,25341,9.3,9.16,9.440000000000001,0.82,0.2599999999999999,1.03,formed stellar mass,100 Myr
Prospector,25373,9.63,9.430000000000001,9.73,0.52,0.18,0.99,formed stellar mass,100 Myr
Prospector,25389,9.28,9.149999999999999,9.43,0.07,-1.0999999999999999,0.5,formed stellar mass,100 Myr
Prospector,25406,9.39,9.14,9.56,0.43,-0.13000000000000006,0.86,formed stellar mass,100 Myr
Prospector,25465,10.97,10.950000000000001,11.01,-1.38,-2.7,-0.5199999999999999,formed stellar mass,100 Myr
Prospector,25489,11.01,10.94,11.06,-0.75,-1.67,0.0,formed stellar mass,100 Myr
Prospector,25565,9.36,9.25,9.43,-0.3,-1.15,0.18,formed stellar mass,100 Myr
Prospector,25573,10.94,10.84,10.99,0.64,-0.7899999999999999,1.46,formed stellar mass,100 Myr
Prospector,25681,9.65,9.52,9.75,-0.13,-1.19,0.4,formed stellar mass,100 Myr
Prospector,25794,9.83,9.68,9.94,0.05,-0.8999999999999999,0.8600000000000001,formed stellar mass,100 Myr
Prospector,26039,9.57,9.48,9.66,0.23,0.11000000000000001,0.66,formed stellar mass,100 Myr
Prospector,26092,10.33,10.23,10.48,1.77,0.9,2.01,formed stellar mass,100 Myr
Prospector,26173,10.19,10.15,10.29,-0.55,-1.37,0.010000000000000009,formed stellar mass,100 Myr
Prospector,26185,10.16,10.07,10.28,1.72,1.58,1.8,formed stellar mass,100 Myr
Prospector,26255,9.8,9.73,9.89,1.21,1.03,1.46,formed stellar mass,100 Myr
Prospector,26300,10.27,10.23,10.309999999999999,1.64,1.5599999999999998,1.68,formed stellar mass,100 Myr
Prospector,26345,9.51,9.43,9.58,1.12,0.8,1.35,formed stellar mass,100 Myr
Prospector,26397,9.18,9.0,9.32,0.73,0.58,0.8099999999999999,formed stellar mass,100 Myr
Prospector,26398,10.29,10.1,10.409999999999998,1.5,1.27,1.7,formed stellar mass,100 Myr
Prospector,26476,9.51,9.44,9.6,0.91,0.5700000000000001,1.11,formed stellar mass,100 Myr
Prospector,26491,9.32,8.88,9.52,0.91,0.22000000000000008,1.03,formed stellar mass,100 Myr
Prospector,26535,10.97,10.950000000000001,10.99,-1.64,-2.73,-0.94,formed stellar mass,100 Myr
Prospector,26600,8.93,8.86,9.01,0.04,-0.07999999999999999,0.44,formed stellar mass,100 Myr
Prospector,26605,9.23,9.13,9.35,0.81,0.07000000000000006,0.89,formed stellar mass,100 Myr
Prospector,26618,9.78,9.68,9.85,-0.1,-0.66,0.42000000000000004,formed stellar mass,100 Myr
Prospector,26647,9.97,9.58,10.030000000000001,-0.47,-2.04,0.99,formed stellar mass,100 Myr
Prospector,26722,10.37,10.309999999999999,10.43,0.42,-0.6400000000000001,0.97,formed stellar mass,100 Myr
Prospector,26755,11.19,11.139999999999999,11.24,1.85,-0.43999999999999995,2.12,formed stellar mass,100 Myr
