# # Wavelength(Angstrom)  Transmission
2.735978e+06 5.071660e-04
2.739726e+06 5.135440e-04
2.743484e+06 5.218960e-04
2.747253e+06 5.269820e-04
2.751032e+06 5.290830e-04
2.754821e+06 5.336550e-04
2.758621e+06 5.433040e-04
2.762431e+06 5.551440e-04
2.766252e+06 5.690850e-04
2.770083e+06 5.882600e-04
2.773925e+06 6.129000e-04
2.777778e+06 6.453170e-04
2.781641e+06 6.740230e-04
2.785515e+06 6.952200e-04
2.789400e+06 7.240540e-04
2.793296e+06 7.619500e-04
2.797203e+06 8.022910e-04
2.801120e+06 8.400930e-04
2.805049e+06 8.801490e-04
2.808989e+06 9.239260e-04
2.812940e+06 9.703780e-04
2.816901e+06 1.020210e-03
2.820874e+06 1.084620e-03
2.824859e+06 1.167170e-03
2.828854e+06 1.248500e-03
2.832861e+06 1.336130e-03
2.836879e+06 1.454680e-03
2.840909e+06 1.582380e-03
2.844950e+06 1.721970e-03
2.849003e+06 1.891010e-03
2.851258e+06 2.109650e-03
2.852629e+06 2.114390e-03
2.854002e+06 2.339620e-03
2.855376e+06 2.495850e-03
2.856751e+06 2.396330e-03
2.858128e+06 2.992850e-03
2.859506e+06 3.229870e-03
2.860886e+06 3.682970e-03
2.862266e+06 4.482060e-03
2.863648e+06 4.537580e-03
2.865032e+06 3.971330e-03
2.866417e+06 3.850180e-03
2.867803e+06 3.698410e-03
2.869190e+06 4.818500e-03
2.870579e+06 6.479180e-03
2.871969e+06 6.928800e-03
2.873360e+06 7.124260e-03
2.874753e+06 7.762000e-03
2.876147e+06 8.418600e-03
2.877543e+06 9.188640e-03
2.878940e+06 9.620990e-03
2.880338e+06 1.028160e-02
2.881738e+06 1.270770e-02
2.883138e+06 1.436090e-02
2.884541e+06 1.537740e-02
2.885944e+06 1.637500e-02
2.887349e+06 1.876940e-02
2.887446e+06 1.892430e-02
2.887586e+06 1.911470e-02
2.887726e+06 1.927240e-02
2.887867e+06 1.939780e-02
2.888007e+06 1.949010e-02
2.888147e+06 1.955020e-02
2.888287e+06 1.958010e-02
2.888428e+06 1.958320e-02
2.888568e+06 1.956350e-02
2.888709e+06 1.952570e-02
2.888756e+06 1.950560e-02
2.888849e+06 1.947470e-02
2.888989e+06 1.941540e-02
2.889129e+06 1.935250e-02
2.889270e+06 1.929010e-02
2.889410e+06 1.923170e-02
2.889551e+06 1.918000e-02
2.889691e+06 1.913690e-02
2.889831e+06 1.910360e-02
2.889972e+06 1.908050e-02
2.890112e+06 1.906800e-02
2.890164e+06 1.906800e-02
2.890253e+06 1.906560e-02
2.890393e+06 1.907300e-02
2.890534e+06 1.909010e-02
2.890674e+06 1.911660e-02
2.890815e+06 1.915290e-02
2.890955e+06 1.919950e-02
2.891096e+06 1.925740e-02
2.891237e+06 1.932800e-02
2.891377e+06 1.941270e-02
2.891518e+06 1.951310e-02
2.891573e+06 1.955820e-02
2.891658e+06 1.963080e-02
2.891799e+06 1.976700e-02
2.891940e+06 1.992260e-02
2.892080e+06 2.009780e-02
2.892221e+06 2.029230e-02
2.892362e+06 2.050480e-02
2.892502e+06 2.073350e-02
2.892643e+06 2.097580e-02
2.892784e+06 2.122840e-02
2.892924e+06 2.148760e-02
2.892983e+06 2.159540e-02
2.893065e+06 2.174940e-02
2.893206e+06 2.200960e-02
2.893347e+06 2.226410e-02
2.893488e+06 2.250910e-02
2.893628e+06 2.274130e-02
2.893769e+06 2.295790e-02
2.893910e+06 2.315690e-02
2.894051e+06 2.333700e-02
2.894192e+06 2.349770e-02
2.894333e+06 2.363910e-02
2.894395e+06 2.369510e-02
2.894473e+06 2.376220e-02
2.894614e+06 2.386830e-02
2.894755e+06 2.395930e-02
2.894896e+06 2.403740e-02
2.895037e+06 2.410470e-02
2.895178e+06 2.416360e-02
2.895319e+06 2.421630e-02
2.895460e+06 2.426490e-02
2.895601e+06 2.431130e-02
2.895742e+06 2.435690e-02
2.895808e+06 2.437980e-02
2.895883e+06 2.440320e-02
2.896024e+06 2.445130e-02
2.896165e+06 2.450230e-02
2.896306e+06 2.455690e-02
2.896447e+06 2.461600e-02
2.896588e+06 2.468030e-02
2.896730e+06 2.475070e-02
2.896871e+06 2.482800e-02
2.897012e+06 2.491310e-02
2.897153e+06 2.500680e-02
2.897223e+06 2.505560e-02
2.897294e+06 2.510990e-02
2.897435e+06 2.522330e-02
2.897576e+06 2.534760e-02
2.897718e+06 2.548310e-02
2.897859e+06 2.562980e-02
2.898000e+06 2.578760e-02
2.898141e+06 2.595580e-02
2.898282e+06 2.613320e-02
2.898424e+06 2.631820e-02
2.898565e+06 2.650880e-02
2.898639e+06 2.660880e-02
2.898706e+06 2.670280e-02
2.898848e+06 2.689730e-02
2.898989e+06 2.708950e-02
2.899130e+06 2.727630e-02
2.899272e+06 2.745470e-02
2.899413e+06 2.762190e-02
2.899555e+06 2.777510e-02
2.899696e+06 2.791210e-02
2.899837e+06 2.803110e-02
2.899979e+06 2.813100e-02
2.900057e+06 2.817660e-02
2.900120e+06 2.821120e-02
2.900261e+06 2.827200e-02
2.900403e+06 2.831410e-02
2.900545e+06 2.833930e-02
2.900686e+06 2.834980e-02
2.900827e+06 2.834860e-02
2.900969e+06 2.833900e-02
2.901110e+06 2.832470e-02
2.901252e+06 2.830990e-02
2.901394e+06 2.829850e-02
2.901475e+06 2.829470e-02
2.901535e+06 2.829460e-02
2.901677e+06 2.830180e-02
2.901818e+06 2.832330e-02
2.901960e+06 2.836180e-02
2.902102e+06 2.841920e-02
2.902243e+06 2.849650e-02
2.902385e+06 2.859380e-02
2.902526e+06 2.871040e-02
2.902668e+06 2.884440e-02
2.902810e+06 2.899350e-02
2.902895e+06 2.909110e-02
2.902952e+06 2.915420e-02
2.903094e+06 2.932260e-02
2.903235e+06 2.949450e-02
2.903377e+06 2.966550e-02
2.903519e+06 2.983100e-02
2.903660e+06 2.998700e-02
2.903802e+06 3.012990e-02
2.903944e+06 3.025680e-02
2.904086e+06 3.036550e-02
2.904228e+06 3.045510e-02
2.904317e+06 3.050180e-02
2.904370e+06 3.052550e-02
2.904511e+06 3.057760e-02
2.904653e+06 3.061340e-02
2.904795e+06 3.063570e-02
2.904937e+06 3.064790e-02
2.905079e+06 3.065400e-02
2.905221e+06 3.065810e-02
2.905363e+06 3.066430e-02
2.905505e+06 3.067640e-02
2.905647e+06 3.069780e-02
2.905740e+06 3.071820e-02
2.905789e+06 3.073120e-02
2.905931e+06 3.077850e-02
2.906073e+06 3.084070e-02
2.906215e+06 3.091810e-02
2.906357e+06 3.100980e-02
2.906499e+06 3.111460e-02
2.906641e+06 3.123050e-02
2.906783e+06 3.135510e-02
2.906925e+06 3.148580e-02
2.907067e+06 3.162030e-02
2.907165e+06 3.171320e-02
2.907209e+06 3.175620e-02
2.907352e+06 3.189170e-02
2.907494e+06 3.202560e-02
2.907636e+06 3.215710e-02
2.907778e+06 3.228620e-02
2.907920e+06 3.241340e-02
2.908062e+06 3.253990e-02
2.908205e+06 3.266700e-02
2.908347e+06 3.279640e-02
2.908489e+06 3.292990e-02
2.908590e+06 3.302860e-02
2.908631e+06 3.306880e-02
2.908774e+06 3.321430e-02
2.908916e+06 3.336710e-02
2.909058e+06 3.352720e-02
2.909201e+06 3.369380e-02
2.909343e+06 3.386570e-02
2.909485e+06 3.404060e-02
2.909628e+06 3.421610e-02
2.909770e+06 3.438910e-02
2.909912e+06 3.455610e-02
2.910017e+06 3.467200e-02
2.910055e+06 3.471370e-02
2.910197e+06 3.485850e-02
2.910340e+06 3.498740e-02
2.910482e+06 3.509770e-02
2.910625e+06 3.518720e-02
2.910767e+06 3.525410e-02
2.910910e+06 3.529770e-02
2.911052e+06 3.531750e-02
2.911195e+06 3.531390e-02
2.911337e+06 3.528760e-02
2.911446e+06 3.525260e-02
2.911480e+06 3.523970e-02
2.911622e+06 3.517180e-02
2.911765e+06 3.508540e-02
2.911908e+06 3.498240e-02
2.912050e+06 3.486440e-02
2.912193e+06 3.473300e-02
2.912335e+06 3.458970e-02
2.912478e+06 3.443580e-02
2.912620e+06 3.427270e-02
2.912763e+06 3.410130e-02
2.912876e+06 3.396080e-02
2.912906e+06 3.392290e-02
2.913049e+06 3.373850e-02
2.913192e+06 3.354930e-02
2.913334e+06 3.335660e-02
2.913477e+06 3.316180e-02
2.913620e+06 3.296650e-02
2.913762e+06 3.277230e-02
2.913905e+06 3.258100e-02
2.914048e+06 3.239420e-02
2.914191e+06 3.221370e-02
2.914307e+06 3.207260e-02
2.914333e+06 3.204120e-02
2.914476e+06 3.187780e-02
2.914619e+06 3.172490e-02
2.914762e+06 3.158330e-02
2.914905e+06 3.145360e-02
2.915048e+06 3.133600e-02
2.915191e+06 3.123050e-02
2.915334e+06 3.113710e-02
2.915477e+06 3.105540e-02
2.915620e+06 3.098500e-02
2.915740e+06 3.093370e-02
2.915763e+06 3.092540e-02
2.915906e+06 3.087650e-02
2.916049e+06 3.083780e-02
2.916192e+06 3.080930e-02
2.916334e+06 3.079090e-02
2.916478e+06 3.078250e-02
2.916621e+06 3.078430e-02
2.916764e+06 3.079590e-02
2.916907e+06 3.081710e-02
2.917050e+06 3.084730e-02
2.917174e+06 3.087880e-02
2.917193e+06 3.088530e-02
2.917336e+06 3.092990e-02
2.917479e+06 3.097900e-02
2.917622e+06 3.103050e-02
2.917766e+06 3.108160e-02
2.917909e+06 3.112960e-02
2.918052e+06 3.117160e-02
2.918195e+06 3.120480e-02
2.918338e+06 3.122690e-02
2.918482e+06 3.123610e-02
2.918610e+06 3.123130e-02
2.918625e+06 3.123130e-02
2.918768e+06 3.121260e-02
2.918912e+06 3.118070e-02
2.919054e+06 3.113760e-02
2.919198e+06 3.108640e-02
2.919341e+06 3.103080e-02
2.919485e+06 3.097550e-02
2.919628e+06 3.092520e-02
2.919771e+06 3.088510e-02
2.919915e+06 3.085980e-02
2.920047e+06 3.085340e-02
2.920058e+06 3.085330e-02
2.920201e+06 3.086860e-02
2.920345e+06 3.090750e-02
2.920488e+06 3.097020e-02
2.920632e+06 3.105510e-02
2.920775e+06 3.115930e-02
2.920919e+06 3.127790e-02
2.921062e+06 3.140480e-02
2.921206e+06 3.153310e-02
2.921349e+06 3.165480e-02
2.921486e+06 3.175700e-02
2.921493e+06 3.176190e-02
2.921636e+06 3.184680e-02
2.921780e+06 3.190250e-02
2.921923e+06 3.192320e-02
2.922067e+06 3.190480e-02
2.922210e+06 3.184520e-02
2.922354e+06 3.174400e-02
2.922498e+06 3.160320e-02
2.922641e+06 3.142690e-02
2.922785e+06 3.122070e-02
2.922925e+06 3.099690e-02
2.922929e+06 3.099200e-02
2.923072e+06 3.074900e-02
2.923216e+06 3.050080e-02
2.923360e+06 3.025640e-02
2.923504e+06 3.002430e-02
2.923647e+06 2.981240e-02
2.923791e+06 2.962710e-02
2.923935e+06 2.947340e-02
2.924079e+06 2.935430e-02
2.924223e+06 2.927110e-02
2.924366e+06 2.922330e-02
2.924367e+06 2.922200e-02
2.924510e+06 2.920840e-02
2.924654e+06 2.922290e-02
2.924798e+06 2.926160e-02
2.924942e+06 2.931910e-02
2.925085e+06 2.938900e-02
2.925230e+06 2.946540e-02
2.925373e+06 2.954220e-02
2.925517e+06 2.961450e-02
2.925661e+06 2.967770e-02
2.925805e+06 2.972860e-02
2.925809e+06 2.972870e-02
2.925949e+06 2.976500e-02
2.926093e+06 2.978610e-02
2.926237e+06 2.979180e-02
2.926381e+06 2.978340e-02
2.926525e+06 2.976290e-02
2.926669e+06 2.973320e-02
2.926813e+06 2.969760e-02
2.926957e+06 2.966010e-02
2.927101e+06 2.962450e-02
2.927245e+06 2.959530e-02
2.927253e+06 2.959250e-02
2.927389e+06 2.957660e-02
2.927534e+06 2.957250e-02
2.927678e+06 2.958690e-02
2.927822e+06 2.962370e-02
2.927966e+06 2.968610e-02
2.928110e+06 2.977700e-02
2.928254e+06 2.989910e-02
2.928399e+06 3.005390e-02
2.928543e+06 3.024280e-02
2.928687e+06 3.046590e-02
2.928699e+06 3.048630e-02
2.928831e+06 3.072260e-02
2.928976e+06 3.101120e-02
2.929120e+06 3.132910e-02
2.929264e+06 3.167240e-02
2.929408e+06 3.203630e-02
2.929553e+06 3.241500e-02
2.929697e+06 3.280200e-02
2.929841e+06 3.319010e-02
2.929986e+06 3.357220e-02
2.930130e+06 3.394090e-02
2.930146e+06 3.397870e-02
2.930275e+06 3.428970e-02
2.930419e+06 3.461270e-02
2.930564e+06 3.490520e-02
2.930708e+06 3.516410e-02
2.930852e+06 3.538810e-02
2.930997e+06 3.557770e-02
2.931141e+06 3.573540e-02
2.931286e+06 3.586540e-02
2.931430e+06 3.597380e-02
2.931575e+06 3.606780e-02
2.931594e+06 3.607820e-02
2.931719e+06 3.615570e-02
2.931864e+06 3.624600e-02
2.932008e+06 3.634750e-02
2.932153e+06 3.646790e-02
2.932298e+06 3.661410e-02
2.932442e+06 3.679140e-02
2.932587e+06 3.700300e-02
2.932732e+06 3.725010e-02
2.932876e+06 3.753170e-02
2.933021e+06 3.784450e-02
2.933044e+06 3.789870e-02
2.933165e+06 3.818350e-02
2.933310e+06 3.854200e-02
2.933455e+06 3.891210e-02
2.933600e+06 3.928560e-02
2.933744e+06 3.965390e-02
2.933889e+06 4.000940e-02
2.934034e+06 4.034540e-02
2.934178e+06 4.065710e-02
2.934323e+06 4.094130e-02
2.934468e+06 4.119750e-02
2.934495e+06 4.124210e-02
2.934613e+06 4.142710e-02
2.934758e+06 4.163390e-02
2.934903e+06 4.182360e-02
2.935047e+06 4.200360e-02
2.935192e+06 4.218220e-02
2.935337e+06 4.236840e-02
2.935482e+06 4.257110e-02
2.935627e+06 4.279840e-02
2.935772e+06 4.305740e-02
2.935917e+06 4.335330e-02
2.935948e+06 4.342410e-02
2.936062e+06 4.368920e-02
2.936207e+06 4.406600e-02
2.936352e+06 4.448230e-02
2.936497e+06 4.493410e-02
2.936642e+06 4.541560e-02
2.936787e+06 4.591900e-02
2.936932e+06 4.643540e-02
2.937077e+06 4.695490e-02
2.937222e+06 4.746760e-02
2.937367e+06 4.796370e-02
2.937403e+06 4.807730e-02
2.937512e+06 4.843440e-02
2.937657e+06 4.887240e-02
2.937803e+06 4.927170e-02
2.937948e+06 4.962860e-02
2.938093e+06 4.994140e-02
2.938238e+06 5.021040e-02
2.938383e+06 5.043810e-02
2.938528e+06 5.062860e-02
2.938674e+06 5.078770e-02
2.938819e+06 5.092210e-02
2.938858e+06 5.095080e-02
2.938964e+06 5.103930e-02
2.939110e+06 5.114720e-02
2.939255e+06 5.125360e-02
2.939400e+06 5.136560e-02
2.939545e+06 5.148970e-02
2.939691e+06 5.163130e-02
2.939836e+06 5.179480e-02
2.939981e+06 5.198300e-02
2.940127e+06 5.219780e-02
2.940272e+06 5.243950e-02
2.940315e+06 5.251680e-02
2.940417e+06 5.270790e-02
2.940563e+06 5.300130e-02
2.940708e+06 5.331790e-02
2.940854e+06 5.365520e-02
2.940999e+06 5.401050e-02
2.941145e+06 5.438120e-02
2.941290e+06 5.476500e-02
2.941436e+06 5.515960e-02
2.941581e+06 5.556360e-02
2.941727e+06 5.597570e-02
2.941773e+06 5.611060e-02
2.941872e+06 5.639540e-02
2.942018e+06 5.682250e-02
2.942163e+06 5.725730e-02
2.942309e+06 5.770010e-02
2.942454e+06 5.815170e-02
2.942600e+06 5.861270e-02
2.942746e+06 5.908350e-02
2.942891e+06 5.956420e-02
2.943037e+06 6.005460e-02
2.943183e+06 6.055390e-02
2.943233e+06 6.073080e-02
2.943328e+06 6.106070e-02
2.943474e+06 6.157310e-02
2.943620e+06 6.208830e-02
2.943766e+06 6.260340e-02
2.943911e+06 6.311470e-02
2.944057e+06 6.361820e-02
2.944203e+06 6.410990e-02
2.944349e+06 6.458570e-02
2.944494e+06 6.504160e-02
2.944640e+06 6.547390e-02
2.944695e+06 6.562760e-02
2.944786e+06 6.587970e-02
2.944932e+06 6.625640e-02
2.945077e+06 6.660260e-02
2.945224e+06 6.691730e-02
2.945369e+06 6.720080e-02
2.945515e+06 6.745420e-02
2.945661e+06 6.767940e-02
2.945807e+06 6.787910e-02
2.945953e+06 6.805680e-02
2.946099e+06 6.821630e-02
2.946158e+06 6.827760e-02
2.946245e+06 6.836190e-02
2.946391e+06 6.849790e-02
2.946537e+06 6.862860e-02
2.946683e+06 6.875810e-02
2.946829e+06 6.889010e-02
2.946975e+06 6.902770e-02
2.947121e+06 6.917370e-02
2.947267e+06 6.933010e-02
2.947413e+06 6.949820e-02
2.947559e+06 6.967890e-02
2.947622e+06 6.975930e-02
2.947706e+06 6.987250e-02
2.947852e+06 7.007880e-02
2.947998e+06 7.029740e-02
2.948144e+06 7.052770e-02
2.948290e+06 7.076890e-02
2.948436e+06 7.102000e-02
2.948583e+06 7.128040e-02
2.948729e+06 7.154940e-02
2.948875e+06 7.182620e-02
2.949021e+06 7.211020e-02
2.949088e+06 7.223410e-02
2.949167e+06 7.240090e-02
2.949314e+06 7.269760e-02
2.949460e+06 7.299970e-02
2.949606e+06 7.330630e-02
2.949752e+06 7.361650e-02
2.949899e+06 7.392900e-02
2.950045e+06 7.424260e-02
2.950192e+06 7.455600e-02
2.950338e+06 7.486790e-02
2.950484e+06 7.517700e-02
2.950555e+06 7.532260e-02
2.950631e+06 7.548250e-02
2.950777e+06 7.578380e-02
2.950924e+06 7.608120e-02
2.951070e+06 7.637540e-02
2.951217e+06 7.666800e-02
2.951363e+06 7.696120e-02
2.951509e+06 7.725820e-02
2.951656e+06 7.756270e-02
2.951803e+06 7.787880e-02
2.951949e+06 7.821070e-02
2.952024e+06 7.839020e-02
2.952096e+06 7.856280e-02
2.952242e+06 7.893870e-02
2.952389e+06 7.934140e-02
2.952535e+06 7.977260e-02
2.952682e+06 8.023280e-02
2.952829e+06 8.072060e-02
2.952975e+06 8.123290e-02
2.953122e+06 8.176460e-02
2.953269e+06 8.230880e-02
2.953415e+06 8.285730e-02
2.953494e+06 8.315070e-02
2.953562e+06 8.340050e-02
2.953709e+06 8.392790e-02
2.953855e+06 8.442900e-02
2.954002e+06 8.489340e-02
2.954149e+06 8.531180e-02
2.954296e+06 8.567660e-02
2.954442e+06 8.598210e-02
2.954589e+06 8.622520e-02
2.954736e+06 8.640590e-02
2.954883e+06 8.652730e-02
2.954965e+06 8.657020e-02
2.955030e+06 8.659550e-02
2.955177e+06 8.661980e-02
2.955323e+06 8.661190e-02
2.955470e+06 8.658580e-02
2.955617e+06 8.655700e-02
2.955764e+06 8.654190e-02
2.955911e+06 8.655680e-02
2.956058e+06 8.661710e-02
2.956205e+06 8.673670e-02
2.956352e+06 8.692720e-02
2.956438e+06 8.707660e-02
2.956499e+06 8.719730e-02
2.956646e+06 8.755220e-02
2.956793e+06 8.799370e-02
2.956940e+06 8.851960e-02
2.957087e+06 8.912440e-02
2.957234e+06 8.979900e-02
2.957381e+06 9.053160e-02
2.957528e+06 9.130800e-02
2.957675e+06 9.211270e-02
2.957822e+06 9.292900e-02
2.957913e+06 9.342310e-02
2.957970e+06 9.374070e-02
2.958117e+06 9.453200e-02
2.958264e+06 9.528900e-02
2.958411e+06 9.599980e-02
2.958558e+06 9.665510e-02
2.958706e+06 9.724890e-02
2.958853e+06 9.777820e-02
2.959000e+06 9.824370e-02
2.959147e+06 9.864890e-02
2.959294e+06 9.900070e-02
2.959389e+06 9.919630e-02
2.959442e+06 9.930810e-02
2.959589e+06 9.958250e-02
2.959736e+06 9.983690e-02
2.959884e+06 1.000850e-01
2.960031e+06 1.003400e-01
2.960178e+06 1.006170e-01
2.960326e+06 1.009270e-01
2.960473e+06 1.012830e-01
2.960621e+06 1.016920e-01
2.960768e+06 1.021620e-01
2.960867e+06 1.025200e-01
2.960915e+06 1.026980e-01
2.961063e+06 1.033010e-01
2.961210e+06 1.039700e-01
2.961358e+06 1.047030e-01
2.961505e+06 1.054940e-01
2.961653e+06 1.063350e-01
2.961800e+06 1.072180e-01
2.961948e+06 1.081330e-01
2.962095e+06 1.090700e-01
2.962243e+06 1.100180e-01
2.962346e+06 1.106780e-01
2.962390e+06 1.109680e-01
2.962538e+06 1.119100e-01
2.962686e+06 1.128380e-01
2.962833e+06 1.137440e-01
2.962981e+06 1.146260e-01
2.963128e+06 1.154820e-01
2.963276e+06 1.163110e-01
2.963424e+06 1.171140e-01
2.963571e+06 1.178970e-01
2.963719e+06 1.186620e-01
2.963826e+06 1.192070e-01
2.963867e+06 1.194170e-01
2.964015e+06 1.201670e-01
2.964162e+06 1.209170e-01
2.964310e+06 1.216740e-01
2.964458e+06 1.224410e-01
2.964606e+06 1.232210e-01
2.964753e+06 1.240150e-01
2.964901e+06 1.248230e-01
2.965049e+06 1.256400e-01
2.965197e+06 1.264630e-01
2.965308e+06 1.270800e-01
2.965345e+06 1.272830e-01
2.965493e+06 1.280940e-01
2.965641e+06 1.288840e-01
2.965788e+06 1.296460e-01
2.965936e+06 1.303680e-01
2.966085e+06 1.310430e-01
2.966232e+06 1.316630e-01
2.966380e+06 1.322220e-01
2.966529e+06 1.327180e-01
2.966676e+06 1.331490e-01
2.966791e+06 1.334360e-01
2.966824e+06 1.335210e-01
2.966973e+06 1.338370e-01
2.967120e+06 1.341090e-01
2.967269e+06 1.343470e-01
2.967417e+06 1.345660e-01
2.967565e+06 1.347820e-01
2.967713e+06 1.350140e-01
2.967861e+06 1.352800e-01
2.968009e+06 1.355980e-01
2.968157e+06 1.359870e-01
2.968276e+06 1.363580e-01
2.968305e+06 1.364610e-01
2.968454e+06 1.370360e-01
2.968602e+06 1.377240e-01
2.968750e+06 1.385330e-01
2.968898e+06 1.394710e-01
2.969046e+06 1.405400e-01
2.969195e+06 1.417400e-01
2.969343e+06 1.430690e-01
2.969491e+06 1.445200e-01
2.969640e+06 1.460850e-01
2.969763e+06 1.474610e-01
2.969788e+06 1.477550e-01
2.969936e+06 1.495160e-01
2.970085e+06 1.513560e-01
2.970233e+06 1.532590e-01
2.970381e+06 1.552120e-01
2.970530e+06 1.571980e-01
2.970678e+06 1.592010e-01
2.970826e+06 1.612070e-01
2.970975e+06 1.632010e-01
2.971123e+06 1.651690e-01
2.971250e+06 1.668190e-01
2.971272e+06 1.670970e-01
2.971420e+06 1.689740e-01
2.971569e+06 1.707880e-01
2.971717e+06 1.725310e-01
2.971866e+06 1.741930e-01
2.972014e+06 1.757700e-01
2.972163e+06 1.772550e-01
2.972311e+06 1.786480e-01
2.972460e+06 1.799450e-01
2.972608e+06 1.811500e-01
2.972740e+06 1.821410e-01
2.972757e+06 1.822640e-01
2.972906e+06 1.832920e-01
2.973055e+06 1.842390e-01
2.973203e+06 1.851130e-01
2.973352e+06 1.859230e-01
2.973500e+06 1.866760e-01
2.973649e+06 1.873820e-01
2.973798e+06 1.880510e-01
2.973947e+06 1.886910e-01
2.974095e+06 1.893110e-01
2.974230e+06 1.898650e-01
2.974244e+06 1.899190e-01
2.974393e+06 1.905230e-01
2.974542e+06 1.911300e-01
2.974690e+06 1.917430e-01
2.974839e+06 1.923700e-01
2.974988e+06 1.930140e-01
2.975137e+06 1.936790e-01
2.975286e+06 1.943700e-01
2.975435e+06 1.950890e-01
2.975584e+06 1.958410e-01
2.975723e+06 1.965750e-01
2.975733e+06 1.966290e-01
2.975881e+06 1.974590e-01
2.976030e+06 1.983330e-01
2.976179e+06 1.992550e-01
2.976328e+06 2.002310e-01
2.976477e+06 2.012610e-01
2.976626e+06 2.023480e-01
2.976775e+06 2.034940e-01
2.976924e+06 2.046950e-01
2.977074e+06 2.059500e-01
2.977217e+06 2.072000e-01
2.977222e+06 2.072530e-01
2.977371e+06 2.085950e-01
2.977521e+06 2.099680e-01
2.977670e+06 2.113590e-01
2.977819e+06 2.127540e-01
2.977968e+06 2.141400e-01
2.978117e+06 2.155000e-01
2.978266e+06 2.168200e-01
2.978415e+06 2.180850e-01
2.978564e+06 2.192850e-01
2.978712e+06 2.203940e-01
2.978714e+06 2.204080e-01
2.978863e+06 2.214500e-01
2.979012e+06 2.224060e-01
2.979161e+06 2.232790e-01
2.979311e+06 2.240750e-01
2.979460e+06 2.248020e-01
2.979609e+06 2.254750e-01
2.979759e+06 2.261100e-01
2.979908e+06 2.267260e-01
2.980057e+06 2.273430e-01
2.980207e+06 2.279850e-01
2.980209e+06 2.279930e-01
2.980356e+06 2.286700e-01
2.980505e+06 2.294190e-01
2.980655e+06 2.302480e-01
2.980804e+06 2.311730e-01
2.980954e+06 2.322020e-01
2.981103e+06 2.333420e-01
2.981252e+06 2.345930e-01
2.981402e+06 2.359530e-01
2.981552e+06 2.374120e-01
2.981701e+06 2.389610e-01
2.981707e+06 2.390270e-01
2.981851e+06 2.405820e-01
2.982000e+06 2.422600e-01
2.982149e+06 2.439750e-01
2.982299e+06 2.457070e-01
2.982449e+06 2.474350e-01
2.982598e+06 2.491410e-01
2.982748e+06 2.508080e-01
2.982898e+06 2.524200e-01
2.983047e+06 2.539650e-01
2.983197e+06 2.554330e-01
2.983207e+06 2.555310e-01
2.983347e+06 2.568190e-01
2.983496e+06 2.581180e-01
2.983646e+06 2.593310e-01
2.983796e+06 2.604590e-01
2.983945e+06 2.615070e-01
2.984095e+06 2.624820e-01
2.984245e+06 2.633900e-01
2.984395e+06 2.642400e-01
2.984545e+06 2.650410e-01
2.984694e+06 2.658000e-01
2.984708e+06 2.658710e-01
2.984844e+06 2.665270e-01
2.984994e+06 2.672280e-01
2.985144e+06 2.679100e-01
2.985294e+06 2.685780e-01
2.985444e+06 2.692360e-01
2.985593e+06 2.698850e-01
2.985743e+06 2.705280e-01
2.985893e+06 2.711640e-01
2.986043e+06 2.717930e-01
2.986193e+06 2.724100e-01
2.986211e+06 2.724830e-01
2.986343e+06 2.730140e-01
2.986493e+06 2.736010e-01
2.986643e+06 2.741660e-01
2.986793e+06 2.747050e-01
2.986943e+06 2.752160e-01
2.987093e+06 2.756930e-01
2.987243e+06 2.761350e-01
2.987393e+06 2.765420e-01
2.987543e+06 2.769130e-01
2.987694e+06 2.772520e-01
2.987716e+06 2.772960e-01
2.987843e+06 2.775630e-01
2.987994e+06 2.778540e-01
2.988144e+06 2.781350e-01
2.988294e+06 2.784160e-01
2.988444e+06 2.787130e-01
2.988594e+06 2.790420e-01
2.988744e+06 2.794180e-01
2.988895e+06 2.798610e-01
2.989045e+06 2.803870e-01
2.989195e+06 2.810150e-01
2.989222e+06 2.811380e-01
2.989346e+06 2.817580e-01
2.989496e+06 2.826300e-01
2.989646e+06 2.836410e-01
2.989796e+06 2.847950e-01
2.989947e+06 2.860950e-01
2.990097e+06 2.875370e-01
2.990248e+06 2.891120e-01
2.990398e+06 2.908080e-01
2.990548e+06 2.926060e-01
2.990699e+06 2.944850e-01
2.990729e+06 2.948740e-01
2.990849e+06 2.964210e-01
2.990999e+06 2.983860e-01
2.991150e+06 3.003520e-01
2.991301e+06 3.022920e-01
2.991451e+06 3.041790e-01
2.991601e+06 3.059890e-01
2.991752e+06 3.077000e-01
2.991902e+06 3.092960e-01
2.992053e+06 3.107660e-01
2.992204e+06 3.121020e-01
2.992238e+06 3.123880e-01
2.992354e+06 3.133040e-01
2.992505e+06 3.143740e-01
2.992655e+06 3.153230e-01
2.992806e+06 3.161620e-01
2.992957e+06 3.169070e-01
2.993107e+06 3.175780e-01
2.993258e+06 3.181930e-01
2.993409e+06 3.187720e-01
2.993559e+06 3.193330e-01
2.993710e+06 3.198930e-01
2.993748e+06 3.200400e-01
2.993861e+06 3.204660e-01
2.994012e+06 3.210620e-01
2.994162e+06 3.216880e-01
2.994313e+06 3.223470e-01
2.994464e+06 3.230380e-01
2.994614e+06 3.237550e-01
2.994765e+06 3.244920e-01
2.994916e+06 3.252380e-01
2.995067e+06 3.259820e-01
2.995218e+06 3.267110e-01
2.995260e+06 3.269100e-01
2.995369e+06 3.274130e-01
2.995520e+06 3.280760e-01
2.995671e+06 3.286910e-01
2.995821e+06 3.292500e-01
2.995973e+06 3.297460e-01
2.996124e+06 3.301790e-01
2.996274e+06 3.305490e-01
2.996426e+06 3.308590e-01
2.996576e+06 3.311150e-01
2.996727e+06 3.313260e-01
2.996774e+06 3.313810e-01
2.996878e+06 3.315040e-01
2.997030e+06 3.316600e-01
2.997181e+06 3.318080e-01
2.997332e+06 3.319620e-01
2.997482e+06 3.321370e-01
2.997634e+06 3.323450e-01
2.997785e+06 3.326000e-01
2.997936e+06 3.329150e-01
2.998087e+06 3.333000e-01
2.998238e+06 3.337660e-01
2.998289e+06 3.339450e-01
2.998389e+06 3.343190e-01
2.998541e+06 3.349670e-01
2.998692e+06 3.357140e-01
2.998843e+06 3.365640e-01
2.998994e+06 3.375190e-01
2.999146e+06 3.385770e-01
2.999297e+06 3.397370e-01
2.999448e+06 3.409940e-01
2.999599e+06 3.423440e-01
2.999751e+06 3.437770e-01
2.999805e+06 3.443180e-01
2.999902e+06 3.452840e-01
3.000054e+06 3.468530e-01
3.000205e+06 3.484700e-01
3.000356e+06 3.501200e-01
3.000508e+06 3.517860e-01
3.000659e+06 3.534480e-01
3.000811e+06 3.550900e-01
3.000962e+06 3.566910e-01
3.001114e+06 3.582320e-01
3.001265e+06 3.596970e-01
3.001324e+06 3.602420e-01
3.001416e+06 3.610690e-01
3.001568e+06 3.623330e-01
3.001719e+06 3.634800e-01
3.001871e+06 3.645000e-01
3.002023e+06 3.653890e-01
3.002174e+06 3.661460e-01
3.002326e+06 3.667750e-01
3.002477e+06 3.672830e-01
3.002629e+06 3.676790e-01
3.002781e+06 3.679780e-01
3.002843e+06 3.680790e-01
3.002932e+06 3.681940e-01
3.003084e+06 3.683460e-01
3.003236e+06 3.684510e-01
3.003387e+06 3.685300e-01
3.003539e+06 3.685980e-01
3.003691e+06 3.686740e-01
3.003842e+06 3.687720e-01
3.003994e+06 3.689030e-01
3.004146e+06 3.690760e-01
3.004297e+06 3.692960e-01
3.004364e+06 3.694090e-01
3.004449e+06 3.695660e-01
3.004601e+06 3.698830e-01
3.004753e+06 3.702420e-01
3.004905e+06 3.706360e-01
3.005057e+06 3.710560e-01
3.005208e+06 3.714890e-01
3.005360e+06 3.719230e-01
3.005512e+06 3.723460e-01
3.005664e+06 3.727440e-01
3.005816e+06 3.731060e-01
3.005887e+06 3.732540e-01
3.005968e+06 3.734210e-01
3.006120e+06 3.736820e-01
3.006272e+06 3.738810e-01
3.006424e+06 3.740150e-01
3.006576e+06 3.740820e-01
3.006728e+06 3.740840e-01
3.006880e+06 3.740220e-01
3.007032e+06 3.739020e-01
3.007184e+06 3.737300e-01
3.007336e+06 3.735150e-01
3.007412e+06 3.733930e-01
3.007488e+06 3.732640e-01
3.007641e+06 3.729880e-01
3.007793e+06 3.726960e-01
3.007945e+06 3.723990e-01
3.008097e+06 3.721040e-01
3.008249e+06 3.718220e-01
3.008401e+06 3.715600e-01
3.008554e+06 3.713260e-01
3.008706e+06 3.711260e-01
3.008858e+06 3.709660e-01
3.008937e+06 3.709000e-01
3.009010e+06 3.708480e-01
3.009162e+06 3.707760e-01
3.009315e+06 3.707530e-01
3.009467e+06 3.707780e-01
3.009620e+06 3.708510e-01
3.009772e+06 3.709700e-01
3.009924e+06 3.711340e-01
3.010077e+06 3.713380e-01
3.010229e+06 3.715780e-01
3.010381e+06 3.718500e-01
3.010465e+06 3.720140e-01
3.010534e+06 3.721480e-01
3.010686e+06 3.724670e-01
3.010839e+06 3.728010e-01
3.010991e+06 3.731450e-01
3.011143e+06 3.734940e-01
3.011296e+06 3.738440e-01
3.011449e+06 3.741920e-01
3.011601e+06 3.745360e-01
3.011754e+06 3.748750e-01
3.011906e+06 3.752090e-01
3.011994e+06 3.754010e-01
3.012059e+06 3.755400e-01
3.012211e+06 3.758700e-01
3.012364e+06 3.762040e-01
3.012516e+06 3.765450e-01
3.012669e+06 3.768980e-01
3.012822e+06 3.772670e-01
3.012974e+06 3.776580e-01
3.013127e+06 3.780720e-01
3.013280e+06 3.785120e-01
3.013432e+06 3.789790e-01
3.013524e+06 3.792710e-01
3.013585e+06 3.794710e-01
3.013738e+06 3.799860e-01
3.013891e+06 3.805190e-01
3.014043e+06 3.810620e-01
3.014196e+06 3.816080e-01
3.014349e+06 3.821470e-01
3.014502e+06 3.826690e-01
3.014655e+06 3.831620e-01
3.014808e+06 3.836160e-01
3.014961e+06 3.840220e-01
3.015056e+06 3.842420e-01
3.015113e+06 3.843700e-01
3.015266e+06 3.846540e-01
3.015419e+06 3.848700e-01
3.015572e+06 3.850180e-01
3.015725e+06 3.850980e-01
3.015878e+06 3.851150e-01
3.016031e+06 3.850780e-01
3.016184e+06 3.849960e-01
3.016337e+06 3.848840e-01
3.016490e+06 3.847560e-01
3.016590e+06 3.846660e-01
3.016643e+06 3.846280e-01
3.016796e+06 3.845190e-01
3.016949e+06 3.844440e-01
3.017102e+06 3.844210e-01
3.017255e+06 3.844640e-01
3.017408e+06 3.845870e-01
3.017561e+06 3.848000e-01
3.017715e+06 3.851110e-01
3.017868e+06 3.855230e-01
3.018021e+06 3.860380e-01
3.018125e+06 3.864490e-01
3.018174e+06 3.866540e-01
3.018327e+06 3.873650e-01
3.018480e+06 3.881630e-01
3.018634e+06 3.890380e-01
3.018787e+06 3.899770e-01
3.018940e+06 3.909680e-01
3.019093e+06 3.919970e-01
3.019247e+06 3.930490e-01
3.019400e+06 3.941120e-01
3.019553e+06 3.951730e-01
3.019662e+06 3.959200e-01
3.019707e+06 3.962230e-01
3.019860e+06 3.972530e-01
3.020013e+06 3.982570e-01
3.020167e+06 3.992300e-01
3.020320e+06 4.001720e-01
3.020474e+06 4.010840e-01
3.020627e+06 4.019670e-01
3.020781e+06 4.028250e-01
3.020934e+06 4.036640e-01
3.021087e+06 4.044900e-01
3.021200e+06 4.051000e-01
3.021241e+06 4.053090e-01
3.021394e+06 4.061270e-01
3.021548e+06 4.069500e-01
3.021702e+06 4.077820e-01
3.021855e+06 4.086250e-01
3.022008e+06 4.094830e-01
3.022162e+06 4.103560e-01
3.022316e+06 4.112410e-01
3.022469e+06 4.121380e-01
3.022623e+06 4.130410e-01
3.022740e+06 4.137300e-01
3.022777e+06 4.139480e-01
3.022930e+06 4.148510e-01
3.023084e+06 4.157460e-01
3.023238e+06 4.166290e-01
3.023391e+06 4.174940e-01
3.023545e+06 4.183380e-01
3.023699e+06 4.191610e-01
3.023853e+06 4.199600e-01
3.024006e+06 4.207390e-01
3.024160e+06 4.215010e-01
3.024281e+06 4.220840e-01
3.024314e+06 4.222510e-01
3.024468e+06 4.229960e-01
3.024622e+06 4.237450e-01
3.024776e+06 4.245090e-01
3.024929e+06 4.252960e-01
3.025083e+06 4.261180e-01
3.025237e+06 4.269840e-01
3.025391e+06 4.279060e-01
3.025545e+06 4.288900e-01
3.025699e+06 4.299440e-01
3.025824e+06 4.308560e-01
3.025853e+06 4.310730e-01
3.026007e+06 4.322780e-01
3.026161e+06 4.335610e-01
3.026315e+06 4.349190e-01
3.026469e+06 4.363480e-01
3.026623e+06 4.378420e-01
3.026777e+06 4.393940e-01
3.026931e+06 4.409940e-01
3.027085e+06 4.426340e-01
3.027239e+06 4.443020e-01
3.027369e+06 4.457210e-01
3.027394e+06 4.459900e-01
3.027548e+06 4.476860e-01
3.027702e+06 4.493840e-01
3.027856e+06 4.510750e-01
3.028010e+06 4.527530e-01
3.028164e+06 4.544130e-01
3.028318e+06 4.560500e-01
3.028473e+06 4.576620e-01
3.028627e+06 4.592470e-01
3.028781e+06 4.608030e-01
3.028915e+06 4.621310e-01
3.028935e+06 4.623290e-01
3.029090e+06 4.638230e-01
3.029244e+06 4.652820e-01
3.029399e+06 4.667040e-01
3.029553e+06 4.680850e-01
3.029707e+06 4.694190e-01
3.029861e+06 4.707020e-01
3.030016e+06 4.719260e-01
3.030170e+06 4.730840e-01
3.030325e+06 4.741670e-01
3.030463e+06 4.750660e-01
3.030479e+06 4.751680e-01
3.030634e+06 4.760800e-01
3.030788e+06 4.768970e-01
3.030942e+06 4.776130e-01
3.031097e+06 4.782260e-01
3.031252e+06 4.787350e-01
3.031406e+06 4.791440e-01
3.031561e+06 4.794570e-01
3.031715e+06 4.796820e-01
3.031870e+06 4.798300e-01
3.032012e+06 4.799090e-01
3.032024e+06 4.799140e-01
3.032179e+06 4.799510e-01
3.032334e+06 4.799560e-01
3.032488e+06 4.799500e-01
3.032643e+06 4.799510e-01
3.032797e+06 4.799790e-01
3.032952e+06 4.800510e-01
3.033107e+06 4.801860e-01
3.033262e+06 4.803990e-01
3.033416e+06 4.807040e-01
3.033563e+06 4.810860e-01
3.033571e+06 4.811110e-01
3.033726e+06 4.816270e-01
3.033881e+06 4.822590e-01
3.034035e+06 4.830070e-01
3.034190e+06 4.838720e-01
3.034345e+06 4.848500e-01
3.034500e+06 4.859340e-01
3.034655e+06 4.871190e-01
3.034810e+06 4.883930e-01
3.034965e+06 4.897480e-01
3.035116e+06 4.911320e-01
3.035120e+06 4.911730e-01
3.035274e+06 4.926550e-01
3.035430e+06 4.941850e-01
3.035584e+06 4.957520e-01
3.035739e+06 4.973450e-01
3.035894e+06 4.989570e-01
3.036049e+06 5.005790e-01
3.036204e+06 5.022040e-01
3.036359e+06 5.038260e-01
3.036515e+06 5.054400e-01
3.036670e+06 5.070440e-01
3.036824e+06 5.086320e-01
3.036980e+06 5.102030e-01
3.037135e+06 5.117550e-01
3.037290e+06 5.132840e-01
3.037445e+06 5.147890e-01
3.037600e+06 5.162660e-01
3.037755e+06 5.177110e-01
3.037911e+06 5.191220e-01
3.038066e+06 5.204920e-01
3.038221e+06 5.218160e-01
3.038225e+06 5.218530e-01
3.038376e+06 5.230870e-01
3.038532e+06 5.242960e-01
3.038687e+06 5.254360e-01
3.038842e+06 5.264970e-01
3.038997e+06 5.274700e-01
3.039153e+06 5.283470e-01
3.039308e+06 5.291180e-01
3.039464e+06 5.297770e-01
3.039619e+06 5.303180e-01
3.039774e+06 5.307370e-01
3.039783e+06 5.307570e-01
3.041341e+06 5.297110e-01
3.042902e+06 5.337230e-01
3.044464e+06 5.484880e-01
3.046028e+06 5.576100e-01
3.047593e+06 5.648190e-01
3.049160e+06 5.718750e-01
3.050728e+06 5.754680e-01
3.052298e+06 5.753600e-01
3.053870e+06 5.744630e-01
3.055443e+06 5.775210e-01
3.057018e+06 5.777370e-01
3.058595e+06 5.865580e-01
3.060173e+06 5.988590e-01
3.061753e+06 6.020380e-01
3.063335e+06 6.057690e-01
3.064918e+06 6.118820e-01
3.066502e+06 6.221190e-01
3.068089e+06 6.347180e-01
3.069677e+06 6.483100e-01
3.071267e+06 6.497350e-01
3.072858e+06 6.454160e-01
3.074451e+06 6.495700e-01
3.076045e+06 6.533940e-01
3.077642e+06 6.568160e-01
3.079240e+06 6.592510e-01
3.080839e+06 6.673570e-01
3.082441e+06 6.782560e-01
3.084043e+06 6.834930e-01
3.085648e+06 6.828170e-01
3.087254e+06 6.817690e-01
3.088862e+06 6.870320e-01
3.090472e+06 7.000550e-01
3.092083e+06 7.074400e-01
3.093696e+06 7.043720e-01
3.095311e+06 7.024730e-01
3.096927e+06 7.026810e-01
3.098545e+06 7.076750e-01
3.100165e+06 7.209780e-01
3.101786e+06 7.230880e-01
3.103409e+06 7.227080e-01
3.105035e+06 7.320220e-01
3.106661e+06 7.362530e-01
3.108289e+06 7.378140e-01
3.109919e+06 7.420760e-01
3.111551e+06 7.381250e-01
3.113184e+06 7.434790e-01
3.114819e+06 7.567530e-01
3.116456e+06 7.631820e-01
3.118094e+06 7.648440e-01
3.119734e+06 7.650360e-01
3.121376e+06 7.690790e-01
3.123020e+06 7.666950e-01
3.124666e+06 7.635520e-01
3.126313e+06 7.642280e-01
3.127962e+06 7.697270e-01
3.129613e+06 7.818300e-01
3.131265e+06 7.879700e-01
3.132919e+06 7.811570e-01
3.134575e+06 7.717410e-01
3.136233e+06 7.744340e-01
3.137892e+06 7.938680e-01
3.139553e+06 8.096900e-01
3.141216e+06 8.112590e-01
3.142881e+06 8.006150e-01
3.144547e+06 7.818150e-01
3.146215e+06 7.790140e-01
3.147885e+06 7.977060e-01
3.149557e+06 8.025500e-01
3.151230e+06 7.971060e-01
3.152906e+06 7.985050e-01
3.154583e+06 7.998180e-01
3.156262e+06 8.041070e-01
3.157942e+06 8.057810e-01
3.159625e+06 8.006610e-01
3.161309e+06 8.065670e-01
3.162995e+06 8.160260e-01
3.164683e+06 8.137470e-01
3.166373e+06 8.116060e-01
3.168064e+06 8.192600e-01
3.169757e+06 8.243280e-01
3.171452e+06 8.245000e-01
3.173149e+06 8.275560e-01
3.174848e+06 8.394700e-01
3.176548e+06 8.524100e-01
3.178251e+06 8.531090e-01
3.179955e+06 8.536120e-01
3.181661e+06 8.541420e-01
3.183369e+06 8.416170e-01
3.185078e+06 8.430170e-01
3.186790e+06 8.629920e-01
3.188503e+06 8.772750e-01
3.190218e+06 8.774440e-01
3.191935e+06 8.497210e-01
3.193654e+06 8.293230e-01
3.195375e+06 8.379990e-01
3.197097e+06 8.518350e-01
3.198822e+06 8.592770e-01
3.200548e+06 8.619840e-01
3.202276e+06 8.493630e-01
3.204006e+06 8.387070e-01
3.205738e+06 8.490220e-01
3.207472e+06 8.627120e-01
3.209208e+06 8.679070e-01
3.210945e+06 8.763960e-01
3.212684e+06 8.717790e-01
3.214426e+06 8.546260e-01
3.216169e+06 8.478410e-01
3.217914e+06 8.509950e-01
3.219661e+06 8.564800e-01
3.221410e+06 8.626850e-01
3.223161e+06 8.625060e-01
3.224913e+06 8.540780e-01
3.226668e+06 8.409020e-01
3.228424e+06 8.394650e-01
3.230183e+06 8.514790e-01
3.231943e+06 8.662700e-01
3.233705e+06 8.810280e-01
3.235470e+06 8.760600e-01
3.237236e+06 8.713790e-01
3.239004e+06 8.945600e-01
3.240774e+06 9.130010e-01
3.242545e+06 9.125010e-01
3.244319e+06 9.095070e-01
3.246095e+06 9.027950e-01
3.247873e+06 9.033020e-01
3.247983e+06 9.039550e-01
3.248160e+06 9.055700e-01
3.248337e+06 9.074770e-01
3.248515e+06 9.095980e-01
3.248692e+06 9.118880e-01
3.248870e+06 9.142940e-01
3.249047e+06 9.167590e-01
3.249225e+06 9.192240e-01
3.249402e+06 9.216350e-01
3.249580e+06 9.239360e-01
3.249652e+06 9.248390e-01
3.249758e+06 9.260810e-01
3.249935e+06 9.280270e-01
3.250113e+06 9.297440e-01
3.250290e+06 9.312070e-01
3.250468e+06 9.324040e-01
3.250646e+06 9.333300e-01
3.250824e+06 9.339910e-01
3.251001e+06 9.343980e-01
3.251179e+06 9.345700e-01
3.251357e+06 9.345290e-01
3.251434e+06 9.344480e-01
3.251534e+06 9.343020e-01
3.251712e+06 9.339150e-01
3.251890e+06 9.333950e-01
3.252068e+06 9.327680e-01
3.252246e+06 9.320570e-01
3.252424e+06 9.312810e-01
3.252602e+06 9.304590e-01
3.252779e+06 9.296030e-01
3.252957e+06 9.287260e-01
3.253136e+06 9.278370e-01
3.253218e+06 9.274250e-01
3.253313e+06 9.269450e-01
3.253491e+06 9.260580e-01
3.253669e+06 9.251840e-01
3.253847e+06 9.243320e-01
3.254025e+06 9.235160e-01
3.254204e+06 9.227470e-01
3.254382e+06 9.220410e-01
3.254560e+06 9.214150e-01
3.254738e+06 9.208880e-01
3.254916e+06 9.204780e-01
3.255003e+06 9.203340e-01
3.255094e+06 9.202040e-01
3.255272e+06 9.200850e-01
3.255451e+06 9.201350e-01
3.255629e+06 9.203690e-01
3.255807e+06 9.207960e-01
3.255986e+06 9.214200e-01
3.256164e+06 9.222430e-01
3.256342e+06 9.232590e-01
3.256520e+06 9.244590e-01
3.256699e+06 9.258280e-01
3.256791e+06 9.265930e-01
3.256877e+06 9.273450e-01
3.257055e+06 9.289880e-01
3.257234e+06 9.307300e-01
3.257412e+06 9.325380e-01
3.257591e+06 9.343800e-01
3.257769e+06 9.362210e-01
3.257948e+06 9.380270e-01
3.258126e+06 9.397620e-01
3.258305e+06 9.413910e-01
3.258483e+06 9.428820e-01
3.258580e+06 9.436030e-01
3.258662e+06 9.442050e-01
3.258841e+06 9.453310e-01
3.259019e+06 9.462390e-01
3.259198e+06 9.469090e-01
3.259376e+06 9.473280e-01
3.259555e+06 9.474880e-01
3.259734e+06 9.473880e-01
3.259912e+06 9.470320e-01
3.260091e+06 9.464320e-01
3.260270e+06 9.456060e-01
3.260371e+06 9.450380e-01
3.260449e+06 9.445770e-01
3.260628e+06 9.433730e-01
3.260806e+06 9.420290e-01
3.260985e+06 9.405800e-01
3.261164e+06 9.390650e-01
3.261343e+06 9.375230e-01
3.261522e+06 9.359910e-01
3.261701e+06 9.345060e-01
3.261880e+06 9.330990e-01
3.262058e+06 9.317970e-01
3.262165e+06 9.310950e-01
3.262237e+06 9.306210e-01
3.262416e+06 9.295840e-01
3.262595e+06 9.286940e-01
3.262774e+06 9.279520e-01
3.262953e+06 9.273510e-01
3.263132e+06 9.268820e-01
3.263311e+06 9.265280e-01
3.263491e+06 9.262730e-01
3.263670e+06 9.260970e-01
3.263849e+06 9.259810e-01
3.263960e+06 9.259400e-01
3.264028e+06 9.259090e-01
3.264207e+06 9.258660e-01
3.264386e+06 9.258430e-01
3.264566e+06 9.258350e-01
3.264745e+06 9.258410e-01
3.264924e+06 9.258650e-01
3.265103e+06 9.259160e-01
3.265283e+06 9.260060e-01
3.265462e+06 9.261470e-01
3.265641e+06 9.263530e-01
3.265757e+06 9.265330e-01
3.265821e+06 9.266380e-01
3.266000e+06 9.270110e-01
3.266179e+06 9.274790e-01
3.266359e+06 9.280430e-01
3.266538e+06 9.287010e-01
3.266718e+06 9.294410e-01
3.266897e+06 9.302490e-01
3.267077e+06 9.311010e-01
3.267256e+06 9.319740e-01
3.267436e+06 9.328360e-01
3.267557e+06 9.333860e-01
3.267615e+06 9.336560e-01
3.267795e+06 9.344010e-01
3.267974e+06 9.350390e-01
3.268154e+06 9.355410e-01
3.268334e+06 9.358810e-01
3.268513e+06 9.360370e-01
3.268693e+06 9.359950e-01
3.268873e+06 9.357440e-01
3.269052e+06 9.352830e-01
3.269232e+06 9.346150e-01
3.269358e+06 9.340160e-01
3.269412e+06 9.337500e-01
3.269592e+06 9.327040e-01
3.269771e+06 9.314970e-01
3.269951e+06 9.301540e-01
3.270131e+06 9.287040e-01
3.270311e+06 9.271780e-01
3.270491e+06 9.256060e-01
3.270671e+06 9.240230e-01
3.270850e+06 9.224620e-01
3.271031e+06 9.209550e-01
3.271161e+06 9.199140e-01
3.271210e+06 9.195330e-01
3.271390e+06 9.182280e-01
3.271570e+06 9.170650e-01
3.271750e+06 9.160700e-01
3.271930e+06 9.152640e-01
3.272110e+06 9.146630e-01
3.272290e+06 9.142810e-01
3.272471e+06 9.141240e-01
3.272651e+06 9.141950e-01
3.272831e+06 9.144890e-01
3.272967e+06 9.148670e-01
3.273011e+06 9.149970e-01
3.273191e+06 9.157020e-01
3.273371e+06 9.165810e-01
3.273551e+06 9.176080e-01
3.273732e+06 9.187510e-01
3.273912e+06 9.199750e-01
3.274092e+06 9.212420e-01
3.274272e+06 9.225140e-01
3.274453e+06 9.237560e-01
3.274633e+06 9.249340e-01
3.274774e+06 9.257900e-01
3.274814e+06 9.260170e-01
3.274994e+06 9.269810e-01
3.275174e+06 9.278090e-01
3.275355e+06 9.284910e-01
3.275535e+06 9.290220e-01
3.275716e+06 9.294060e-01
3.275896e+06 9.296530e-01
3.276076e+06 9.297780e-01
3.276257e+06 9.298010e-01
3.276437e+06 9.297410e-01
3.276583e+06 9.296410e-01
3.276618e+06 9.296200e-01
3.276799e+06 9.294560e-01
3.276979e+06 9.292670e-01
3.277160e+06 9.290620e-01
3.277340e+06 9.288480e-01
3.277521e+06 9.286240e-01
3.277702e+06 9.283820e-01
3.277882e+06 9.281100e-01
3.278063e+06 9.277910e-01
3.278244e+06 9.274030e-01
3.278395e+06 9.270080e-01
3.278424e+06 9.269260e-01
3.278605e+06 9.263350e-01
3.278786e+06 9.256140e-01
3.278967e+06 9.247470e-01
3.279148e+06 9.237240e-01
3.279328e+06 9.225450e-01
3.279509e+06 9.212170e-01
3.279690e+06 9.197550e-01
3.279871e+06 9.181830e-01
3.280052e+06 9.165320e-01
3.280208e+06 9.150760e-01
3.280233e+06 9.148400e-01
3.280414e+06 9.131470e-01
3.280595e+06 9.114990e-01
3.280776e+06 9.099410e-01
3.280957e+06 9.085140e-01
3.281138e+06 9.072580e-01
3.281319e+06 9.062070e-01
3.281500e+06 9.053880e-01
3.281681e+06 9.048190e-01
3.281862e+06 9.045110e-01
3.282023e+06 9.044590e-01
3.282044e+06 9.044680e-01
3.282224e+06 9.046850e-01
3.282406e+06 9.051500e-01
3.282587e+06 9.058470e-01
3.282768e+06 9.067550e-01
3.282949e+06 9.078520e-01
3.283131e+06 9.091120e-01
3.283312e+06 9.105120e-01
3.283493e+06 9.120290e-01
3.283675e+06 9.136400e-01
3.283840e+06 9.151790e-01
3.283856e+06 9.153280e-01
3.284037e+06 9.170750e-01
3.284219e+06 9.188660e-01
3.284400e+06 9.206870e-01
3.284581e+06 9.225290e-01
3.284763e+06 9.243770e-01
3.284944e+06 9.262210e-01
3.285126e+06 9.280460e-01
3.285307e+06 9.298400e-01
3.285489e+06 9.315850e-01
3.285660e+06 9.331680e-01
3.285670e+06 9.332650e-01
3.285852e+06 9.348620e-01
3.286034e+06 9.363550e-01
3.286215e+06 9.377260e-01
3.286397e+06 9.389560e-01
3.286578e+06 9.400270e-01
3.286760e+06 9.409260e-01
3.286942e+06 9.416400e-01
3.287123e+06 9.421620e-01
3.287305e+06 9.424870e-01
3.287481e+06 9.426150e-01
3.287487e+06 9.426170e-01
3.287669e+06 9.425570e-01
3.287850e+06 9.423130e-01
3.288032e+06 9.418990e-01
3.288214e+06 9.413270e-01
3.288396e+06 9.406160e-01
3.288578e+06 9.397800e-01
3.288760e+06 9.388390e-01
3.288942e+06 9.378080e-01
3.289124e+06 9.367040e-01
3.289304e+06 9.355480e-01
3.289305e+06 9.355410e-01
3.289487e+06 9.343330e-01
3.289669e+06 9.330900e-01
3.289851e+06 9.318220e-01
3.290033e+06 9.305390e-01
3.290215e+06 9.292490e-01
3.290397e+06 9.279590e-01
3.290579e+06 9.266780e-01
3.290762e+06 9.254130e-01
3.290944e+06 9.241740e-01
3.291126e+06 9.229710e-01
3.291130e+06 9.229440e-01
3.291308e+06 9.218150e-01
3.291490e+06 9.207180e-01
3.291672e+06 9.196940e-01
3.291855e+06 9.187540e-01
3.292037e+06 9.179110e-01
3.292219e+06 9.171790e-01
3.292401e+06 9.165670e-01
3.292584e+06 9.160860e-01
3.292766e+06 9.157440e-01
3.292948e+06 9.155460e-01
3.292957e+06 9.155390e-01
3.293131e+06 9.154960e-01
3.293313e+06 9.155950e-01
3.293496e+06 9.158410e-01
3.293678e+06 9.162300e-01
3.293860e+06 9.167580e-01
3.294043e+06 9.174140e-01
3.294225e+06 9.181900e-01
3.294408e+06 9.190730e-01
3.294590e+06 9.200490e-01
3.294773e+06 9.211030e-01
3.294787e+06 9.211870e-01
3.294956e+06 9.222160e-01
3.295138e+06 9.233720e-01
3.295321e+06 9.245480e-01
3.295503e+06 9.257230e-01
3.295686e+06 9.268730e-01
3.295869e+06 9.279730e-01
3.296051e+06 9.289980e-01
3.296234e+06 9.299210e-01
3.296417e+06 9.307170e-01
3.296600e+06 9.313610e-01
3.296618e+06 9.314140e-01
3.296782e+06 9.318290e-01
3.296965e+06 9.321000e-01
3.297148e+06 9.321570e-01
3.297331e+06 9.319880e-01
3.297514e+06 9.315840e-01
3.297696e+06 9.309450e-01
3.297879e+06 9.300750e-01
3.298062e+06 9.289860e-01
3.298245e+06 9.276960e-01
3.298428e+06 9.262330e-01
3.298451e+06 9.260340e-01
3.298611e+06 9.246260e-01
3.298794e+06 9.229150e-01
3.298977e+06 9.211410e-01
3.299160e+06 9.193490e-01
3.299343e+06 9.175860e-01
3.299526e+06 9.159030e-01
3.299709e+06 9.143450e-01
3.299892e+06 9.129580e-01
3.300076e+06 9.117850e-01
3.300259e+06 9.108620e-01
3.300287e+06 9.107460e-01
3.300442e+06 9.102200e-01
3.300625e+06 9.098860e-01
3.300808e+06 9.098750e-01
3.300992e+06 9.101990e-01
3.301175e+06 9.108590e-01
3.301358e+06 9.118500e-01
3.301541e+06 9.131590e-01
3.301725e+06 9.147670e-01
3.301908e+06 9.166470e-01
3.302091e+06 9.187670e-01
3.302125e+06 9.191710e-01
3.302275e+06 9.210920e-01
3.302458e+06 9.235820e-01
3.302642e+06 9.261940e-01
3.302825e+06 9.288860e-01
3.303009e+06 9.316150e-01
3.303192e+06 9.343390e-01
3.303375e+06 9.370190e-01
3.303559e+06 9.396190e-01
3.303743e+06 9.421090e-01
3.303926e+06 9.444640e-01
3.303964e+06 9.449300e-01
3.304110e+06 9.466660e-01
3.304293e+06 9.487040e-01
3.304477e+06 9.505730e-01
3.304661e+06 9.522770e-01
3.304844e+06 9.538260e-01
3.305028e+06 9.552370e-01
3.305212e+06 9.565310e-01
3.305395e+06 9.577340e-01
3.305579e+06 9.588760e-01
3.305763e+06 9.599860e-01
3.305806e+06 9.602450e-01
3.305947e+06 9.610930e-01
3.306130e+06 9.622240e-01
3.306314e+06 9.634010e-01
3.306498e+06 9.646430e-01
3.306682e+06 9.659610e-01
3.306866e+06 9.673570e-01
3.307050e+06 9.688290e-01
3.307234e+06 9.703640e-01
3.307418e+06 9.719440e-01
3.307602e+06 9.735440e-01
3.307650e+06 9.739670e-01
3.307786e+06 9.751330e-01
3.307970e+06 9.766800e-01
3.308154e+06 9.781480e-01
3.308338e+06 9.795050e-01
3.308522e+06 9.807190e-01
3.308706e+06 9.817630e-01
3.308890e+06 9.826160e-01
3.309074e+06 9.832670e-01
3.309258e+06 9.837100e-01
3.309442e+06 9.839500e-01
3.309495e+06 9.839740e-01
3.309627e+06 9.840000e-01
3.309811e+06 9.838830e-01
3.309995e+06 9.836290e-01
3.310179e+06 9.832740e-01
3.310364e+06 9.828580e-01
3.310548e+06 9.824250e-01
3.310732e+06 9.820180e-01
3.310917e+06 9.816810e-01
3.311101e+06 9.814520e-01
3.311285e+06 9.813650e-01
3.311343e+06 9.813720e-01
3.311470e+06 9.814480e-01
3.311654e+06 9.817210e-01
3.311839e+06 9.821960e-01
3.312023e+06 9.828740e-01
3.312208e+06 9.837500e-01
3.312392e+06 9.848100e-01
3.312577e+06 9.860300e-01
3.312761e+06 9.873830e-01
3.312946e+06 9.888340e-01
3.313130e+06 9.903440e-01
3.313193e+06 9.908610e-01
3.313315e+06 9.918730e-01
3.313500e+06 9.933780e-01
3.313684e+06 9.948170e-01
3.313869e+06 9.961490e-01
3.314054e+06 9.973340e-01
3.314238e+06 9.983380e-01
3.314423e+06 9.991300e-01
3.314608e+06 9.996830e-01
3.314793e+06 9.999780e-01
3.314977e+06 1.000000e+00
3.315045e+06 9.999150e-01
3.315162e+06 9.997410e-01
3.315347e+06 9.991990e-01
3.315532e+06 9.983810e-01
3.315717e+06 9.972970e-01
3.315902e+06 9.959670e-01
3.316086e+06 9.944140e-01
3.316271e+06 9.926690e-01
3.316456e+06 9.907690e-01
3.316641e+06 9.887510e-01
3.316826e+06 9.866600e-01
3.316899e+06 9.858350e-01
3.317011e+06 9.845430e-01
3.317196e+06 9.824450e-01
3.317381e+06 9.804150e-01
3.317566e+06 9.784980e-01
3.317752e+06 9.767370e-01
3.317937e+06 9.751710e-01
3.318122e+06 9.738330e-01
3.318307e+06 9.727500e-01
3.318492e+06 9.719420e-01
3.318677e+06 9.714200e-01
3.318755e+06 9.713210e-01
3.318863e+06 9.711850e-01
3.319048e+06 9.712330e-01
3.319233e+06 9.715480e-01
3.319418e+06 9.721100e-01
3.319604e+06 9.728880e-01
3.319789e+06 9.738480e-01
3.319974e+06 9.749530e-01
3.320160e+06 9.761620e-01
3.320345e+06 9.774310e-01
3.320530e+06 9.787200e-01
3.320613e+06 9.792860e-01
3.320716e+06 9.799890e-01
3.320902e+06 9.812040e-01
3.321087e+06 9.823310e-01
3.321272e+06 9.833460e-01
3.321458e+06 9.842280e-01
3.321643e+06 9.849620e-01
3.321829e+06 9.855390e-01
3.322015e+06 9.859570e-01
3.322200e+06 9.862150e-01
3.322386e+06 9.863180e-01
3.322474e+06 9.862990e-01
3.322572e+06 9.862720e-01
3.322757e+06 9.860850e-01
3.322943e+06 9.857660e-01
3.323129e+06 9.853210e-01
3.323314e+06 9.847570e-01
3.323500e+06 9.840760e-01
3.323686e+06 9.832810e-01
3.323872e+06 9.823680e-01
3.324057e+06 9.813360e-01
3.324243e+06 9.801780e-01
3.324336e+06 9.795390e-01
3.324429e+06 9.788880e-01
3.324615e+06 9.774590e-01
3.324801e+06 9.758860e-01
3.324987e+06 9.741660e-01
3.325173e+06 9.722970e-01
3.325359e+06 9.702820e-01
3.325545e+06 9.681310e-01
3.325731e+06 9.658560e-01
3.325917e+06 9.634770e-01
3.326103e+06 9.610170e-01
3.326201e+06 9.597000e-01
3.326289e+06 9.585070e-01
3.326475e+06 9.559810e-01
3.326661e+06 9.534770e-01
3.326847e+06 9.510340e-01
3.327033e+06 9.486960e-01
3.327219e+06 9.465050e-01
3.327405e+06 9.445000e-01
3.327592e+06 9.427200e-01
3.327778e+06 9.411990e-01
3.327964e+06 9.399660e-01
3.328067e+06 9.394370e-01
3.328150e+06 9.390430e-01
3.328337e+06 9.384460e-01
3.328523e+06 9.381840e-01
3.328709e+06 9.382580e-01
3.328896e+06 9.386610e-01
3.329082e+06 9.393800e-01
3.329268e+06 9.403950e-01
3.329455e+06 9.416780e-01
3.329641e+06 9.431970e-01
3.329828e+06 9.449140e-01
3.329936e+06 9.459890e-01
3.330014e+06 9.467880e-01
3.330201e+06 9.487740e-01
3.330387e+06 9.508260e-01
3.330574e+06 9.528960e-01
3.330760e+06 9.549350e-01
3.330947e+06 9.568960e-01
3.331133e+06 9.587340e-01
3.331320e+06 9.604050e-01
3.331507e+06 9.618710e-01
3.331693e+06 9.630980e-01
3.331806e+06 9.637000e-01
3.331880e+06 9.640580e-01
3.332067e+06 9.647290e-01
3.332253e+06 9.651010e-01
3.332440e+06 9.651700e-01
3.332627e+06 9.649420e-01
3.332814e+06 9.644340e-01
3.333000e+06 9.636730e-01
3.333187e+06 9.626960e-01
3.333374e+06 9.615510e-01
3.333561e+06 9.602930e-01
3.333679e+06 9.594620e-01
3.333748e+06 9.589830e-01
3.333935e+06 9.576880e-01
3.334122e+06 9.564770e-01
3.334309e+06 9.554190e-01
3.334496e+06 9.545790e-01
3.334683e+06 9.540160e-01
3.334870e+06 9.537790e-01
3.335057e+06 9.539050e-01
3.335244e+06 9.544180e-01
3.335431e+06 9.553230e-01
3.335554e+06 9.561480e-01
3.335618e+06 9.566100e-01
3.335805e+06 9.582510e-01
3.335992e+06 9.602000e-01
3.336179e+06 9.623950e-01
3.336367e+06 9.647610e-01
3.336554e+06 9.672120e-01
3.336741e+06 9.696550e-01
3.336928e+06 9.719930e-01
3.337116e+06 9.741320e-01
3.337303e+06 9.759800e-01
3.337431e+06 9.770220e-01
3.337490e+06 9.774560e-01
3.337678e+06 9.784940e-01
3.337865e+06 9.790420e-01
3.338052e+06 9.790660e-01
3.338240e+06 9.785530e-01
3.338427e+06 9.775090e-01
3.338614e+06 9.759600e-01
3.338802e+06 9.739500e-01
3.338989e+06 9.715390e-01
3.339177e+06 9.687970e-01
3.339311e+06 9.666770e-01
3.339364e+06 9.658060e-01
3.339552e+06 9.626500e-01
3.339740e+06 9.594140e-01
3.339927e+06 9.561820e-01
3.340115e+06 9.530280e-01
3.340302e+06 9.500180e-01
3.340490e+06 9.472060e-01
3.340678e+06 9.446320e-01
3.340865e+06 9.423210e-01
3.341053e+06 9.402860e-01
3.341192e+06 9.389710e-01
3.341241e+06 9.385230e-01
3.341428e+06 9.370200e-01
3.341616e+06 9.357530e-01
3.341804e+06 9.346900e-01
3.341992e+06 9.337960e-01
3.342180e+06 9.330320e-01
3.342368e+06 9.323610e-01
3.342556e+06 9.317460e-01
3.342743e+06 9.311560e-01
3.342931e+06 9.305640e-01
3.343075e+06 9.300900e-01
3.343119e+06 9.299490e-01
3.343307e+06 9.292990e-01
3.343495e+06 9.286040e-01
3.343683e+06 9.278640e-01
3.343871e+06 9.270820e-01
3.344059e+06 9.262650e-01
3.344247e+06 9.254240e-01
3.344435e+06 9.245720e-01
3.344624e+06 9.237220e-01
3.344812e+06 9.228870e-01
3.344961e+06 9.222450e-01
3.345000e+06 9.220830e-01
3.345188e+06 9.213200e-01
3.345376e+06 9.206100e-01
3.345564e+06 9.199630e-01
3.345753e+06 9.193880e-01
3.345941e+06 9.188900e-01
3.346129e+06 9.184750e-01
3.346317e+06 9.181470e-01
3.346506e+06 9.179070e-01
3.346694e+06 9.177560e-01
3.346848e+06 9.177020e-01
3.346883e+06 9.176900e-01
3.347071e+06 9.177070e-01
3.347259e+06 9.177970e-01
3.347448e+06 9.179530e-01
3.347636e+06 9.181590e-01
3.347825e+06 9.184000e-01
3.348013e+06 9.186560e-01
3.348202e+06 9.189050e-01
3.348390e+06 9.191220e-01
3.348579e+06 9.192820e-01
3.348738e+06 9.193550e-01
3.348767e+06 9.193580e-01
3.348956e+06 9.193250e-01
3.349145e+06 9.191590e-01
3.349333e+06 9.188410e-01
3.349522e+06 9.183560e-01
3.349711e+06 9.176920e-01
3.349899e+06 9.168450e-01
3.350088e+06 9.158190e-01
3.350277e+06 9.146230e-01
3.350466e+06 9.132710e-01
3.350630e+06 9.119770e-01
3.350654e+06 9.117850e-01
3.350843e+06 9.101890e-01
3.351032e+06 9.085120e-01
3.351221e+06 9.067840e-01
3.351410e+06 9.050340e-01
3.351599e+06 9.032890e-01
3.351787e+06 9.015730e-01
3.351976e+06 8.999060e-01
3.352165e+06 8.983000e-01
3.352354e+06 8.967640e-01
3.352524e+06 8.954360e-01
3.352543e+06 8.952970e-01
3.352732e+06 8.938960e-01
3.352921e+06 8.925490e-01
3.353111e+06 8.912420e-01
3.353300e+06 8.899580e-01
3.353489e+06 8.886790e-01
3.353678e+06 8.873880e-01
3.353867e+06 8.860690e-01
3.354056e+06 8.847130e-01
3.354245e+06 8.833120e-01
3.354421e+06 8.819740e-01
3.354435e+06 8.818670e-01
3.354624e+06 8.803860e-01
3.354813e+06 8.788810e-01
3.355002e+06 8.773720e-01
3.355192e+06 8.758850e-01
3.355381e+06 8.744470e-01
3.355570e+06 8.730920e-01
3.355760e+06 8.718510e-01
3.355949e+06 8.707560e-01
3.356139e+06 8.698380e-01
3.356319e+06 8.691500e-01
3.356328e+06 8.691210e-01
3.356517e+06 8.686280e-01
3.356707e+06 8.683710e-01
3.356896e+06 8.683600e-01
3.357086e+06 8.685950e-01
3.357275e+06 8.690710e-01
3.357465e+06 8.697740e-01
3.357655e+06 8.706890e-01
3.357844e+06 8.717920e-01
3.358034e+06 8.730590e-01
3.358219e+06 8.744290e-01
3.358223e+06 8.744620e-01
3.358413e+06 8.759730e-01
3.358603e+06 8.775640e-01
3.358793e+06 8.792080e-01
3.358982e+06 8.808820e-01
3.359172e+06 8.825620e-01
3.359362e+06 8.842300e-01
3.359552e+06 8.858690e-01
3.359741e+06 8.874660e-01
3.359931e+06 8.890080e-01
3.360121e+06 8.904870e-01
3.360122e+06 8.904940e-01
3.360311e+06 8.918940e-01
3.360501e+06 8.932200e-01
3.360691e+06 8.944590e-01
3.360881e+06 8.956010e-01
3.361071e+06 8.966390e-01
3.361261e+06 8.975620e-01
3.361451e+06 8.983610e-01
3.361641e+06 8.990260e-01
3.361831e+06 8.995460e-01
3.362021e+06 8.999110e-01
3.362027e+06 8.999190e-01
3.362211e+06 9.001150e-01
3.362401e+06 9.001520e-01
3.362591e+06 9.000190e-01
3.362781e+06 8.997180e-01
3.362972e+06 8.992550e-01
3.363162e+06 8.986410e-01
3.363352e+06 8.978920e-01
3.363542e+06 8.970300e-01
3.363733e+06 8.960820e-01
3.363923e+06 8.950790e-01
3.363934e+06 8.950150e-01
3.364113e+06 8.940560e-01
3.364303e+06 8.930510e-01
3.364494e+06 8.921020e-01
3.364684e+06 8.912490e-01
3.364875e+06 8.905290e-01
3.365065e+06 8.899770e-01
3.365255e+06 8.896240e-01
3.365446e+06 8.894940e-01
3.365636e+06 8.896040e-01
3.365827e+06 8.899650e-01
3.365843e+06 8.900090e-01
3.366017e+06 8.905780e-01
3.366208e+06 8.914370e-01
3.366398e+06 8.925260e-01
3.366589e+06 8.938220e-01
3.366780e+06 8.952970e-01
3.366970e+06 8.969150e-01
3.367161e+06 8.986370e-01
3.367352e+06 9.004210e-01
3.367542e+06 9.022270e-01
3.367733e+06 9.040130e-01
3.367754e+06 9.042150e-01
3.367924e+06 9.057400e-01
3.368115e+06 9.073760e-01
3.368305e+06 9.088920e-01
3.368496e+06 9.102670e-01
3.368687e+06 9.114870e-01
3.368878e+06 9.125450e-01
3.369069e+06 9.134430e-01
3.369260e+06 9.141860e-01
3.369450e+06 9.147900e-01
3.369641e+06 9.152730e-01
3.369668e+06 9.153260e-01
3.369832e+06 9.156580e-01
3.370023e+06 9.159710e-01
3.370214e+06 9.162380e-01
3.370405e+06 9.164870e-01
3.370597e+06 9.167430e-01
3.370788e+06 9.170310e-01
3.370979e+06 9.173720e-01
3.371170e+06 9.177840e-01
3.371361e+06 9.182800e-01
3.371552e+06 9.188720e-01
3.371584e+06 9.189800e-01
3.371743e+06 9.195660e-01
3.371934e+06 9.203650e-01
3.372126e+06 9.212680e-01
3.372317e+06 9.222720e-01
3.372508e+06 9.233710e-01
3.372699e+06 9.245550e-01
3.372891e+06 9.258140e-01
3.373082e+06 9.271350e-01
3.373273e+06 9.285020e-01
3.373465e+06 9.298980e-01
3.373501e+06 9.301710e-01
3.373656e+06 9.313040e-01
3.373848e+06 9.326990e-01
3.374039e+06 9.340630e-01
3.374230e+06 9.353710e-01
3.374422e+06 9.366000e-01
3.374613e+06 9.377260e-01
3.374805e+06 9.387250e-01
3.374996e+06 9.395760e-01
3.375188e+06 9.402590e-01
3.375380e+06 9.407570e-01
3.375422e+06 9.408370e-01
3.375571e+06 9.410570e-01
3.375763e+06 9.411520e-01
3.375955e+06 9.410380e-01
3.376146e+06 9.407190e-01
3.376338e+06 9.402030e-01
3.376530e+06 9.395040e-01
3.376721e+06 9.386410e-01
3.376913e+06 9.376350e-01
3.377105e+06 9.365120e-01
3.377297e+06 9.352990e-01
3.377344e+06 9.349980e-01
3.377488e+06 9.340210e-01
3.377680e+06 9.327030e-01
3.377872e+06 9.313670e-01
3.378064e+06 9.300280e-01
3.378256e+06 9.286970e-01
3.378448e+06 9.273810e-01
3.378640e+06 9.260790e-01
3.378832e+06 9.247820e-01
3.379024e+06 9.234800e-01
3.379216e+06 9.221570e-01
3.379268e+06 9.217840e-01
3.379408e+06 9.207920e-01
3.379600e+06 9.193680e-01
3.379792e+06 9.178650e-01
3.379984e+06 9.162670e-01
3.380176e+06 9.145640e-01
3.380369e+06 9.127510e-01
3.380561e+06 9.108290e-01
3.380753e+06 9.088090e-01
3.380945e+06 9.067080e-01
3.381137e+06 9.045540e-01
3.381195e+06 9.038920e-01
3.381330e+06 9.023790e-01
3.381522e+06 9.002210e-01
3.381714e+06 8.981230e-01
3.381907e+06 8.961310e-01
3.382099e+06 8.942890e-01
3.382291e+06 8.926400e-01
3.382484e+06 8.912230e-01
3.382676e+06 8.900700e-01
3.382869e+06 8.892070e-01
3.383061e+06 8.886510e-01
3.383124e+06 8.885530e-01
3.383253e+06 8.884090e-01
3.383446e+06 8.884800e-01
3.383638e+06 8.888500e-01
3.383831e+06 8.894990e-01
3.384024e+06 8.903990e-01
3.384216e+06 8.915140e-01
3.384409e+06 8.928010e-01
3.384601e+06 8.942140e-01
3.384794e+06 8.957050e-01
3.384987e+06 8.972220e-01
3.385055e+06 8.977570e-01
3.385180e+06 8.987160e-01
3.385372e+06 9.001380e-01
3.385565e+06 9.014390e-01
3.385758e+06 9.025770e-01
3.385951e+06 9.035130e-01
3.386143e+06 9.042130e-01
3.386336e+06 9.046480e-01
3.386529e+06 9.047970e-01
3.386722e+06 9.046460e-01
3.386915e+06 9.041890e-01
3.386988e+06 9.039250e-01
3.387108e+06 9.034260e-01
3.387300e+06 9.023680e-01
3.387494e+06 9.010340e-01
3.387686e+06 8.994500e-01
3.387880e+06 8.976500e-01
3.388073e+06 8.956780e-01
3.388266e+06 8.935800e-01
3.388459e+06 8.914120e-01
3.388652e+06 8.892290e-01
3.388845e+06 8.870900e-01
3.388923e+06 8.862560e-01
3.389038e+06 8.850530e-01
3.389231e+06 8.831730e-01
3.389424e+06 8.815000e-01
3.389618e+06 8.800770e-01
3.389811e+06 8.789380e-01
3.390004e+06 8.781080e-01
3.390197e+06 8.775960e-01
3.390391e+06 8.774050e-01
3.390584e+06 8.775210e-01
3.390777e+06 8.779210e-01
3.390861e+06 8.781750e-01
3.390971e+06 8.785710e-01
3.391164e+06 8.794290e-01
3.391358e+06 8.804480e-01
3.391551e+06 8.815750e-01
3.391744e+06 8.827590e-01
3.391938e+06 8.839480e-01
3.392131e+06 8.850970e-01
3.392325e+06 8.861670e-01
3.392518e+06 8.871270e-01
3.392712e+06 8.879580e-01
3.392801e+06 8.882770e-01
3.392905e+06 8.886490e-01
3.393099e+06 8.892000e-01
3.393293e+06 8.896220e-01
3.393486e+06 8.899350e-01
3.393680e+06 8.901640e-01
3.393874e+06 8.903410e-01
3.394068e+06 8.904990e-01
3.394261e+06 8.906730e-01
3.394455e+06 8.908960e-01
3.394649e+06 8.911940e-01
3.394743e+06 8.913850e-01
3.394842e+06 8.915940e-01
3.395036e+06 8.921100e-01
3.395230e+06 8.927520e-01
3.395424e+06 8.935240e-01
3.395618e+06 8.944190e-01
3.395812e+06 8.954280e-01
3.396006e+06 8.965330e-01
3.396200e+06 8.977150e-01
3.396394e+06 8.989500e-01
3.396588e+06 9.002150e-01
3.396687e+06 9.008730e-01
3.396782e+06 9.014860e-01
3.396976e+06 9.027420e-01
3.397170e+06 9.039610e-01
3.397364e+06 9.051260e-01
3.397558e+06 9.062240e-01
3.397752e+06 9.072430e-01
3.397946e+06 9.081750e-01
3.398141e+06 9.090130e-01
3.398335e+06 9.097540e-01
3.398529e+06 9.103950e-01
3.398634e+06 9.106950e-01
3.398723e+06 9.109350e-01
3.398918e+06 9.113720e-01
3.399112e+06 9.117050e-01
3.399306e+06 9.119340e-01
3.399501e+06 9.120600e-01
3.399695e+06 9.120820e-01
3.399889e+06 9.120030e-01
3.400084e+06 9.118260e-01
3.400278e+06 9.115560e-01
3.400472e+06 9.112020e-01
3.400582e+06 9.109610e-01
3.400667e+06 9.107730e-01
3.400862e+06 9.102830e-01
3.401056e+06 9.097460e-01
3.401251e+06 9.091800e-01
3.401445e+06 9.086020e-01
3.401640e+06 9.080320e-01
3.401834e+06 9.074870e-01
3.402029e+06 9.069830e-01
3.402224e+06 9.065330e-01
3.402418e+06 9.061460e-01
3.402533e+06 9.059500e-01
3.402613e+06 9.058260e-01
3.402808e+06 9.055750e-01
3.403002e+06 9.053850e-01
3.403197e+06 9.052460e-01
3.403392e+06 9.051430e-01
3.403587e+06 9.050560e-01
3.403781e+06 9.049650e-01
3.403976e+06 9.048460e-01
3.404171e+06 9.046770e-01
3.404366e+06 9.044360e-01
3.404487e+06 9.042270e-01
3.404561e+06 9.041060e-01
3.404756e+06 9.036740e-01
3.404951e+06 9.031320e-01
3.405146e+06 9.024780e-01
3.405341e+06 9.017170e-01
3.405536e+06 9.008590e-01
3.405731e+06 8.999240e-01
3.405926e+06 8.989330e-01
3.406121e+06 8.979130e-01
3.406316e+06 8.968940e-01
3.406442e+06 8.962570e-01
3.406511e+06 8.959070e-01
3.406706e+06 8.949830e-01
3.406902e+06 8.941520e-01
3.407097e+06 8.934400e-01
3.407292e+06 8.928690e-01
3.407487e+06 8.924570e-01
3.407683e+06 8.922150e-01
3.407878e+06 8.921480e-01
3.408073e+06 8.922530e-01
3.408269e+06 8.925250e-01
3.408400e+06 8.928060e-01
3.408464e+06 8.929490e-01
3.408659e+06 8.935060e-01
3.408855e+06 8.941760e-01
3.409050e+06 8.949320e-01
3.409246e+06 8.957460e-01
3.409441e+06 8.965880e-01
3.409637e+06 8.974310e-01
3.409832e+06 8.982450e-01
3.410028e+06 8.990030e-01
3.410223e+06 8.996820e-01
3.410360e+06 9.000930e-01
3.410419e+06 9.002590e-01
3.410614e+06 9.007180e-01
3.410810e+06 9.010430e-01
3.411006e+06 9.012260e-01
3.411201e+06 9.012610e-01
3.411397e+06 9.011470e-01
3.411593e+06 9.008880e-01
3.411789e+06 9.004910e-01
3.411984e+06 8.999680e-01
3.412180e+06 8.993350e-01
3.412322e+06 8.988110e-01
3.412376e+06 8.986090e-01
3.412572e+06 8.978120e-01
3.412768e+06 8.969650e-01
3.412963e+06 8.960920e-01
3.413159e+06 8.952170e-01
3.413355e+06 8.943640e-01
3.413551e+06 8.935550e-01
3.413747e+06 8.928100e-01
3.413943e+06 8.921480e-01
3.414139e+06 8.915820e-01
3.414287e+06 8.912270e-01
3.414335e+06 8.911230e-01
3.414531e+06 8.907800e-01
3.414727e+06 8.905560e-01
3.414923e+06 8.904520e-01
3.415120e+06 8.904650e-01
3.415316e+06 8.905900e-01
3.415512e+06 8.908190e-01
3.415708e+06 8.911460e-01
3.415904e+06 8.915610e-01
3.416100e+06 8.920580e-01
3.416253e+06 8.925020e-01
3.416297e+06 8.926300e-01
3.416493e+06 8.932730e-01
3.416689e+06 8.939870e-01
3.416886e+06 8.947710e-01
3.417082e+06 8.956320e-01
3.417279e+06 8.965770e-01
3.417475e+06 8.976160e-01
3.417671e+06 8.987600e-01
3.417868e+06 9.000250e-01
3.418064e+06 9.014230e-01
3.418222e+06 9.026620e-01
3.420194e+06 9.269120e-01
3.422167e+06 9.525490e-01
3.424143e+06 9.508190e-01
3.426121e+06 9.303690e-01
3.428102e+06 9.289020e-01
3.430084e+06 9.472780e-01
3.432069e+06 9.585290e-01
3.434057e+06 9.525700e-01
3.436046e+06 9.351780e-01
3.438038e+06 9.174030e-01
3.440032e+06 9.186460e-01
3.442029e+06 9.243290e-01
3.444028e+06 9.133350e-01
3.446029e+06 9.046720e-01
3.448032e+06 8.949320e-01
3.450038e+06 8.857500e-01
3.452046e+06 8.818010e-01
3.454057e+06 8.836750e-01
3.456070e+06 8.867770e-01
3.458085e+06 8.813080e-01
3.460102e+06 8.767030e-01
3.462122e+06 8.768300e-01
3.464145e+06 8.645910e-01
3.466169e+06 8.578970e-01
3.468196e+06 8.655780e-01
3.470226e+06 8.553630e-01
3.472258e+06 8.522740e-01
3.474292e+06 8.579450e-01
3.476328e+06 8.424530e-01
3.478367e+06 8.398400e-01
3.480408e+06 8.680900e-01
3.482452e+06 8.892060e-01
3.484498e+06 8.914270e-01
3.486546e+06 8.908410e-01
3.488597e+06 9.049180e-01
3.490651e+06 9.172860e-01
3.492706e+06 9.299640e-01
3.494765e+06 9.314410e-01
3.496825e+06 9.050460e-01
3.498888e+06 8.960760e-01
3.500954e+06 9.158180e-01
3.503022e+06 9.155600e-01
3.505092e+06 9.080470e-01
3.507165e+06 9.010850e-01
3.509240e+06 8.912190e-01
3.511318e+06 9.078560e-01
3.513398e+06 9.315750e-01
3.515480e+06 9.247370e-01
3.517566e+06 9.157500e-01
3.519653e+06 8.996540e-01
3.521743e+06 8.924030e-01
3.523836e+06 9.028720e-01
3.525931e+06 8.996610e-01
3.528028e+06 8.816860e-01
3.530128e+06 8.765810e-01
3.532231e+06 8.727180e-01
3.534336e+06 8.616440e-01
3.536443e+06 8.454180e-01
3.538553e+06 8.472270e-01
3.540666e+06 8.693790e-01
3.542781e+06 8.894260e-01
3.544899e+06 8.938110e-01
3.547019e+06 8.831270e-01
3.549142e+06 8.793080e-01
3.551267e+06 8.884240e-01
3.553395e+06 8.977390e-01
3.555525e+06 8.869390e-01
3.557658e+06 8.711570e-01
3.559793e+06 8.578360e-01
3.561931e+06 8.460830e-01
3.564072e+06 8.335940e-01
3.566215e+06 8.239060e-01
3.568361e+06 8.230580e-01
3.570509e+06 8.286200e-01
3.572660e+06 8.461620e-01
3.574813e+06 8.707560e-01
3.576970e+06 8.704150e-01
3.579128e+06 8.637570e-01
3.581290e+06 8.649400e-01
3.583454e+06 8.602270e-01
3.585620e+06 8.626700e-01
3.587789e+06 8.652550e-01
3.589961e+06 8.518030e-01
3.592135e+06 8.340330e-01
3.594313e+06 8.219360e-01
3.596492e+06 8.063160e-01
3.598674e+06 8.122970e-01
3.600860e+06 8.286850e-01
3.603047e+06 8.269140e-01
3.605237e+06 8.252260e-01
3.607430e+06 8.263920e-01
3.609626e+06 8.162860e-01
3.611825e+06 8.152530e-01
3.614025e+06 8.214240e-01
3.616229e+06 8.154790e-01
3.618436e+06 8.054300e-01
3.620645e+06 7.937070e-01
3.622856e+06 7.785980e-01
3.625071e+06 7.656750e-01
3.627288e+06 7.625480e-01
3.629508e+06 7.668410e-01
3.631730e+06 7.647580e-01
3.633956e+06 7.583580e-01
3.636184e+06 7.531330e-01
3.638415e+06 7.550130e-01
3.640648e+06 7.734480e-01
3.642884e+06 8.023220e-01
3.645123e+06 8.143270e-01
3.647365e+06 8.114530e-01
3.649610e+06 8.111560e-01
3.651857e+06 8.069760e-01
3.654107e+06 8.128790e-01
3.656360e+06 8.252700e-01
3.658615e+06 8.218160e-01
3.660874e+06 8.081400e-01
3.663135e+06 7.904760e-01
3.665399e+06 7.747720e-01
3.667666e+06 7.793240e-01
3.669935e+06 7.875340e-01
3.672208e+06 7.881610e-01
3.674483e+06 7.915420e-01
3.676761e+06 8.010580e-01
3.679042e+06 8.152000e-01
3.681326e+06 7.980550e-01
3.683612e+06 7.585010e-01
3.685902e+06 7.474130e-01
3.688194e+06 7.677090e-01
3.690489e+06 7.814610e-01
3.692787e+06 7.794060e-01
3.695088e+06 7.521070e-01
3.697391e+06 7.202610e-01
3.699698e+06 7.104250e-01
3.702007e+06 7.124970e-01
3.704319e+06 7.222670e-01
3.706635e+06 7.433700e-01
3.708953e+06 7.426190e-01
3.711274e+06 7.239710e-01
3.711401e+06 7.227340e-01
3.711632e+06 7.214120e-01
3.711864e+06 7.203160e-01
3.712096e+06 7.193590e-01
3.712327e+06 7.185260e-01
3.712559e+06 7.177980e-01
3.712791e+06 7.171570e-01
3.713023e+06 7.165910e-01
3.713255e+06 7.160870e-01
3.713487e+06 7.156390e-01
3.713598e+06 7.154420e-01
3.713718e+06 7.152440e-01
3.713950e+06 7.149050e-01
3.714183e+06 7.146250e-01
3.714414e+06 7.144130e-01
3.714646e+06 7.142770e-01
3.714879e+06 7.142260e-01
3.715111e+06 7.142680e-01
3.715343e+06 7.144090e-01
3.715575e+06 7.146510e-01
3.715807e+06 7.149950e-01
3.715925e+06 7.152090e-01
3.716039e+06 7.154350e-01
3.716272e+06 7.159660e-01
3.716504e+06 7.165760e-01
3.716736e+06 7.172540e-01
3.716968e+06 7.179860e-01
3.717201e+06 7.187580e-01
3.717433e+06 7.195580e-01
3.717666e+06 7.203750e-01
3.717898e+06 7.212000e-01
3.718130e+06 7.220260e-01
3.718254e+06 7.224560e-01
3.718363e+06 7.228510e-01
3.718596e+06 7.236750e-01
3.718828e+06 7.244990e-01
3.719061e+06 7.253280e-01
3.719293e+06 7.261640e-01
3.719526e+06 7.270130e-01
3.719759e+06 7.278780e-01
3.719991e+06 7.287580e-01
3.720224e+06 7.296500e-01
3.720457e+06 7.305500e-01
3.720587e+06 7.310420e-01
3.720690e+06 7.314460e-01
3.720923e+06 7.323230e-01
3.721155e+06 7.331640e-01
3.721388e+06 7.339470e-01
3.721621e+06 7.346470e-01
3.721854e+06 7.352390e-01
3.722087e+06 7.356970e-01
3.722320e+06 7.359950e-01
3.722553e+06 7.361090e-01
3.722786e+06 7.360200e-01
3.722922e+06 7.358630e-01
3.723019e+06 7.357100e-01
3.723252e+06 7.351670e-01
3.723485e+06 7.343840e-01
3.723719e+06 7.333600e-01
3.723952e+06 7.320970e-01
3.724185e+06 7.306060e-01
3.724418e+06 7.289010e-01
3.724652e+06 7.270000e-01
3.724885e+06 7.249250e-01
3.725118e+06 7.227020e-01
3.725261e+06 7.212780e-01
3.725352e+06 7.203600e-01
3.725585e+06 7.179280e-01
3.725819e+06 7.154380e-01
3.726052e+06 7.129190e-01
3.726286e+06 7.104040e-01
3.726519e+06 7.079210e-01
3.726752e+06 7.054990e-01
3.726986e+06 7.031650e-01
3.727220e+06 7.009410e-01
3.727453e+06 6.988480e-01
3.727602e+06 6.976000e-01
3.727687e+06 6.969020e-01
3.727921e+06 6.951180e-01
3.728154e+06 6.935030e-01
3.728388e+06 6.920620e-01
3.728622e+06 6.907960e-01
3.728856e+06 6.897020e-01
3.729090e+06 6.887710e-01
3.729324e+06 6.879930e-01
3.729557e+06 6.873540e-01
3.729791e+06 6.868380e-01
3.729947e+06 6.865610e-01
3.730025e+06 6.864290e-01
3.730259e+06 6.861090e-01
3.730493e+06 6.858610e-01
3.730727e+06 6.856700e-01
3.730961e+06 6.855240e-01
3.731195e+06 6.854140e-01
3.731430e+06 6.853340e-01
3.731664e+06 6.852830e-01
3.731898e+06 6.852640e-01
3.732132e+06 6.852830e-01
3.732294e+06 6.853140e-01
3.732366e+06 6.853510e-01
3.732601e+06 6.854790e-01
3.732835e+06 6.856820e-01
3.733070e+06 6.859760e-01
3.733304e+06 6.863720e-01
3.733538e+06 6.868850e-01
3.733773e+06 6.875210e-01
3.734007e+06 6.882870e-01
3.734242e+06 6.891820e-01
3.734476e+06 6.902000e-01
3.734645e+06 6.910070e-01
3.734711e+06 6.913290e-01
3.734945e+06 6.925540e-01
3.735180e+06 6.938510e-01
3.735414e+06 6.951960e-01
3.735649e+06 6.965570e-01
3.735884e+06 6.979030e-01
3.736118e+06 6.992020e-01
3.736353e+06 7.004200e-01
3.736588e+06 7.015260e-01
3.736823e+06 7.024920e-01
3.736998e+06 7.030980e-01
3.737058e+06 7.032940e-01
3.737293e+06 7.039110e-01
3.737528e+06 7.043270e-01
3.737762e+06 7.045330e-01
3.737997e+06 7.045230e-01
3.738233e+06 7.042970e-01
3.738467e+06 7.038590e-01
3.738702e+06 7.032150e-01
3.738938e+06 7.023780e-01
3.739173e+06 7.013580e-01
3.739354e+06 7.004560e-01
3.739408e+06 7.001710e-01
3.739643e+06 6.988300e-01
3.739878e+06 6.973500e-01
3.740113e+06 6.957470e-01
3.740349e+06 6.940350e-01
3.740584e+06 6.922270e-01
3.740819e+06 6.903380e-01
3.741055e+06 6.883810e-01
3.741290e+06 6.863720e-01
3.741525e+06 6.843230e-01
3.741713e+06 6.826690e-01
3.741761e+06 6.822530e-01
3.741996e+06 6.801770e-01
3.742232e+06 6.781150e-01
3.742467e+06 6.760870e-01
3.742703e+06 6.741150e-01
3.742938e+06 6.722230e-01
3.743174e+06 6.704340e-01
3.743410e+06 6.687730e-01
3.743645e+06 6.672610e-01
3.743881e+06 6.659220e-01
3.744076e+06 6.649540e-01
3.744117e+06 6.647730e-01
3.744353e+06 6.638310e-01
3.744588e+06 6.631060e-01
3.744824e+06 6.626040e-01
3.745060e+06 6.623260e-01
3.745296e+06 6.622660e-01
3.745532e+06 6.624120e-01
3.745768e+06 6.627470e-01
3.746004e+06 6.632470e-01
3.746240e+06 6.638840e-01
3.746441e+06 6.645170e-01
3.746476e+06 6.646280e-01
3.746712e+06 6.654430e-01
3.746948e+06 6.662940e-01
3.747184e+06 6.671470e-01
3.747420e+06 6.679680e-01
3.747656e+06 6.687270e-01
3.747892e+06 6.693990e-01
3.748129e+06 6.699630e-01
3.748365e+06 6.704050e-01
3.748601e+06 6.707170e-01
3.748809e+06 6.708830e-01
3.748838e+06 6.708980e-01
3.749074e+06 6.709540e-01
3.749310e+06 6.708970e-01
3.749547e+06 6.707420e-01
3.749783e+06 6.705080e-01
3.750020e+06 6.702170e-01
3.750256e+06 6.698910e-01
3.750493e+06 6.695510e-01
3.750729e+06 6.692140e-01
3.750966e+06 6.688930e-01
3.751180e+06 6.686230e-01
3.751203e+06 6.685970e-01
3.751439e+06 6.683280e-01
3.751676e+06 6.680800e-01
3.751913e+06 6.678430e-01
3.752149e+06 6.675990e-01
3.752386e+06 6.673260e-01
3.752623e+06 6.669960e-01
3.752860e+06 6.665810e-01
3.753097e+06 6.660520e-01
3.753334e+06 6.653790e-01
3.753554e+06 6.645970e-01
3.753570e+06 6.645380e-01
3.753807e+06 6.635100e-01
3.754044e+06 6.622810e-01
3.754282e+06 6.608460e-01
3.754518e+06 6.592060e-01
3.754755e+06 6.573750e-01
3.754993e+06 6.553720e-01
3.755230e+06 6.532250e-01
3.755467e+06 6.509690e-01
3.755704e+06 6.486410e-01
3.755931e+06 6.463840e-01
3.755941e+06 6.462860e-01
3.756178e+06 6.439450e-01
3.756416e+06 6.416600e-01
3.756653e+06 6.394700e-01
3.756890e+06 6.374090e-01
3.757128e+06 6.355040e-01
3.757365e+06 6.337730e-01
3.757603e+06 6.322280e-01
3.757840e+06 6.308730e-01
3.758078e+06 6.297010e-01
3.758312e+06 6.287150e-01
3.758315e+06 6.287000e-01
3.758553e+06 6.278530e-01
3.758790e+06 6.271370e-01
3.759028e+06 6.265270e-01
3.759266e+06 6.259960e-01
3.759503e+06 6.255190e-01
3.759741e+06 6.250730e-01
3.759979e+06 6.246390e-01
3.760217e+06 6.242020e-01
3.760454e+06 6.237510e-01
3.760692e+06 6.232820e-01
3.760695e+06 6.232750e-01
3.760930e+06 6.227950e-01
3.761168e+06 6.222940e-01
3.761406e+06 6.217860e-01
3.761644e+06 6.212810e-01
3.761882e+06 6.207900e-01
3.762120e+06 6.203240e-01
3.762358e+06 6.198910e-01
3.762596e+06 6.194980e-01
3.762834e+06 6.191480e-01
3.763072e+06 6.188440e-01
3.763081e+06 6.188300e-01
3.763310e+06 6.185800e-01
3.763548e+06 6.183510e-01
3.763786e+06 6.181470e-01
3.764025e+06 6.179580e-01
3.764263e+06 6.177720e-01
3.764501e+06 6.175770e-01
3.764740e+06 6.173630e-01
3.764978e+06 6.171230e-01
3.765216e+06 6.168510e-01
3.765455e+06 6.165480e-01
3.765470e+06 6.165250e-01
3.765693e+06 6.162180e-01
3.765932e+06 6.158690e-01
3.766170e+06 6.155150e-01
3.766409e+06 6.151730e-01
3.766647e+06 6.148650e-01
3.766886e+06 6.146140e-01
3.767125e+06 6.144450e-01
3.767363e+06 6.143820e-01
3.767602e+06 6.144510e-01
3.767841e+06 6.146740e-01
3.767862e+06 6.147020e-01
3.768079e+06 6.150700e-01
3.768318e+06 6.156520e-01
3.768557e+06 6.164320e-01
3.768796e+06 6.174130e-01
3.769035e+06 6.185950e-01
3.769274e+06 6.199690e-01
3.769513e+06 6.215250e-01
3.769752e+06 6.232430e-01
3.769991e+06 6.251020e-01
3.770230e+06 6.270770e-01
3.770258e+06 6.273180e-01
3.770469e+06 6.291380e-01
3.770708e+06 6.312570e-01
3.770947e+06 6.334020e-01
3.771186e+06 6.355440e-01
3.771425e+06 6.376550e-01
3.771664e+06 6.397070e-01
3.771904e+06 6.416790e-01
3.772143e+06 6.435520e-01
3.772382e+06 6.453120e-01
3.772622e+06 6.469480e-01
3.772656e+06 6.471710e-01
3.772861e+06 6.484550e-01
3.773100e+06 6.498320e-01
3.773340e+06 6.510840e-01
3.773579e+06 6.522180e-01
3.773819e+06 6.532440e-01
3.774058e+06 6.541750e-01
3.774298e+06 6.550250e-01
3.774537e+06 6.558090e-01
3.774777e+06 6.565420e-01
3.775017e+06 6.572390e-01
3.775058e+06 6.573520e-01
3.775256e+06 6.579120e-01
3.775496e+06 6.585730e-01
3.775736e+06 6.592310e-01
3.775975e+06 6.598940e-01
3.776215e+06 6.605670e-01
3.776455e+06 6.612550e-01
3.776695e+06 6.619620e-01
3.776935e+06 6.626920e-01
3.777175e+06 6.634470e-01
3.777415e+06 6.642350e-01
3.777462e+06 6.643930e-01
3.777655e+06 6.650610e-01
3.777895e+06 6.659330e-01
3.778135e+06 6.668640e-01
3.778375e+06 6.678660e-01
3.778615e+06 6.689530e-01
3.778855e+06 6.701390e-01
3.779095e+06 6.714390e-01
3.779335e+06 6.728670e-01
3.779576e+06 6.744330e-01
3.779816e+06 6.761430e-01
3.779870e+06 6.765500e-01
3.780056e+06 6.779980e-01
3.780297e+06 6.799920e-01
3.780537e+06 6.821120e-01
3.780777e+06 6.843380e-01
3.781018e+06 6.866410e-01
3.781258e+06 6.889850e-01
3.781498e+06 6.913290e-01
3.781739e+06 6.936260e-01
3.781979e+06 6.958280e-01
3.782220e+06 6.978860e-01
3.782280e+06 6.983720e-01
3.782461e+06 6.997520e-01
3.782701e+06 7.013850e-01
3.782942e+06 7.027520e-01
3.783182e+06 7.038280e-01
3.783423e+06 7.046000e-01
3.783664e+06 7.050690e-01
3.783905e+06 7.052500e-01
3.784146e+06 7.051710e-01
3.784386e+06 7.048720e-01
3.784627e+06 7.044060e-01
3.784694e+06 7.042490e-01
3.784868e+06 7.038340e-01
3.785109e+06 7.032230e-01
3.785350e+06 7.026450e-01
3.785591e+06 7.021680e-01
3.785832e+06 7.018590e-01
3.786073e+06 7.017780e-01
3.786314e+06 7.019730e-01
3.786555e+06 7.024800e-01
3.786796e+06 7.033210e-01
3.787037e+06 7.045040e-01
3.787111e+06 7.049420e-01
3.787279e+06 7.060190e-01
3.787520e+06 7.078440e-01
3.787761e+06 7.099410e-01
3.788003e+06 7.122620e-01
3.788244e+06 7.147490e-01
3.788485e+06 7.173410e-01
3.788727e+06 7.199700e-01
3.788968e+06 7.225720e-01
3.789209e+06 7.250840e-01
3.789451e+06 7.274500e-01
3.789531e+06 7.281870e-01
3.789692e+06 7.296210e-01
3.789934e+06 7.315590e-01
3.790175e+06 7.332350e-01
3.790417e+06 7.346300e-01
3.790659e+06 7.357390e-01
3.790900e+06 7.365640e-01
3.791142e+06 7.371160e-01
3.791384e+06 7.374110e-01
3.791625e+06 7.374750e-01
3.791867e+06 7.373310e-01
3.791954e+06 7.372240e-01
3.792109e+06 7.370090e-01
3.792351e+06 7.365340e-01
3.792593e+06 7.359330e-01
3.792835e+06 7.352280e-01
3.793077e+06 7.344390e-01
3.793319e+06 7.335820e-01
3.793561e+06 7.326680e-01
3.793803e+06 7.317060e-01
3.794045e+06 7.307030e-01
3.794287e+06 7.296620e-01
3.794380e+06 7.292490e-01
3.794529e+06 7.285870e-01
3.794771e+06 7.274800e-01
3.795013e+06 7.263440e-01
3.795255e+06 7.251850e-01
3.795498e+06 7.240080e-01
3.795740e+06 7.228230e-01
3.795982e+06 7.216400e-01
3.796225e+06 7.204750e-01
3.796467e+06 7.193420e-01
3.796709e+06 7.182590e-01
3.796809e+06 7.178380e-01
3.796952e+06 7.172460e-01
3.797194e+06 7.163200e-01
3.797437e+06 7.155020e-01
3.797679e+06 7.148100e-01
3.797922e+06 7.142580e-01
3.798165e+06 7.138630e-01
3.798407e+06 7.136330e-01
3.798650e+06 7.135770e-01
3.798892e+06 7.136980e-01
3.799135e+06 7.139950e-01
3.799241e+06 7.142030e-01
3.799378e+06 7.144640e-01
3.799621e+06 7.150970e-01
3.799863e+06 7.158790e-01
3.800106e+06 7.167970e-01
3.800349e+06 7.178310e-01
3.800592e+06 7.189620e-01
3.800835e+06 7.201650e-01
3.801078e+06 7.214200e-01
3.801321e+06 7.227030e-01
3.801564e+06 7.239930e-01
3.801677e+06 7.245900e-01
3.801807e+06 7.252700e-01
3.802050e+06 7.265160e-01
3.802293e+06 7.277170e-01
3.802536e+06 7.288600e-01
3.802779e+06 7.299380e-01
3.803023e+06 7.309440e-01
3.803266e+06 7.318770e-01
3.803509e+06 7.327360e-01
3.803752e+06 7.335220e-01
3.803996e+06 7.342380e-01
3.804115e+06 7.345630e-01
3.804239e+06 7.348850e-01
3.804482e+06 7.354650e-01
3.804726e+06 7.359760e-01
3.804969e+06 7.364140e-01
3.805213e+06 7.367710e-01
3.805456e+06 7.370380e-01
3.805700e+06 7.371980e-01
3.805944e+06 7.372330e-01
3.806187e+06 7.371240e-01
3.806431e+06 7.368460e-01
3.806557e+06 7.366070e-01
3.806675e+06 7.363780e-01
3.806918e+06 7.356980e-01
3.807162e+06 7.347870e-01
3.807406e+06 7.336310e-01
3.807649e+06 7.322230e-01
3.807893e+06 7.305610e-01
3.808137e+06 7.286560e-01
3.808381e+06 7.265260e-01
3.808625e+06 7.241980e-01
3.808869e+06 7.217130e-01
3.809001e+06 7.202970e-01
3.809113e+06 7.191160e-01
3.809357e+06 7.164620e-01
3.809601e+06 7.138110e-01
3.809845e+06 7.112290e-01
3.810089e+06 7.087790e-01
3.810333e+06 7.065250e-01
3.810578e+06 7.045260e-01
3.810822e+06 7.028330e-01
3.811066e+06 7.014910e-01
3.811310e+06 7.005300e-01
3.811450e+06 7.002090e-01
3.811554e+06 6.999710e-01
3.811799e+06 6.998210e-01
3.812043e+06 7.000720e-01
3.812288e+06 7.007070e-01
3.812532e+06 7.016940e-01
3.812777e+06 7.029940e-01
3.813021e+06 7.045590e-01
3.813265e+06 7.063350e-01
3.813510e+06 7.082680e-01
3.813755e+06 7.103020e-01
3.813901e+06 7.115460e-01
3.813999e+06 7.123850e-01
3.814244e+06 7.144680e-01
3.814489e+06 7.165110e-01
3.814733e+06 7.184790e-01
3.814978e+06 7.203490e-01
3.815223e+06 7.221070e-01
3.815468e+06 7.237460e-01
3.815712e+06 7.252690e-01
3.815957e+06 7.266860e-01
3.816202e+06 7.280120e-01
3.816355e+06 7.287830e-01
3.816447e+06 7.292650e-01
3.816692e+06 7.304660e-01
3.816937e+06 7.316350e-01
3.817182e+06 7.327900e-01
3.817427e+06 7.339430e-01
3.817672e+06 7.351030e-01
3.817917e+06 7.362690e-01
3.818162e+06 7.374350e-01
3.818408e+06 7.385850e-01
3.818653e+06 7.396960e-01
3.818812e+06 7.403800e-01
3.818898e+06 7.407390e-01
3.819143e+06 7.416760e-01
3.819389e+06 7.424660e-01
3.819634e+06 7.430660e-01
3.819879e+06 7.434280e-01
3.820125e+06 7.435080e-01
3.820370e+06 7.432650e-01
3.820616e+06 7.426610e-01
3.820861e+06 7.416660e-01
3.821106e+06 7.402600e-01
3.821273e+06 7.390420e-01
3.821352e+06 7.384300e-01
3.821598e+06 7.361790e-01
3.821843e+06 7.335170e-01
3.822089e+06 7.304700e-01
3.822335e+06 7.270730e-01
3.822580e+06 7.233740e-01
3.822826e+06 7.194310e-01
3.823072e+06 7.153090e-01
3.823318e+06 7.110790e-01
3.823564e+06 7.068180e-01
3.823737e+06 7.038510e-01
3.823810e+06 7.026020e-01
3.824056e+06 6.985060e-01
3.824301e+06 6.946020e-01
3.824547e+06 6.909540e-01
3.824793e+06 6.876170e-01
3.825039e+06 6.846370e-01
3.825285e+06 6.820450e-01
3.825532e+06 6.798610e-01
3.825778e+06 6.780910e-01
3.826024e+06 6.767260e-01
3.826204e+06 6.759950e-01
3.826270e+06 6.757450e-01
3.826516e+06 6.751170e-01
3.826762e+06 6.747990e-01
3.827009e+06 6.747420e-01
3.827255e+06 6.748930e-01
3.827501e+06 6.751960e-01
3.827748e+06 6.755950e-01
3.827994e+06 6.760370e-01
3.828241e+06 6.764760e-01
3.828487e+06 6.768710e-01
3.828674e+06 6.771050e-01
3.828734e+06 6.771910e-01
3.828980e+06 6.774120e-01
3.829227e+06 6.775250e-01
3.829474e+06 6.775240e-01
3.829720e+06 6.774180e-01
3.829967e+06 6.772200e-01
3.830213e+06 6.769500e-01
3.830460e+06 6.766340e-01
3.830707e+06 6.762970e-01
3.830954e+06 6.759670e-01
3.831147e+06 6.757320e-01
3.831201e+06 6.756700e-01
3.831447e+06 6.754270e-01
3.831694e+06 6.752570e-01
3.831941e+06 6.751690e-01
3.832188e+06 6.751680e-01
3.832435e+06 6.752510e-01
3.832682e+06 6.754090e-01
3.832929e+06 6.756250e-01
3.833176e+06 6.758770e-01
3.833423e+06 6.761390e-01
3.833624e+06 6.763470e-01
3.833670e+06 6.763810e-01
3.833918e+06 6.765720e-01
3.834165e+06 6.766800e-01
3.834412e+06 6.766760e-01
3.834659e+06 6.765310e-01
3.834907e+06 6.762230e-01
3.835154e+06 6.757310e-01
3.835401e+06 6.750440e-01
3.835649e+06 6.741530e-01
3.835896e+06 6.730560e-01
3.836103e+06 6.719780e-01
3.836144e+06 6.717600e-01
3.836391e+06 6.702750e-01
3.836639e+06 6.686170e-01
3.836886e+06 6.668070e-01
3.837134e+06 6.648710e-01
3.837381e+06 6.628360e-01
3.837629e+06 6.607330e-01
3.837877e+06 6.585940e-01
3.838124e+06 6.564500e-01
3.838372e+06 6.543330e-01
3.838586e+06 6.525450e-01
3.838620e+06 6.522720e-01
3.838868e+06 6.502950e-01
3.839116e+06 6.484270e-01
3.839363e+06 6.466870e-01
3.839611e+06 6.450920e-01
3.839859e+06 6.436550e-01
3.840107e+06 6.423810e-01
3.840355e+06 6.412750e-01
3.840603e+06 6.403350e-01
3.840851e+06 6.395550e-01
3.841072e+06 6.389790e-01
3.841100e+06 6.389250e-01
3.841348e+06 6.384320e-01
3.841596e+06 6.380610e-01
3.841844e+06 6.377960e-01
3.842092e+06 6.376180e-01
3.842341e+06 6.375100e-01
3.842589e+06 6.374550e-01
3.842837e+06 6.374360e-01
3.843086e+06 6.374390e-01
3.843334e+06 6.374540e-01
3.843562e+06 6.374680e-01
3.843582e+06 6.374720e-01
3.843831e+06 6.374880e-01
3.844079e+06 6.375000e-01
3.844328e+06 6.375090e-01
3.844576e+06 6.375220e-01
3.844825e+06 6.375450e-01
3.845074e+06 6.375890e-01
3.845322e+06 6.376670e-01
3.845571e+06 6.377940e-01
3.845820e+06 6.379860e-01
3.846054e+06 6.382450e-01
3.846068e+06 6.382590e-01
3.846317e+06 6.386320e-01
3.846566e+06 6.391210e-01
3.846815e+06 6.397430e-01
3.847064e+06 6.405120e-01
3.847312e+06 6.414430e-01
3.847561e+06 6.425470e-01
3.847810e+06 6.438300e-01
3.848059e+06 6.452990e-01
3.848308e+06 6.469520e-01
3.848550e+06 6.487300e-01
3.848558e+06 6.487870e-01
3.848807e+06 6.507930e-01
3.849056e+06 6.529560e-01
3.849305e+06 6.552560e-01
3.849554e+06 6.576660e-01
3.849803e+06 6.601560e-01
3.850053e+06 6.626890e-01
3.850302e+06 6.652250e-01
3.850551e+06 6.677210e-01
3.850801e+06 6.701320e-01
3.851049e+06 6.724070e-01
3.851050e+06 6.724130e-01
3.851299e+06 6.745210e-01
3.851549e+06 6.764160e-01
3.851798e+06 6.780620e-01
3.852048e+06 6.794330e-01
3.852297e+06 6.805090e-01
3.852547e+06 6.812800e-01
3.852797e+06 6.817490e-01
3.853046e+06 6.819250e-01
3.853296e+06 6.818330e-01
3.853546e+06 6.815040e-01
3.853551e+06 6.814930e-01
3.853795e+06 6.809800e-01
3.854045e+06 6.803080e-01
3.854295e+06 6.795390e-01
3.854545e+06 6.787300e-01
3.854795e+06 6.779320e-01
3.855045e+06 6.771960e-01
3.855294e+06 6.765660e-01
3.855544e+06 6.760790e-01
3.855795e+06 6.757600e-01
3.856044e+06 6.756240e-01
3.856057e+06 6.756210e-01
3.856294e+06 6.756740e-01
3.856545e+06 6.759000e-01
3.856795e+06 6.762830e-01
3.857045e+06 6.767930e-01
3.857295e+06 6.773930e-01
3.857545e+06 6.780390e-01
3.857795e+06 6.786860e-01
3.858046e+06 6.792890e-01
3.858296e+06 6.798060e-01
3.858547e+06 6.801990e-01
3.858566e+06 6.802220e-01
3.858797e+06 6.804400e-01
3.859048e+06 6.805080e-01
3.859298e+06 6.803930e-01
3.859548e+06 6.800950e-01
3.859799e+06 6.796270e-01
3.860049e+06 6.790070e-01
3.860300e+06 6.782640e-01
3.860551e+06 6.774320e-01
3.860801e+06 6.765470e-01
3.861052e+06 6.756490e-01
3.861078e+06 6.755580e-01
3.861303e+06 6.747750e-01
3.861554e+06 6.739590e-01
3.861804e+06 6.732300e-01
3.862055e+06 6.726120e-01
3.862306e+06 6.721170e-01
3.862557e+06 6.717540e-01
3.862808e+06 6.715230e-01
3.863059e+06 6.714160e-01
3.863310e+06 6.714180e-01
3.863561e+06 6.715140e-01
3.863593e+06 6.715350e-01
3.863812e+06 6.716820e-01
3.864063e+06 6.719010e-01
3.864314e+06 6.721500e-01
3.864565e+06 6.724120e-01
3.864816e+06 6.726720e-01
3.865067e+06 6.729190e-01
3.865319e+06 6.731500e-01
3.865570e+06 6.733630e-01
3.865821e+06 6.735630e-01
3.866073e+06 6.737590e-01
3.866112e+06 6.737920e-01
3.866324e+06 6.739630e-01
3.866575e+06 6.741860e-01
3.866827e+06 6.744420e-01
3.867078e+06 6.747440e-01
3.867330e+06 6.750990e-01
3.867581e+06 6.755140e-01
3.867833e+06 6.759890e-01
3.868085e+06 6.765200e-01
3.868336e+06 6.770990e-01
3.868588e+06 6.777090e-01
3.868634e+06 6.778240e-01
3.868840e+06 6.783320e-01
3.869091e+06 6.789440e-01
3.869343e+06 6.795190e-01
3.869595e+06 6.800300e-01
3.869847e+06 6.804490e-01
3.870098e+06 6.807480e-01
3.870350e+06 6.809040e-01
3.870602e+06 6.808960e-01
3.870854e+06 6.807090e-01
3.871106e+06 6.803330e-01
3.871159e+06 6.802220e-01
3.871358e+06 6.797630e-01
3.871610e+06 6.790020e-01
3.871862e+06 6.780600e-01
3.872115e+06 6.769510e-01
3.872367e+06 6.756970e-01
3.872619e+06 6.743240e-01
3.872871e+06 6.728600e-01
3.873123e+06 6.713380e-01
3.873376e+06 6.697910e-01
3.873628e+06 6.682540e-01
3.873688e+06 6.678900e-01
3.873880e+06 6.667580e-01
3.874133e+06 6.653320e-01
3.874385e+06 6.640040e-01
3.874637e+06 6.627930e-01
3.874890e+06 6.617140e-01
3.875143e+06 6.607760e-01
3.875395e+06 6.599800e-01
3.875648e+06 6.593190e-01
3.875900e+06 6.587830e-01
3.876153e+06 6.583500e-01
3.876219e+06 6.582580e-01
3.876406e+06 6.579980e-01
3.876658e+06 6.576970e-01
3.876911e+06 6.574150e-01
3.877164e+06 6.571190e-01
3.877417e+06 6.567770e-01
3.877670e+06 6.563580e-01
3.877922e+06 6.558350e-01
3.878175e+06 6.551890e-01
3.878428e+06 6.544060e-01
3.878681e+06 6.534810e-01
3.878755e+06 6.531770e-01
3.878934e+06 6.524180e-01
3.879187e+06 6.512310e-01
3.879440e+06 6.499430e-01
3.879694e+06 6.485850e-01
3.879947e+06 6.471970e-01
3.880200e+06 6.458240e-01
3.880453e+06 6.445130e-01
3.880706e+06 6.433170e-01
3.880960e+06 6.422830e-01
3.881213e+06 6.414590e-01
3.881293e+06 6.412620e-01
3.881466e+06 6.408830e-01
3.881720e+06 6.405880e-01
3.881973e+06 6.405960e-01
3.882226e+06 6.409170e-01
3.882480e+06 6.415500e-01
3.882733e+06 6.424810e-01
3.882987e+06 6.436840e-01
3.883241e+06 6.451240e-01
3.883494e+06 6.467530e-01
3.883748e+06 6.485210e-01
3.883835e+06 6.491600e-01
3.884002e+06 6.503690e-01
3.884255e+06 6.522390e-01
3.884509e+06 6.540750e-01
3.884763e+06 6.558220e-01
3.885017e+06 6.574350e-01
3.885270e+06 6.588760e-01
3.885524e+06 6.601180e-01
3.885778e+06 6.611470e-01
3.886032e+06 6.619590e-01
3.886286e+06 6.625650e-01
3.886380e+06 6.627230e-01
3.886540e+06 6.629850e-01
3.886794e+06 6.632500e-01
3.887048e+06 6.634000e-01
3.887302e+06 6.634790e-01
3.887556e+06 6.635350e-01
3.887811e+06 6.636160e-01
3.888065e+06 6.637690e-01
3.888319e+06 6.640330e-01
3.888573e+06 6.644440e-01
3.888828e+06 6.650260e-01
3.888928e+06 6.653160e-01
3.889082e+06 6.657950e-01
3.889336e+06 6.667540e-01
3.889591e+06 6.678980e-01
3.889845e+06 6.692100e-01
3.890099e+06 6.706630e-01
3.890354e+06 6.722260e-01
3.890609e+06 6.738580e-01
3.890863e+06 6.755170e-01
3.891118e+06 6.771590e-01
3.891372e+06 6.787430e-01
3.891480e+06 6.793630e-01
3.891627e+06 6.802290e-01
3.891882e+06 6.815850e-01
3.892136e+06 6.827840e-01
3.892391e+06 6.838080e-01
3.892646e+06 6.846510e-01
3.892901e+06 6.853110e-01
3.893156e+06 6.858000e-01
3.893411e+06 6.861360e-01
3.893666e+06 6.863440e-01
3.893921e+06 6.864560e-01
3.894035e+06 6.864820e-01
3.894175e+06 6.865050e-01
3.894431e+06 6.865290e-01
3.894686e+06 6.865640e-01
3.894941e+06 6.866420e-01
3.895196e+06 6.867950e-01
3.895451e+06 6.870450e-01
3.895706e+06 6.874090e-01
3.895962e+06 6.878970e-01
3.896217e+06 6.885100e-01
3.896472e+06 6.892420e-01
3.896594e+06 6.896490e-01
3.896727e+06 6.900770e-01
3.896983e+06 6.909970e-01
3.897238e+06 6.919760e-01
3.897494e+06 6.929850e-01
3.897749e+06 6.939930e-01
3.898005e+06 6.949700e-01
3.898260e+06 6.958880e-01
3.898516e+06 6.967220e-01
3.898772e+06 6.974540e-01
3.899027e+06 6.980680e-01
3.899156e+06 6.983280e-01
3.899283e+06 6.985610e-01
3.899539e+06 6.989330e-01
3.899794e+06 6.991930e-01
3.900050e+06 6.993580e-01
3.900306e+06 6.994500e-01
3.900562e+06 6.994970e-01
3.900817e+06 6.995300e-01
3.901073e+06 6.995820e-01
3.901329e+06 6.996890e-01
3.901585e+06 6.998810e-01
3.901721e+06 7.000270e-01
3.901841e+06 7.001890e-01
3.902097e+06 7.006370e-01
3.902354e+06 7.012470e-01
3.902610e+06 7.020290e-01
3.902866e+06 7.029910e-01
3.903122e+06 7.041310e-01
3.903378e+06 7.054400e-01
3.903634e+06 7.069020e-01
3.903891e+06 7.084960e-01
3.904147e+06 7.101950e-01
3.904289e+06 7.111670e-01
3.904403e+06 7.119680e-01
3.904660e+06 7.137810e-01
3.904916e+06 7.156000e-01
3.905173e+06 7.173900e-01
3.905429e+06 7.191140e-01
3.905686e+06 7.207420e-01
3.905942e+06 7.222430e-01
3.906199e+06 7.235900e-01
3.906455e+06 7.247610e-01
3.906712e+06 7.257370e-01
3.906862e+06 7.261960e-01
3.909437e+06 7.225300e-01
3.912015e+06 7.045540e-01
3.914598e+06 6.905620e-01
3.917183e+06 6.857260e-01
3.919772e+06 6.871530e-01
3.922365e+06 6.966430e-01
3.924961e+06 7.043930e-01
3.927560e+06 6.952680e-01
3.930163e+06 6.764590e-01
3.932769e+06 6.745580e-01
3.935379e+06 6.821680e-01
3.937992e+06 6.931570e-01
3.940608e+06 7.006810e-01
3.943229e+06 6.859150e-01
3.945852e+06 6.648050e-01
3.948479e+06 6.595130e-01
3.951110e+06 6.681220e-01
3.953744e+06 6.696200e-01
3.956382e+06 6.581430e-01
3.959023e+06 6.571460e-01
3.961667e+06 6.755100e-01
3.964315e+06 6.852670e-01
3.966967e+06 6.857710e-01
3.969622e+06 6.744030e-01
3.972281e+06 6.588910e-01
3.974944e+06 6.618240e-01
3.977609e+06 6.612230e-01
3.980279e+06 6.408420e-01
3.982952e+06 6.068890e-01
3.985629e+06 5.802650e-01
3.988309e+06 5.791360e-01
3.990993e+06 6.033790e-01
3.993681e+06 6.002570e-01
3.996372e+06 5.617600e-01
3.999066e+06 5.375220e-01
4.001765e+06 5.361500e-01
4.004467e+06 5.435560e-01
4.007173e+06 5.562840e-01
4.009882e+06 5.632470e-01
4.012595e+06 5.454490e-01
4.015312e+06 5.207370e-01
4.018032e+06 5.140910e-01
4.020756e+06 5.146920e-01
4.023484e+06 5.229270e-01
4.026215e+06 5.300950e-01
4.028951e+06 5.121610e-01
4.031690e+06 4.832850e-01
4.034432e+06 4.615130e-01
4.037179e+06 4.647380e-01
4.039929e+06 4.802310e-01
4.042683e+06 4.884170e-01
4.045440e+06 4.803680e-01
4.048202e+06 4.645440e-01
4.050967e+06 4.626860e-01
4.053736e+06 4.685490e-01
4.056509e+06 4.668820e-01
4.059285e+06 4.628010e-01
4.062066e+06 4.567770e-01
4.064850e+06 4.481280e-01
4.067638e+06 4.430090e-01
4.070430e+06 4.409930e-01
4.073225e+06 4.344140e-01
4.076025e+06 4.209690e-01
4.078828e+06 4.137360e-01
4.081635e+06 4.132200e-01
4.084446e+06 4.133170e-01
4.087261e+06 4.232110e-01
4.090080e+06 4.272670e-01
4.092902e+06 4.228200e-01
4.095729e+06 4.237010e-01
4.098560e+06 4.154050e-01
4.101394e+06 4.040390e-01
4.104232e+06 4.088010e-01
4.107075e+06 4.221730e-01
4.109921e+06 4.236160e-01
4.112771e+06 4.154630e-01
4.115625e+06 3.969260e-01
4.118483e+06 3.795920e-01
4.121345e+06 3.822540e-01
4.124211e+06 3.849220e-01
4.127081e+06 3.730080e-01
4.129955e+06 3.591710e-01
4.132833e+06 3.516510e-01
4.135715e+06 3.438720e-01
4.138601e+06 3.397300e-01
4.141491e+06 3.289930e-01
4.144385e+06 3.140510e-01
4.147284e+06 3.122800e-01
4.150186e+06 3.125350e-01
4.153092e+06 3.034650e-01
4.156003e+06 3.012910e-01
4.158917e+06 3.001070e-01
4.161835e+06 2.871560e-01
4.164758e+06 2.807310e-01
4.167685e+06 2.865710e-01
4.170616e+06 2.919510e-01
4.173551e+06 2.949750e-01
4.176490e+06 3.063780e-01
4.179433e+06 3.179060e-01
4.182381e+06 3.058580e-01
4.185332e+06 2.886080e-01
4.188288e+06 2.911300e-01
4.191248e+06 2.888050e-01
4.194212e+06 2.834150e-01
4.197180e+06 2.898070e-01
4.200153e+06 2.893390e-01
4.203130e+06 2.701370e-01
4.206110e+06 2.612520e-01
4.209095e+06 2.650750e-01
4.212085e+06 2.517710e-01
4.215079e+06 2.289300e-01
4.218076e+06 2.233470e-01
4.221079e+06 2.277110e-01
4.224085e+06 2.207700e-01
4.227096e+06 2.053160e-01
4.230111e+06 1.965120e-01
4.233130e+06 1.881910e-01
4.236154e+06 1.843910e-01
4.239182e+06 1.932850e-01
4.242214e+06 1.983910e-01
4.245251e+06 1.891650e-01
4.248292e+06 1.750820e-01
4.251337e+06 1.720190e-01
4.254387e+06 1.740510e-01
4.257441e+06 1.742160e-01
4.260500e+06 1.850190e-01
4.263563e+06 2.004790e-01
4.266630e+06 2.011150e-01
4.269702e+06 1.848090e-01
4.272778e+06 1.684930e-01
4.275858e+06 1.656790e-01
4.278943e+06 1.796530e-01
4.282033e+06 1.929770e-01
4.285127e+06 1.927050e-01
4.288225e+06 1.788690e-01
4.291328e+06 1.671050e-01
4.294436e+06 1.651430e-01
4.297548e+06 1.637050e-01
4.300664e+06 1.582670e-01
4.303785e+06 1.523470e-01
4.306910e+06 1.416740e-01
4.310040e+06 1.307220e-01
4.313175e+06 1.278290e-01
4.316314e+06 1.238800e-01
4.319458e+06 1.198770e-01
4.322606e+06 1.227650e-01
4.325759e+06 1.257070e-01
4.328917e+06 1.205820e-01
4.329067e+06 1.202620e-01
4.329382e+06 1.196600e-01
4.329697e+06 1.191020e-01
4.330012e+06 1.185860e-01
4.330328e+06 1.181130e-01
4.330643e+06 1.176760e-01
4.330959e+06 1.172680e-01
4.331274e+06 1.168780e-01
4.331590e+06 1.164950e-01
4.331905e+06 1.161050e-01
4.332079e+06 1.158760e-01
4.332221e+06 1.156940e-01
4.332537e+06 1.152500e-01
4.332852e+06 1.147610e-01
4.333168e+06 1.142190e-01
4.333484e+06 1.136150e-01
4.333799e+06 1.129480e-01
4.334115e+06 1.122140e-01
4.334431e+06 1.114180e-01
4.334747e+06 1.105620e-01
4.335063e+06 1.096560e-01
4.335245e+06 1.091100e-01
4.335379e+06 1.087070e-01
4.335696e+06 1.077290e-01
4.336011e+06 1.067320e-01
4.336328e+06 1.057310e-01
4.336644e+06 1.047390e-01
4.336960e+06 1.037700e-01
4.337277e+06 1.028360e-01
4.337593e+06 1.019520e-01
4.337909e+06 1.011280e-01
4.338226e+06 1.003770e-01
4.338417e+06 9.997200e-02
4.338543e+06 9.970770e-02
4.338859e+06 9.913010e-02
4.339175e+06 9.865220e-02
4.339492e+06 9.828120e-02
4.339809e+06 9.802280e-02
4.340126e+06 9.788170e-02
4.340443e+06 9.786060e-02
4.340760e+06 9.796080e-02
4.341076e+06 9.818130e-02
4.341393e+06 9.851910e-02
4.341593e+06 9.879550e-02
4.341710e+06 9.896850e-02
4.342027e+06 9.952140e-02
4.342344e+06 1.001670e-01
4.342662e+06 1.008920e-01
4.342978e+06 1.016800e-01
4.343296e+06 1.025140e-01
4.343613e+06 1.033730e-01
4.343931e+06 1.042360e-01
4.344248e+06 1.050830e-01
4.344565e+06 1.058910e-01
4.344773e+06 1.063870e-01
4.344883e+06 1.066400e-01
4.345200e+06 1.073130e-01
4.345518e+06 1.078920e-01
4.345835e+06 1.083640e-01
4.346153e+06 1.087200e-01
4.346470e+06 1.089550e-01
4.346788e+06 1.090670e-01
4.347106e+06 1.090590e-01
4.347424e+06 1.089370e-01
4.347742e+06 1.087120e-01
4.347959e+06 1.085010e-01
4.348059e+06 1.083960e-01
4.348377e+06 1.080050e-01
4.348696e+06 1.075560e-01
4.349014e+06 1.070660e-01
4.349332e+06 1.065530e-01
4.349650e+06 1.060330e-01
4.349968e+06 1.055200e-01
4.350286e+06 1.050300e-01
4.350604e+06 1.045710e-01
4.350923e+06 1.041520e-01
4.351149e+06 1.038820e-01
4.351241e+06 1.037790e-01
4.351560e+06 1.034540e-01
4.351878e+06 1.031790e-01
4.352196e+06 1.029510e-01
4.352515e+06 1.027680e-01
4.352834e+06 1.026260e-01
4.353152e+06 1.025190e-01
4.353471e+06 1.024430e-01
4.353790e+06 1.023930e-01
4.354109e+06 1.023640e-01
4.354343e+06 1.023530e-01
4.354427e+06 1.023510e-01
4.354746e+06 1.023520e-01
4.355066e+06 1.023640e-01
4.355384e+06 1.023840e-01
4.355703e+06 1.024110e-01
4.356023e+06 1.024440e-01
4.356341e+06 1.024810e-01
4.356661e+06 1.025210e-01
4.356980e+06 1.025640e-01
4.357299e+06 1.026060e-01
4.357543e+06 1.026400e-01
4.357618e+06 1.026470e-01
4.357938e+06 1.026840e-01
4.358257e+06 1.027140e-01
4.358577e+06 1.027350e-01
4.358896e+06 1.027430e-01
4.359216e+06 1.027360e-01
4.359535e+06 1.027120e-01
4.359855e+06 1.026670e-01
4.360175e+06 1.026000e-01
4.360494e+06 1.025100e-01
4.360747e+06 1.024210e-01
4.360814e+06 1.023980e-01
4.361134e+06 1.022630e-01
4.361454e+06 1.021060e-01
4.361774e+06 1.019300e-01
4.362094e+06 1.017380e-01
4.362414e+06 1.015320e-01
4.362734e+06 1.013160e-01
4.363054e+06 1.010940e-01
4.363374e+06 1.008700e-01
4.363694e+06 1.006470e-01
4.363956e+06 1.004690e-01
4.364015e+06 1.004300e-01
4.364335e+06 1.002220e-01
4.364655e+06 1.000260e-01
4.364976e+06 9.984430e-02
4.365296e+06 9.967970e-02
4.365616e+06 9.953350e-02
4.365937e+06 9.940660e-02
4.366258e+06 9.929920e-02
4.366578e+06 9.921070e-02
4.366899e+06 9.913990e-02
4.367169e+06 9.909270e-02
4.367220e+06 9.908470e-02
4.367540e+06 9.904240e-02
4.367861e+06 9.900970e-02
4.368182e+06 9.898270e-02
4.368503e+06 9.895710e-02
4.368824e+06 9.892860e-02
4.369145e+06 9.889270e-02
4.369466e+06 9.884550e-02
4.369787e+06 9.878380e-02
4.370108e+06 9.870520e-02
4.370387e+06 9.862110e-02
4.370430e+06 9.860860e-02
4.370750e+06 9.849480e-02
4.371072e+06 9.836570e-02
4.371393e+06 9.822560e-02
4.371714e+06 9.808030e-02
4.372036e+06 9.793730e-02
4.372358e+06 9.780570e-02
4.372679e+06 9.769560e-02
4.373000e+06 9.761720e-02
4.373322e+06 9.758120e-02
4.373610e+06 9.759480e-02
4.373644e+06 9.759710e-02
4.373965e+06 9.767320e-02
4.374287e+06 9.781540e-02
4.374609e+06 9.802700e-02
4.374931e+06 9.830810e-02
4.375253e+06 9.865510e-02
4.375575e+06 9.906070e-02
4.375897e+06 9.951390e-02
4.376219e+06 1.000000e-01
4.376541e+06 1.005030e-01
4.376838e+06 1.009630e-01
4.376863e+06 1.010030e-01
4.377185e+06 1.014780e-01
4.377507e+06 1.019090e-01
4.377830e+06 1.022750e-01
4.378152e+06 1.025580e-01
4.378474e+06 1.027410e-01
4.378797e+06 1.028130e-01
4.379119e+06 1.027650e-01
4.379442e+06 1.025930e-01
4.379765e+06 1.023000e-01
4.380070e+06 1.019110e-01
4.380087e+06 1.018890e-01
4.380410e+06 1.013710e-01
4.380733e+06 1.007600e-01
4.381055e+06 1.000700e-01
4.381378e+06 9.931990e-02
4.381701e+06 9.852740e-02
4.382024e+06 9.771060e-02
4.382347e+06 9.688650e-02
4.382670e+06 9.607000e-02
4.382993e+06 9.527330e-02
4.383308e+06 9.452450e-02
4.383316e+06 9.450580e-02
4.383639e+06 9.377380e-02
4.383962e+06 9.308080e-02
4.384285e+06 9.242730e-02
4.384609e+06 9.181230e-02
4.384932e+06 9.123280e-02
4.385255e+06 9.068560e-02
4.385579e+06 9.016720e-02
4.385902e+06 8.967500e-02
4.386226e+06 8.920760e-02
4.386549e+06 8.876530e-02
4.386550e+06 8.876400e-02
4.386873e+06 8.835020e-02
4.387197e+06 8.796610e-02
4.387520e+06 8.761820e-02
4.387844e+06 8.731280e-02
4.388168e+06 8.705660e-02
4.388492e+06 8.685570e-02
4.388816e+06 8.671500e-02
4.389140e+06 8.663770e-02
4.389463e+06 8.662400e-02
4.389787e+06 8.667120e-02
4.389797e+06 8.667320e-02
4.390112e+06 8.677300e-02
4.390436e+06 8.691970e-02
4.390760e+06 8.709830e-02
4.391084e+06 8.729280e-02
4.391408e+06 8.748530e-02
4.391733e+06 8.765630e-02
4.392057e+06 8.778630e-02
4.392382e+06 8.785660e-02
4.392706e+06 8.785040e-02
4.393031e+06 8.775380e-02
4.393049e+06 8.774500e-02
4.393355e+06 8.755670e-02
4.393680e+06 8.725330e-02
4.394004e+06 8.684270e-02
4.394329e+06 8.632880e-02
4.394654e+06 8.572020e-02
4.394979e+06 8.502990e-02
4.395304e+06 8.427440e-02
4.395628e+06 8.347280e-02
4.395953e+06 8.264600e-02
4.396279e+06 8.181550e-02
4.396305e+06 8.174820e-02
4.396603e+06 8.100250e-02
4.396928e+06 8.022670e-02
4.397254e+06 7.950560e-02
4.397579e+06 7.885370e-02
4.397904e+06 7.828220e-02
4.398229e+06 7.779870e-02
4.398555e+06 7.740710e-02
4.398880e+06 7.710780e-02
4.399206e+06 7.689810e-02
4.399531e+06 7.677280e-02
4.399567e+06 7.676420e-02
4.399856e+06 7.672430e-02
4.400182e+06 7.674390e-02
4.400508e+06 7.682160e-02
4.400833e+06 7.694730e-02
4.401159e+06 7.711080e-02
4.401485e+06 7.730220e-02
4.401811e+06 7.751230e-02
4.402137e+06 7.773240e-02
4.402463e+06 7.795450e-02
4.402789e+06 7.817080e-02
4.402833e+06 7.819880e-02
4.403114e+06 7.837430e-02
4.403441e+06 7.855800e-02
4.403767e+06 7.871510e-02
4.404093e+06 7.883870e-02
4.404419e+06 7.892200e-02
4.404746e+06 7.895830e-02
4.405072e+06 7.894120e-02
4.405398e+06 7.886500e-02
4.405725e+06 7.872450e-02
4.406051e+06 7.851600e-02
4.406104e+06 7.847320e-02
4.406377e+06 7.823730e-02
4.406704e+06 7.788820e-02
4.407030e+06 7.747060e-02
4.407357e+06 7.698880e-02
4.407684e+06 7.644940e-02
4.408011e+06 7.586160e-02
4.408337e+06 7.523630e-02
4.408664e+06 7.458640e-02
4.408991e+06 7.392600e-02
4.409318e+06 7.326960e-02
4.409380e+06 7.314800e-02
4.409645e+06 7.263190e-02
4.409972e+06 7.202670e-02
4.410299e+06 7.146650e-02
4.410626e+06 7.096160e-02
4.410954e+06 7.051990e-02
4.411280e+06 7.014650e-02
4.411608e+06 6.984300e-02
4.411935e+06 6.960780e-02
4.412263e+06 6.943630e-02
4.412590e+06 6.932090e-02
4.412660e+06 6.930400e-02
4.412917e+06 6.925150e-02
4.413245e+06 6.921610e-02
4.413572e+06 6.920100e-02
4.413900e+06 6.919230e-02
4.414228e+06 6.917570e-02
4.414555e+06 6.913780e-02
4.414883e+06 6.906650e-02
4.415211e+06 6.895140e-02
4.415539e+06 6.878450e-02
4.415867e+06 6.856040e-02
4.415946e+06 6.849600e-02
4.416195e+06 6.827660e-02
4.416523e+06 6.793350e-02
4.416851e+06 6.753430e-02
4.417179e+06 6.708500e-02
4.417507e+06 6.659410e-02
4.417835e+06 6.607200e-02
4.418163e+06 6.553130e-02
4.418492e+06 6.498540e-02
4.418820e+06 6.444870e-02
4.419148e+06 6.393580e-02
4.419237e+06 6.380460e-02
4.419477e+06 6.346120e-02
4.419805e+06 6.303850e-02
4.420134e+06 6.268020e-02
4.420463e+06 6.239690e-02
4.420791e+06 6.219740e-02
4.421120e+06 6.208790e-02
4.421449e+06 6.207200e-02
4.421777e+06 6.215000e-02
4.422106e+06 6.231980e-02
4.422435e+06 6.257550e-02
4.422532e+06 6.266730e-02
4.422764e+06 6.290870e-02
4.423093e+06 6.330790e-02
4.423422e+06 6.375900e-02
4.423751e+06 6.424590e-02
4.424080e+06 6.475040e-02
4.424409e+06 6.525360e-02
4.424739e+06 6.573550e-02
4.425068e+06 6.617670e-02
4.425397e+06 6.655810e-02
4.425727e+06 6.686230e-02
4.425832e+06 6.693840e-02
4.426056e+06 6.707390e-02
4.426385e+06 6.718010e-02
4.426715e+06 6.717110e-02
4.427045e+06 6.704050e-02
4.427374e+06 6.678560e-02
4.427704e+06 6.640740e-02
4.428034e+06 6.591030e-02
4.428363e+06 6.530250e-02
4.428693e+06 6.459490e-02
4.429023e+06 6.380130e-02
4.429138e+06 6.350270e-02
4.429353e+06 6.293720e-02
4.429683e+06 6.202000e-02
4.430013e+06 6.106760e-02
4.430343e+06 6.009820e-02
4.430673e+06 5.912960e-02
4.431003e+06 5.817840e-02
4.431333e+06 5.726010e-02
4.431664e+06 5.638800e-02
4.431994e+06 5.557320e-02
4.432324e+06 5.482450e-02
4.432448e+06 5.456490e-02
4.432655e+06 5.414830e-02
4.432985e+06 5.354820e-02
4.433316e+06 5.302560e-02
4.433646e+06 5.257950e-02
4.433977e+06 5.220690e-02
4.434308e+06 5.190300e-02
4.434638e+06 5.166140e-02
4.434969e+06 5.147440e-02
4.435300e+06 5.133360e-02
4.435630e+06 5.122980e-02
4.435764e+06 5.119870e-02
4.435961e+06 5.115370e-02
4.436292e+06 5.109580e-02
4.436624e+06 5.104690e-02
4.436954e+06 5.099840e-02
4.437286e+06 5.094240e-02
4.437617e+06 5.087210e-02
4.437948e+06 5.078180e-02
4.438279e+06 5.066710e-02
4.438611e+06 5.052510e-02
4.438942e+06 5.035470e-02
4.439084e+06 5.027110e-02
4.439273e+06 5.015600e-02
4.439604e+06 4.993120e-02
4.439936e+06 4.968380e-02
4.440267e+06 4.941880e-02
4.440599e+06 4.914250e-02
4.440931e+06 4.886230e-02
4.441263e+06 4.858630e-02
4.441594e+06 4.832310e-02
4.441926e+06 4.808140e-02
4.442258e+06 4.786940e-02
4.442409e+06 4.778470e-02
4.442590e+06 4.769500e-02
4.442922e+06 4.756480e-02
4.443253e+06 4.748440e-02
4.443586e+06 4.745740e-02
4.443918e+06 4.748610e-02
4.444250e+06 4.757070e-02
4.444582e+06 4.770950e-02
4.444914e+06 4.789900e-02
4.445246e+06 4.813420e-02
4.445579e+06 4.840830e-02
4.445739e+06 4.855520e-02
4.445911e+06 4.871360e-02
4.446243e+06 4.904130e-02
4.446576e+06 4.938210e-02
4.446909e+06 4.972680e-02
4.447241e+06 5.006590e-02
4.447574e+06 5.039060e-02
4.447906e+06 5.069300e-02
4.448239e+06 5.096590e-02
4.448572e+06 5.120340e-02
4.448905e+06 5.140080e-02
4.449074e+06 5.148260e-02
4.449238e+06 5.155470e-02
4.449570e+06 5.166300e-02
4.449904e+06 5.172470e-02
4.450237e+06 5.174010e-02
4.450570e+06 5.171030e-02
4.450903e+06 5.163740e-02
4.451236e+06 5.152410e-02
4.451570e+06 5.137360e-02
4.451902e+06 5.118970e-02
4.452236e+06 5.097630e-02
4.452414e+06 5.084630e-02
4.452569e+06 5.073760e-02
4.452903e+06 5.047780e-02
4.453236e+06 5.020100e-02
4.453570e+06 4.991160e-02
4.453903e+06 4.961350e-02
4.454237e+06 4.931080e-02
4.454571e+06 4.900730e-02
4.454904e+06 4.870640e-02
4.455238e+06 4.841170e-02
4.455572e+06 4.812610e-02
4.455760e+06 4.797240e-02
4.455906e+06 4.785240e-02
4.456240e+06 4.759330e-02
4.456574e+06 4.735070e-02
4.456908e+06 4.712650e-02
4.457242e+06 4.692230e-02
4.457576e+06 4.673900e-02
4.457910e+06 4.657740e-02
4.458244e+06 4.643800e-02
4.458579e+06 4.632100e-02
4.458913e+06 4.622640e-02
4.459109e+06 4.618540e-02
4.459247e+06 4.615370e-02
4.459582e+06 4.610250e-02
4.459916e+06 4.607210e-02
4.460251e+06 4.606160e-02
4.460585e+06 4.606990e-02
4.460920e+06 4.609590e-02
4.461255e+06 4.613800e-02
4.461589e+06 4.619440e-02
4.461924e+06 4.626310e-02
4.462259e+06 4.634180e-02
4.462464e+06 4.639360e-02
4.462594e+06 4.642780e-02
4.462929e+06 4.651820e-02
4.463264e+06 4.660970e-02
4.463599e+06 4.669900e-02
4.463934e+06 4.678240e-02
4.464269e+06 4.685650e-02
4.464604e+06 4.691810e-02
4.464940e+06 4.696410e-02
4.465275e+06 4.699240e-02
4.465610e+06 4.700110e-02
4.465825e+06 4.699340e-02
4.465945e+06 4.698960e-02
4.466281e+06 4.695800e-02
4.466617e+06 4.690780e-02
4.466952e+06 4.684130e-02
4.467287e+06 4.676200e-02
4.467623e+06 4.667440e-02
4.467959e+06 4.658370e-02
4.468294e+06 4.649540e-02
4.468630e+06 4.641560e-02
4.468966e+06 4.634990e-02
4.469190e+06 4.631700e-02
4.469302e+06 4.630380e-02
4.469638e+06 4.628170e-02
4.469974e+06 4.628690e-02
4.470310e+06 4.632130e-02
4.470646e+06 4.638510e-02
4.470982e+06 4.647700e-02
4.471318e+06 4.659350e-02
4.471655e+06 4.672990e-02
4.471991e+06 4.687940e-02
4.472327e+06 4.703440e-02
4.472561e+06 4.713810e-02
4.472664e+06 4.718610e-02
4.473000e+06 4.732550e-02
4.473336e+06 4.744330e-02
4.473673e+06 4.753090e-02
4.474010e+06 4.758030e-02
4.474346e+06 4.758510e-02
4.474683e+06 4.754040e-02
4.475020e+06 4.744350e-02
4.475356e+06 4.729350e-02
4.475693e+06 4.709200e-02
4.475936e+06 4.691520e-02
4.476030e+06 4.684260e-02
4.476367e+06 4.655060e-02
4.476704e+06 4.622360e-02
4.477041e+06 4.587000e-02
4.477379e+06 4.549940e-02
4.477715e+06 4.512190e-02
4.478053e+06 4.474750e-02
4.478390e+06 4.438600e-02
4.478727e+06 4.404610e-02
4.479065e+06 4.373550e-02
4.479317e+06 4.352840e-02
4.479402e+06 4.346030e-02
4.479739e+06 4.322510e-02
4.480077e+06 4.303260e-02
4.480415e+06 4.288380e-02
4.480752e+06 4.277810e-02
4.481090e+06 4.271330e-02
4.481428e+06 4.268600e-02
4.481765e+06 4.269190e-02
4.482103e+06 4.272590e-02
4.482441e+06 4.278280e-02
4.482703e+06 4.284100e-02
4.482779e+06 4.285720e-02
4.483117e+06 4.294390e-02
4.483455e+06 4.303850e-02
4.483793e+06 4.313700e-02
4.484131e+06 4.323610e-02
4.484469e+06 4.333360e-02
4.484808e+06 4.342790e-02
4.485146e+06 4.351810e-02
4.485484e+06 4.360390e-02
4.485822e+06 4.368540e-02
4.486093e+06 4.374640e-02
4.486161e+06 4.376290e-02
4.486499e+06 4.383660e-02
4.486838e+06 4.390650e-02
4.487177e+06 4.397260e-02
4.487515e+06 4.403380e-02
4.487854e+06 4.408920e-02
4.488193e+06 4.413670e-02
4.488531e+06 4.417410e-02
4.488870e+06 4.419860e-02
4.489209e+06 4.420730e-02
4.489489e+06 4.419790e-02
4.489548e+06 4.419710e-02
4.489887e+06 4.416510e-02
4.490226e+06 4.410890e-02
4.490565e+06 4.402650e-02
4.490904e+06 4.391680e-02
4.491243e+06 4.377960e-02
4.491582e+06 4.361590e-02
4.491922e+06 4.342770e-02
4.492261e+06 4.321810e-02
4.492601e+06 4.299120e-02
4.492891e+06 4.278760e-02
4.492940e+06 4.275170e-02
4.493280e+06 4.250530e-02
4.493619e+06 4.225760e-02
4.493959e+06 4.201440e-02
4.494298e+06 4.178110e-02
4.494638e+06 4.156250e-02
4.494978e+06 4.136240e-02
4.495318e+06 4.118340e-02
4.495658e+06 4.102670e-02
4.495997e+06 4.089220e-02
4.496297e+06 4.079110e-02
4.496337e+06 4.077830e-02
4.496677e+06 4.068170e-02
4.497018e+06 4.059830e-02
4.497357e+06 4.052270e-02
4.497698e+06 4.044890e-02
4.498038e+06 4.037080e-02
4.498378e+06 4.028190e-02
4.498719e+06 4.017670e-02
4.499059e+06 4.005010e-02
4.499399e+06 3.989840e-02
4.499708e+06 3.973600e-02
4.499740e+06 3.971900e-02
4.500080e+06 3.951130e-02
4.500421e+06 3.927590e-02
4.500762e+06 3.901530e-02
4.501102e+06 3.873360e-02
4.501443e+06 3.843610e-02
4.501784e+06 3.812930e-02
4.502125e+06 3.782030e-02
4.502466e+06 3.751690e-02
4.502806e+06 3.722680e-02
4.503125e+06 3.697480e-02
4.503147e+06 3.695770e-02
4.503489e+06 3.671630e-02
4.503830e+06 3.650880e-02
4.504171e+06 3.634020e-02
4.504512e+06 3.621450e-02
4.504853e+06 3.613430e-02
4.505194e+06 3.610100e-02
4.505536e+06 3.611470e-02
4.505877e+06 3.617480e-02
4.506219e+06 3.627920e-02
4.506547e+06 3.641950e-02
4.506560e+06 3.642560e-02
4.506902e+06 3.661080e-02
4.507243e+06 3.683100e-02
4.507585e+06 3.708230e-02
4.507927e+06 3.736030e-02
4.508268e+06 3.766060e-02
4.508610e+06 3.797830e-02
4.508953e+06 3.830830e-02
4.509294e+06 3.864550e-02
4.509636e+06 3.898410e-02
4.509974e+06 3.931400e-02
4.509978e+06 3.931820e-02
4.510320e+06 3.964160e-02
4.510662e+06 3.994750e-02
4.511005e+06 4.022930e-02
4.511347e+06 4.048000e-02
4.511689e+06 4.069280e-02
4.512031e+06 4.086130e-02
4.512374e+06 4.097970e-02
4.512716e+06 4.104290e-02
4.513059e+06 4.104730e-02
4.513401e+06 4.099050e-02
4.513406e+06 4.098910e-02
4.513744e+06 4.087170e-02
4.514087e+06 4.069230e-02
4.514429e+06 4.045510e-02
4.514772e+06 4.016510e-02
4.515115e+06 3.982910e-02
4.515458e+06 3.945530e-02
4.515801e+06 3.905330e-02
4.516144e+06 3.863350e-02
4.516487e+06 3.820660e-02
4.516830e+06 3.778370e-02
4.516843e+06 3.776660e-02
4.517173e+06 3.737500e-02
4.517516e+06 3.698980e-02
4.517859e+06 3.663620e-02
4.518202e+06 3.632040e-02
4.518546e+06 3.604680e-02
4.518889e+06 3.581750e-02
4.519233e+06 3.563280e-02
4.519576e+06 3.549060e-02
4.519920e+06 3.538720e-02
4.520263e+06 3.531730e-02
4.520286e+06 3.531400e-02
4.520607e+06 3.527460e-02
4.520951e+06 3.525160e-02
4.521294e+06 3.524090e-02
4.521638e+06 3.523490e-02
4.521982e+06 3.522650e-02
4.522326e+06 3.520960e-02
4.522670e+06 3.517900e-02
4.523014e+06 3.513070e-02
4.523358e+06 3.506230e-02
4.523702e+06 3.497250e-02
4.523734e+06 3.496220e-02
4.524046e+06 3.486170e-02
4.524390e+06 3.473110e-02
4.524735e+06 3.458320e-02
4.525079e+06 3.442100e-02
4.525423e+06 3.424820e-02
4.525767e+06 3.406880e-02
4.526112e+06 3.388690e-02
4.526457e+06 3.370620e-02
4.526801e+06 3.353050e-02
4.527146e+06 3.336280e-02
4.527187e+06 3.334320e-02
4.527491e+06 3.320590e-02
4.527835e+06 3.306190e-02
4.528180e+06 3.293260e-02
4.528525e+06 3.281900e-02
4.528870e+06 3.272200e-02
4.529215e+06 3.264200e-02
4.529560e+06 3.257910e-02
4.529905e+06 3.253300e-02
4.530250e+06 3.250350e-02
4.530595e+06 3.248990e-02
4.530646e+06 3.248950e-02
4.530940e+06 3.249140e-02
4.531286e+06 3.250710e-02
4.531631e+06 3.253550e-02
4.531976e+06 3.257510e-02
4.532322e+06 3.262420e-02
4.532667e+06 3.268030e-02
4.533013e+06 3.274100e-02
4.533359e+06 3.280330e-02
4.533704e+06 3.286400e-02
4.534050e+06 3.291970e-02
4.534110e+06 3.292810e-02
4.534396e+06 3.296660e-02
4.534741e+06 3.300120e-02
4.535087e+06 3.301970e-02
4.535433e+06 3.301890e-02
4.535779e+06 3.299570e-02
4.536125e+06 3.294750e-02
4.536471e+06 3.287240e-02
4.536817e+06 3.276900e-02
4.537163e+06 3.263700e-02
4.537510e+06 3.247660e-02
4.537579e+06 3.244070e-02
4.537856e+06 3.228910e-02
4.538202e+06 3.207640e-02
4.538549e+06 3.184150e-02
4.538895e+06 3.158770e-02
4.539241e+06 3.131910e-02
4.539588e+06 3.104030e-02
4.539935e+06 3.075600e-02
4.540281e+06 3.047110e-02
4.540628e+06 3.019060e-02
4.540975e+06 2.991890e-02
4.541053e+06 2.985950e-02
4.541321e+06 2.966030e-02
4.541668e+06 2.941830e-02
4.542015e+06 2.919580e-02
4.542362e+06 2.899490e-02
4.542709e+06 2.881650e-02
4.543056e+06 2.866070e-02
4.543403e+06 2.852640e-02
4.543750e+06 2.841160e-02
4.544098e+06 2.831310e-02
4.544445e+06 2.822720e-02
4.544533e+06 2.820660e-02
4.544792e+06 2.814910e-02
4.545140e+06 2.807370e-02
4.545487e+06 2.799540e-02
4.545835e+06 2.790890e-02
4.546182e+06 2.780870e-02
4.546530e+06 2.769000e-02
4.546877e+06 2.754880e-02
4.547225e+06 2.738180e-02
4.547573e+06 2.718710e-02
4.547921e+06 2.696410e-02
4.548018e+06 2.689540e-02
4.548268e+06 2.671370e-02
4.548616e+06 2.643800e-02
4.548964e+06 2.614060e-02
4.549312e+06 2.582660e-02
4.549660e+06 2.550190e-02
4.550009e+06 2.517330e-02
4.550357e+06 2.484820e-02
4.550705e+06 2.453430e-02
4.551053e+06 2.423910e-02
4.551402e+06 2.396970e-02
4.551509e+06 2.389460e-02
4.551750e+06 2.373240e-02
4.552099e+06 2.353280e-02
4.552447e+06 2.337510e-02
4.552796e+06 2.326210e-02
4.553144e+06 2.319570e-02
4.553493e+06 2.317610e-02
4.553841e+06 2.320230e-02
4.554190e+06 2.327240e-02
4.554539e+06 2.338340e-02
4.554888e+06 2.353190e-02
4.555004e+06 2.358830e-02
4.555237e+06 2.371370e-02
4.555586e+06 2.392460e-02
4.555935e+06 2.416040e-02
4.556284e+06 2.441690e-02
4.556633e+06 2.469000e-02
4.556982e+06 2.497610e-02
4.557332e+06 2.527160e-02
4.557681e+06 2.557330e-02
4.558030e+06 2.587790e-02
4.558380e+06 2.618190e-02
4.558506e+06 2.628970e-02
4.562012e+06 2.825940e-02
4.565524e+06 2.554620e-02
4.569041e+06 2.264290e-02
4.572564e+06 2.424520e-02
4.576092e+06 2.705860e-02
4.579626e+06 2.702380e-02
4.583165e+06 2.576690e-02
4.586710e+06 2.657000e-02
4.590260e+06 2.539290e-02
4.593815e+06 2.403450e-02
4.597377e+06 2.493180e-02
4.600943e+06 2.545150e-02
4.604515e+06 2.516630e-02
4.608093e+06 2.420820e-02
4.611676e+06 2.299820e-02
4.615265e+06 1.963580e-02
4.618860e+06 1.848720e-02
4.622459e+06 2.133650e-02
4.626065e+06 2.182020e-02
4.629677e+06 2.060180e-02
4.633293e+06 1.706960e-02
4.636916e+06 1.548800e-02
4.640544e+06 1.478880e-02
4.644178e+06 1.391500e-02
4.647818e+06 1.443470e-02
4.651463e+06 1.478430e-02
4.655114e+06 1.570130e-02
4.658771e+06 1.586530e-02
4.662434e+06 1.480320e-02
4.666102e+06 1.278550e-02
4.669776e+06 1.211400e-02
4.673456e+06 1.354670e-02
4.677142e+06 1.349810e-02
4.680833e+06 1.330290e-02
4.684530e+06 1.485830e-02
4.688234e+06 1.502350e-02
4.691943e+06 1.456510e-02
4.695658e+06 1.239180e-02
4.699378e+06 1.112600e-02
4.703105e+06 1.164530e-02
4.706838e+06 1.139250e-02
4.710576e+06 1.140090e-02
4.714321e+06 1.133500e-02
4.718072e+06 9.995950e-03
4.721828e+06 9.595870e-03
4.725590e+06 1.080380e-02
4.729359e+06 1.069560e-02
4.733133e+06 1.020970e-02
4.736913e+06 9.502390e-03
4.740700e+06 9.225530e-03
4.744492e+06 1.012760e-02
4.748291e+06 1.065830e-02
4.752096e+06 9.016730e-03
4.755907e+06 8.902140e-03
4.759724e+06 7.682670e-03
4.763547e+06 6.614850e-03
4.767376e+06 7.656760e-03
4.771211e+06 8.191400e-03
4.775053e+06 7.803380e-03
4.778900e+06 7.527110e-03
4.782755e+06 8.762710e-03
4.786615e+06 8.562930e-03
4.790481e+06 6.393450e-03
4.794354e+06 5.372380e-03
4.798233e+06 6.367780e-03
4.802118e+06 7.206660e-03
4.806010e+06 7.338180e-03
4.809907e+06 7.617930e-03
4.813811e+06 7.117260e-03
4.817722e+06 6.407420e-03
4.821638e+06 5.054700e-03
4.825562e+06 5.491400e-03
4.829491e+06 6.733960e-03
4.833428e+06 6.989750e-03
4.837370e+06 7.271690e-03
4.841319e+06 7.402200e-03
4.845274e+06 6.758920e-03
4.849236e+06 5.587080e-03
4.853204e+06 5.401040e-03
4.857179e+06 4.964860e-03
4.861160e+06 4.886110e-03
4.865148e+06 4.783570e-03
4.869143e+06 4.637900e-03
4.873143e+06 3.978070e-03
4.877151e+06 3.126400e-03
4.881165e+06 4.217470e-03
4.885186e+06 4.682640e-03
4.889213e+06 4.495370e-03
4.893247e+06 4.472460e-03
4.897288e+06 3.385080e-03
4.901335e+06 3.392400e-03
4.905389e+06 3.870020e-03
4.909450e+06 4.464910e-03
4.913518e+06 4.858360e-03
4.917592e+06 4.063930e-03
4.921673e+06 2.937120e-03
4.925760e+06 3.770410e-03
4.929855e+06 4.559670e-03
4.933957e+06 3.042820e-03
4.938065e+06 3.249320e-03
4.942179e+06 3.099220e-03
4.946302e+06 3.235350e-03
4.950430e+06 2.642370e-03
4.954566e+06 2.577690e-03
4.958709e+06 2.546390e-03
4.962858e+06 3.072240e-03
4.967015e+06 4.052480e-03
4.971178e+06 4.532830e-03
4.975349e+06 3.997250e-03
4.979526e+06 4.079320e-03
4.983711e+06 2.853340e-03
4.987902e+06 2.527720e-03
4.992101e+06 2.703740e-03
4.996306e+06 2.577780e-03
5.000519e+06 1.152970e-03
5.004739e+06 6.970660e-04
5.008966e+06 1.533950e-03
5.013200e+06 1.758120e-03
5.017441e+06 3.305280e-03
5.021690e+06 2.108560e-03
5.025946e+06 1.386920e-03
5.030208e+06 1.170490e-03
5.034478e+06 1.702100e-03
5.038756e+06 2.345420e-03
5.043040e+06 2.520790e-03
5.047332e+06 3.121350e-03
5.051632e+06 2.694220e-03
5.055938e+06 2.360940e-03
5.060252e+06 1.727330e-03
5.064574e+06 2.480400e-03
5.068902e+06 2.119930e-03
5.073239e+06 1.510490e-03
5.077582e+06 1.681210e-03
5.081933e+06 1.646670e-03
5.086291e+06 9.077650e-04
5.090657e+06 6.230640e-04
5.095030e+06 1.329410e-03
5.099412e+06 1.907040e-03
5.103800e+06 2.391410e-03
5.108196e+06 2.473090e-03
5.112600e+06 2.135700e-03
5.117011e+06 1.030290e-03
5.121430e+06 1.222320e-03
5.125856e+06 1.646230e-03
5.130290e+06 1.867890e-03
5.134732e+06 1.697710e-03
5.139182e+06 1.168480e-03
5.143639e+06 7.870920e-04
5.148104e+06 1.622700e-03
5.152577e+06 2.231290e-03
5.157057e+06 1.743140e-03
5.161545e+06 1.510850e-03
5.166041e+06 1.064990e-03
5.170546e+06 1.357550e-03
5.175057e+06 8.846370e-04
5.179577e+06 1.183470e-03
5.184105e+06 1.489450e-03
5.188640e+06 1.524850e-03
5.193184e+06 1.269050e-03
5.197735e+06 8.171320e-04
5.202294e+06 5.446130e-04
5.206862e+06 1.001040e-03
5.211437e+06 1.391590e-03
5.216021e+06 1.559370e-03
5.220613e+06 1.519380e-03
5.225212e+06 1.057110e-03
5.229819e+06 9.700010e-04
5.234436e+06 1.016230e-03
5.239060e+06 9.202290e-04
5.243692e+06 9.211810e-04
5.248333e+06 1.151000e-03
5.252981e+06 9.643310e-04
5.257638e+06 1.583920e-03
5.262303e+06 1.711180e-03
5.266976e+06 1.373300e-03
5.271659e+06 1.173310e-03
5.276348e+06 1.899240e-03
5.281047e+06 1.100660e-03
5.285754e+06 7.880090e-04
5.290469e+06 8.141900e-04
5.295192e+06 1.090280e-03
5.299925e+06 9.733370e-04
5.304665e+06 6.199780e-04
5.309414e+06 1.303860e-03
5.314172e+06 1.312310e-03
5.318938e+06 1.361550e-03
5.323713e+06 7.304610e-04
5.328496e+06 1.382840e-03
5.333287e+06 1.684480e-03
5.338088e+06 1.737630e-03
5.342897e+06 1.412040e-03
5.347715e+06 7.270820e-04
5.352541e+06 6.311200e-04
5.357376e+06 7.019730e-04
5.362221e+06 8.350590e-04
5.367073e+06 1.051000e-03
5.371934e+06 1.248550e-03
5.376805e+06 1.266610e-03
5.381684e+06 9.706530e-04
5.386572e+06 1.435180e-03
5.391469e+06 9.111540e-04
5.396374e+06 1.091530e-03
5.401289e+06 1.104080e-03
5.406213e+06 9.068160e-04
5.411146e+06 7.566030e-04
5.416088e+06 5.591710e-04
5.421038e+06 9.627010e-04
5.425998e+06 6.043220e-04
5.430967e+06 5.128380e-04
5.435945e+06 7.502130e-04
5.440931e+06 5.366870e-04
